{"type":"FeatureCollection","features":[{"type":"Feature","id":"relation/3819864","properties":{"PARK_NAME":"Keilor Park Recreational Reserve and Botanic Gardens"},"geometry":{"type":"Polygon","coordinates":[[[144.8512,-37.7132],[144.8473,-37.7127],[144.8469,-37.7177],[144.8537,-37.7184],[144.8565,-37.7172],[144.8575,-37.7165],[144.8582,-37.7158],[144.8588,-37.7148],[144.8589,-37.7131],[144.8591,-37.713],[144.8592,-37.7124],[144.8565,-37.7121],[144.8561,-37.7117],[144.8535,-37.7108],[144.8535,-37.7112],[144.8555,-37.7118],[144.8554,-37.712],[144.8545,-37.7119],[144.8544,-37.7124],[144.8552,-37.7126],[144.8551,-37.7132],[144.8548,-37.7132],[144.8547,-37.7138],[144.8512,-37.7134],[144.8512,-37.7132]]]}},{"type":"Feature","id":"relation/9249748","properties":{"PARK_NAME":"Point Cook Coastal Park"},"geometry":{"type":"MultiPolygon","coordinates":[[[[144.78,-37.8991],[144.7806,-37.9004],[144.7806,-37.9015],[144.7801,-37.9021],[144.7784,-37.9032],[144.7788,-37.9044],[144.7806,-37.9042],[144.7797,-37.9093],[144.7845,-37.9098],[144.7909,-37.9124],[144.7874,-37.9186],[144.7691,-37.9166],[144.7663,-37.9334],[144.7673,-37.9326],[144.7703,-37.9309],[144.7711,-37.9303],[144.7751,-37.9289],[144.7797,-37.9278],[144.7847,-37.9275],[144.7878,-37.9278],[144.789,-37.9277],[144.7914,-37.9277],[144.793,-37.9273],[144.7939,-37.9268],[144.795,-37.9256],[144.7951,-37.9251],[144.7957,-37.9241],[144.7969,-37.9234],[144.7991,-37.9231],[144.7987,-37.9215],[144.7977,-37.92],[144.7974,-37.9191],[144.7976,-37.9186],[144.7975,-37.9183],[144.7977,-37.9181],[144.7975,-37.9179],[144.7975,-37.9173],[144.7978,-37.9154],[144.7975,-37.914],[144.7972,-37.9111],[144.7976,-37.9096],[144.7969,-37.9087],[144.7974,-37.9095],[144.7976,-37.9094],[144.7976,-37.9088],[144.7981,-37.9077],[144.7979,-37.9072],[144.7983,-37.9058],[144.8015,-37.9008],[144.8015,-37.9006],[144.8013,-37.9001],[144.8019,-37.8988],[144.802,-37.8979],[144.803,-37.8965],[144.8034,-37.8957],[144.8041,-37.8946],[144.804,-37.8944],[144.8035,-37.895],[144.803,-37.895],[144.8022,-37.8956],[144.801,-37.897],[144.8008,-37.8977],[144.8008,-37.8986],[144.8004,-37.8992],[144.7998,-37.9022],[144.7996,-37.9021],[144.7996,-37.9014],[144.7994,-37.9008],[144.7991,-37.9007],[144.7991,-37.9019],[144.7989,-37.9024],[144.7991,-37.9032],[144.7989,-37.9034],[144.7983,-37.9034],[144.7979,-37.9022],[144.7981,-37.9013],[144.7988,-37.9],[144.7989,-37.8992],[144.7969,-37.8997],[144.7921,-37.8987],[144.7894,-37.8988],[144.7889,-37.8989],[144.786,-37.9006],[144.7855,-37.9003],[144.7861,-37.9004],[144.787,-37.8999],[144.7861,-37.9001],[144.7826,-37.8999],[144.7814,-37.8995],[144.7803,-37.8989],[144.78,-37.8991]]],[[[144.7754,-37.9171],[144.7758,-37.9149],[144.7702,-37.9143],[144.7698,-37.9165],[144.7754,-37.9171]]],[[[144.7675,-37.925],[144.7689,-37.9166],[144.762,-37.9159],[144.7615,-37.9184],[144.7506,-37.9172],[144.7496,-37.9231],[144.7675,-37.925]]],[[[144.7876,-37.8884],[144.7872,-37.8898],[144.7886,-37.8907],[144.7888,-37.8913],[144.7874,-37.8923],[144.7861,-37.8929],[144.7838,-37.8944],[144.7826,-37.8969],[144.7811,-37.8968],[144.781,-37.8973],[144.7811,-37.8978],[144.7809,-37.8986],[144.781,-37.899],[144.7823,-37.8996],[144.7843,-37.8999],[144.7864,-37.8999],[144.7891,-37.8987],[144.7917,-37.8984],[144.7935,-37.8987],[144.7967,-37.8995],[144.7976,-37.8994],[144.7997,-37.8987],[144.7999,-37.8981],[144.7997,-37.8974],[144.7998,-37.897],[144.8006,-37.8961],[144.8012,-37.895],[144.802,-37.8946],[144.8027,-37.8946],[144.8038,-37.8938],[144.8046,-37.8929],[144.7919,-37.8915],[144.7924,-37.8888],[144.7876,-37.8884]]]]}},{"type":"Feature","id":"relation/9249751","properties":{"PARK_NAME":"Point Cook Coastal Park (COM)"},"geometry":{"type":"Polygon","coordinates":[[[144.7675,-37.925],[144.766,-37.9336],[144.7663,-37.9334],[144.7691,-37.9166],[144.7689,-37.9166],[144.7675,-37.925]]]}},{"type":"Feature","id":"relation/9254922","properties":{"PARK_NAME":"Merri Creek Park"},"geometry":{"type":"MultiPolygon","coordinates":[[[[144.976,-37.6705],[144.977,-37.6698],[144.9764,-37.6698],[144.9765,-37.6693],[144.977,-37.6693],[144.9773,-37.6691],[144.9797,-37.6694],[144.9804,-37.6692],[144.9807,-37.6686],[144.9808,-37.668],[144.981,-37.6682],[144.9814,-37.6662],[144.9759,-37.6656],[144.9766,-37.6673],[144.9753,-37.6685],[144.9749,-37.6692],[144.9749,-37.6697],[144.976,-37.6705]]],[[[144.983,-37.6828],[144.9831,-37.6825],[144.9836,-37.6824],[144.9842,-37.682],[144.9838,-37.6775],[144.9841,-37.6776],[144.9841,-37.6772],[144.9835,-37.6756],[144.9817,-37.6723],[144.9811,-37.6704],[144.9773,-37.6699],[144.9761,-37.6707],[144.9763,-37.6712],[144.9768,-37.6716],[144.9769,-37.672],[144.9777,-37.672],[144.9781,-37.6722],[144.9788,-37.6726],[144.9792,-37.6734],[144.9824,-37.6754],[144.9827,-37.677],[144.9813,-37.68],[144.9758,-37.6818],[144.9752,-37.6818],[144.975,-37.682],[144.983,-37.6828]]],[[[144.9733,-37.6612],[144.9712,-37.661],[144.9724,-37.6621],[144.9733,-37.6612]]],[[[144.9843,-37.6701],[144.9831,-37.6698],[144.9822,-37.6692],[144.9822,-37.6698],[144.9843,-37.6701]]],[[[144.9856,-37.6777],[144.9853,-37.6759],[144.9833,-37.6709],[144.9834,-37.6706],[144.9822,-37.6705],[144.9834,-37.6733],[144.9856,-37.6777]]]]}},{"type":"Feature","id":"relation/9257029","properties":{"PARK_NAME":"Edithvale-Seaford Wetlands"},"geometry":{"type":"MultiPolygon","coordinates":[[[[145.1281,-38.0304],[145.1232,-38.0339],[145.1261,-38.0397],[145.1297,-38.0462],[145.1306,-38.0464],[145.1304,-38.046],[145.1307,-38.0459],[145.1296,-38.0439],[145.1297,-38.0433],[145.1302,-38.0432],[145.1301,-38.043],[145.1297,-38.0431],[145.1294,-38.0416],[145.1291,-38.0409],[145.1312,-38.0402],[145.1311,-38.0386],[145.1302,-38.0362],[145.1298,-38.0356],[145.1313,-38.035],[145.1299,-38.0327],[145.1304,-38.0325],[145.1301,-38.0319],[145.1301,-38.0315],[145.1296,-38.0314],[145.1293,-38.0316],[145.1281,-38.0304]]],[[[145.1186,-38.0295],[145.1233,-38.0336],[145.1278,-38.0304],[145.1273,-38.03],[145.1274,-38.0291],[145.127,-38.0285],[145.1265,-38.0284],[145.1242,-38.0265],[145.1228,-38.0257],[145.1202,-38.0253],[145.117,-38.0275],[145.1167,-38.028],[145.1184,-38.0296],[145.1186,-38.0295]]]]}},{"type":"Feature","id":"relation/9257210","properties":{"PARK_NAME":"Maribyrnong Valley Parklands"},"geometry":{"type":"MultiPolygon","coordinates":[[[[144.8298,-37.7266],[144.8301,-37.7247],[144.8315,-37.7244],[144.8323,-37.7247],[144.832,-37.7251],[144.8327,-37.7254],[144.8336,-37.7254],[144.8347,-37.726],[144.8349,-37.7259],[144.8358,-37.7264],[144.836,-37.7262],[144.8363,-37.7261],[144.8358,-37.7258],[144.8354,-37.7252],[144.8347,-37.7246],[144.8332,-37.7237],[144.8335,-37.7234],[144.8321,-37.7232],[144.8299,-37.7234],[144.8292,-37.7246],[144.8272,-37.7243],[144.8272,-37.725],[144.8289,-37.7266],[144.8298,-37.7266]]],[[[144.8262,-37.7265],[144.8276,-37.7262],[144.8268,-37.7254],[144.8263,-37.7258],[144.8262,-37.7265]]],[[[144.826,-37.7266],[144.8262,-37.7259],[144.8255,-37.7265],[144.826,-37.7266]]],[[[144.8449,-37.7268],[144.8451,-37.7258],[144.8429,-37.7259],[144.8406,-37.7254],[144.8399,-37.7244],[144.8389,-37.7248],[144.8386,-37.7252],[144.8386,-37.7258],[144.8383,-37.7264],[144.8384,-37.7266],[144.8404,-37.7273],[144.8416,-37.7275],[144.8434,-37.7274],[144.844,-37.7268],[144.8449,-37.7268]]],[[[144.8257,-37.7281],[144.8259,-37.7272],[144.8242,-37.7268],[144.8229,-37.727],[144.8247,-37.7275],[144.8257,-37.7281]]],[[[144.8373,-37.7273],[144.8369,-37.7277],[144.8416,-37.7287],[144.8415,-37.7285],[144.8392,-37.728],[144.8374,-37.7271],[144.8373,-37.7273]]],[[[144.8417,-37.7276],[144.8418,-37.7288],[144.8421,-37.7289],[144.8421,-37.7299],[144.8429,-37.7326],[144.8458,-37.7338],[144.8468,-37.7338],[144.8477,-37.7334],[144.8482,-37.7325],[144.8479,-37.7302],[144.8477,-37.7288],[144.847,-37.728],[144.8464,-37.7276],[144.8448,-37.7269],[144.8439,-37.7271],[144.8437,-37.7273],[144.8433,-37.7275],[144.8417,-37.7276]]],[[[144.8288,-37.7322],[144.8293,-37.7319],[144.8295,-37.7316],[144.8295,-37.731],[144.8298,-37.7305],[144.8298,-37.7299],[144.8303,-37.7287],[144.8301,-37.7285],[144.8298,-37.729],[144.8292,-37.7293],[144.8294,-37.7289],[144.83,-37.7284],[144.8301,-37.7281],[144.8303,-37.7281],[144.8303,-37.727],[144.8278,-37.7269],[144.8273,-37.7271],[144.826,-37.7272],[144.8258,-37.7282],[144.8262,-37.7286],[144.827,-37.7299],[144.8262,-37.7309],[144.8266,-37.7309],[144.8285,-37.7322],[144.8288,-37.7322]]],[[[144.8486,-37.7348],[144.8481,-37.7345],[144.8464,-37.7343],[144.8465,-37.7339],[144.8454,-37.7337],[144.8427,-37.7326],[144.8419,-37.7299],[144.8418,-37.7289],[144.8403,-37.7287],[144.8377,-37.728],[144.8368,-37.728],[144.8363,-37.7276],[144.836,-37.727],[144.8342,-37.7259],[144.8334,-37.7256],[144.8323,-37.7255],[144.8314,-37.7249],[144.831,-37.7249],[144.8306,-37.7253],[144.8303,-37.7283],[144.8304,-37.7288],[144.8299,-37.73],[144.8299,-37.7305],[144.8296,-37.7311],[144.8297,-37.7315],[144.8294,-37.732],[144.8288,-37.7323],[144.8288,-37.7327],[144.8298,-37.7341],[144.8306,-37.7346],[144.8334,-37.7348],[144.8352,-37.7345],[144.8356,-37.7343],[144.8361,-37.7342],[144.8366,-37.7343],[144.8373,-37.735],[144.8375,-37.7355],[144.8371,-37.7368],[144.8349,-37.7385],[144.8342,-37.7386],[144.8338,-37.7389],[144.8331,-37.7399],[144.833,-37.7401],[144.8332,-37.7404],[144.833,-37.7409],[144.8335,-37.7414],[144.8341,-37.7416],[144.8371,-37.7413],[144.8382,-37.7423],[144.8388,-37.7432],[144.8388,-37.7443],[144.839,-37.7458],[144.8405,-37.7451],[144.8418,-37.7441],[144.8468,-37.7416],[144.8491,-37.7397],[144.8467,-37.7396],[144.8435,-37.7404],[144.8421,-37.7393],[144.8461,-37.7362],[144.8487,-37.7357],[144.849,-37.7351],[144.8486,-37.7348]]],[[[144.8454,-37.7258],[144.8453,-37.7264],[144.8466,-37.7271],[144.8482,-37.7284],[144.8487,-37.7326],[144.8483,-37.7336],[144.8498,-37.7338],[144.8504,-37.7332],[144.8508,-37.7305],[144.8505,-37.7295],[144.8493,-37.7278],[144.8491,-37.727],[144.8475,-37.7264],[144.8475,-37.7262],[144.8461,-37.7258],[144.8454,-37.7258]]],[[[144.8324,-37.7364],[144.8345,-37.7353],[144.8311,-37.7353],[144.8291,-37.7342],[144.8282,-37.7324],[144.8286,-37.7325],[144.8287,-37.7324],[144.8266,-37.7311],[144.8263,-37.731],[144.8266,-37.7323],[144.8274,-37.734],[144.8295,-37.7356],[144.8323,-37.7363],[144.8324,-37.7364]]],[[[144.8373,-37.7353],[144.8361,-37.7352],[144.8328,-37.7369],[144.8321,-37.738],[144.8314,-37.7386],[144.8297,-37.7396],[144.8275,-37.7397],[144.827,-37.7394],[144.8278,-37.74],[144.83,-37.7404],[144.832,-37.7399],[144.8329,-37.7399],[144.833,-37.7396],[144.8338,-37.7388],[144.8348,-37.7384],[144.837,-37.7368],[144.8374,-37.7355],[144.8373,-37.7353]]],[[[144.8479,-37.7452],[144.8524,-37.7403],[144.8506,-37.7402],[144.8486,-37.7421],[144.8431,-37.745],[144.8413,-37.7455],[144.8393,-37.7466],[144.8394,-37.7469],[144.8401,-37.7474],[144.841,-37.7474],[144.8447,-37.7465],[144.8453,-37.7466],[144.8453,-37.7469],[144.8459,-37.7472],[144.8479,-37.7452]]]]}},{"type":"Feature","id":"relation/9278302","properties":{"PARK_NAME":"Karkarook Park"},"geometry":{"type":"Polygon","coordinates":[[[145.0797,-37.9397],[145.0829,-37.9401],[145.0827,-37.9415],[145.0794,-37.9411],[145.0789,-37.9436],[145.079,-37.9445],[145.0843,-37.9453],[145.0846,-37.9438],[145.0875,-37.9441],[145.0883,-37.9401],[145.0858,-37.9396],[145.0858,-37.9398],[145.0816,-37.9394],[145.0797,-37.9393],[145.0797,-37.9397]]]}},{"type":"Feature","id":"relation/9278364","properties":{"PARK_NAME":"Plenty Gorge Park"},"geometry":{"type":"MultiPolygon","coordinates":[[[[145.1188,-37.6144],[145.1144,-37.6135],[145.1142,-37.6144],[145.1141,-37.6145],[145.1087,-37.6121],[145.1076,-37.6121],[145.1067,-37.6119],[145.1059,-37.6108],[145.1059,-37.6094],[145.1054,-37.6093],[145.1061,-37.6051],[145.1082,-37.6023],[145.1074,-37.6022],[145.1066,-37.604],[145.1058,-37.6052],[145.1045,-37.6066],[145.1017,-37.6088],[145.1009,-37.6099],[145.1003,-37.6112],[145.1029,-37.6148],[145.1038,-37.6144],[145.1038,-37.6138],[145.1026,-37.6138],[145.1014,-37.612],[145.1041,-37.6123],[145.1044,-37.6126],[145.1054,-37.6127],[145.1054,-37.6129],[145.1057,-37.6129],[145.106,-37.6132],[145.1059,-37.6135],[145.106,-37.6139],[145.1051,-37.614],[145.1031,-37.6151],[145.1043,-37.6166],[145.104,-37.6166],[145.1056,-37.6185],[145.1047,-37.6192],[145.105,-37.6198],[145.1054,-37.6201],[145.105,-37.6203],[145.1053,-37.6206],[145.1067,-37.621],[145.1086,-37.6197],[145.1109,-37.62],[145.11,-37.6246],[145.1099,-37.6247],[145.1039,-37.6238],[145.0975,-37.6232],[145.0969,-37.6309],[145.0979,-37.6316],[145.1,-37.6318],[145.0994,-37.6346],[145.0984,-37.6348],[145.0973,-37.6357],[145.0968,-37.6375],[145.0958,-37.6372],[145.0958,-37.6374],[145.1019,-37.6383],[145.1019,-37.6385],[145.0987,-37.638],[145.0992,-37.6387],[145.1023,-37.6391],[145.1027,-37.6397],[145.1024,-37.6401],[145.1017,-37.6402],[145.1016,-37.6405],[145.1019,-37.6407],[145.1046,-37.6405],[145.1061,-37.6415],[145.1058,-37.6404],[145.1059,-37.6395],[145.1068,-37.6396],[145.1079,-37.6401],[145.1085,-37.6399],[145.1085,-37.6402],[145.1089,-37.6404],[145.1087,-37.642],[145.1094,-37.6421],[145.1092,-37.6413],[145.1102,-37.6409],[145.1104,-37.6411],[145.1104,-37.6415],[145.1128,-37.6406],[145.1129,-37.6398],[145.112,-37.6394],[145.1121,-37.6389],[145.1098,-37.6386],[145.1099,-37.6383],[145.1207,-37.6394],[145.121,-37.6372],[145.1178,-37.6369],[145.1183,-37.6341],[145.1178,-37.634],[145.1178,-37.6347],[145.1174,-37.6353],[145.116,-37.6348],[145.1162,-37.6337],[145.1172,-37.6339],[145.1171,-37.6337],[145.1173,-37.6336],[145.1175,-37.6338],[145.1182,-37.6301],[145.121,-37.6289],[145.1228,-37.6278],[145.1229,-37.626],[145.1218,-37.6257],[145.1218,-37.6253],[145.1234,-37.6246],[145.1257,-37.6229],[145.128,-37.6232],[145.1305,-37.6215],[145.1318,-37.6212],[145.1331,-37.6214],[145.134,-37.6212],[145.1354,-37.6214],[145.1357,-37.6199],[145.1284,-37.6192],[145.1284,-37.6199],[145.1282,-37.6198],[145.1281,-37.6202],[145.1278,-37.6205],[145.1248,-37.6203],[145.1246,-37.6202],[145.1246,-37.6196],[145.1244,-37.6195],[145.1242,-37.6188],[145.1235,-37.6187],[145.123,-37.6195],[145.1216,-37.6194],[145.1199,-37.6198],[145.1198,-37.6193],[145.121,-37.6184],[145.1215,-37.6179],[145.1208,-37.6164],[145.119,-37.6142],[145.1188,-37.6144]]],[[[145.1032,-37.6425],[145.1019,-37.6423],[145.1016,-37.6427],[145.1015,-37.6426],[145.1015,-37.6423],[145.0998,-37.6421],[145.1009,-37.6443],[145.1009,-37.646],[145.1011,-37.646],[145.1009,-37.6488],[145.1013,-37.6489],[145.1014,-37.6483],[145.1075,-37.6489],[145.1073,-37.6491],[145.1084,-37.6492],[145.1087,-37.6482],[145.1086,-37.6477],[145.1077,-37.6474],[145.1071,-37.6468],[145.1076,-37.6461],[145.1071,-37.6446],[145.1097,-37.6448],[145.1095,-37.6458],[145.1098,-37.6459],[145.11,-37.6448],[145.1109,-37.645],[145.1109,-37.6453],[145.1113,-37.6453],[145.1112,-37.6451],[145.1115,-37.6448],[145.1113,-37.6442],[145.1122,-37.644],[145.1131,-37.6434],[145.1114,-37.6435],[145.1107,-37.6429],[145.1102,-37.643],[145.1099,-37.6423],[145.1064,-37.642],[145.1036,-37.6422],[145.1032,-37.6425]]],[[[145.1021,-37.6865],[145.0966,-37.6867],[145.0966,-37.6864],[145.094,-37.6865],[145.0929,-37.6869],[145.0924,-37.6869],[145.0893,-37.6882],[145.0887,-37.6882],[145.0996,-37.6895],[145.1006,-37.6881],[145.1019,-37.6873],[145.1021,-37.6868],[145.1021,-37.6865]]],[[[145.1001,-37.611],[145.1005,-37.6099],[145.1015,-37.6085],[145.1026,-37.6076],[145.1042,-37.6066],[145.1056,-37.6051],[145.1063,-37.604],[145.1072,-37.6021],[145.104,-37.6018],[145.1019,-37.6036],[145.1013,-37.6061],[145.1003,-37.6059],[145.0994,-37.61],[145.1001,-37.611]]],[[[145.0804,-37.6789],[145.0827,-37.6801],[145.0824,-37.681],[145.0814,-37.6812],[145.0805,-37.6811],[145.0799,-37.6817],[145.08,-37.6821],[145.078,-37.6835],[145.0782,-37.6849],[145.0805,-37.6848],[145.0816,-37.6843],[145.093,-37.6851],[145.0929,-37.6867],[145.094,-37.6863],[145.097,-37.6862],[145.097,-37.6865],[145.102,-37.6863],[145.102,-37.6858],[145.1026,-37.6848],[145.1025,-37.6844],[145.102,-37.6841],[145.102,-37.6839],[145.1034,-37.6835],[145.1037,-37.6833],[145.1036,-37.6829],[145.104,-37.6828],[145.1034,-37.682],[145.1025,-37.6814],[145.1013,-37.681],[145.1015,-37.6791],[145.0984,-37.6787],[145.0994,-37.6747],[145.1071,-37.6755],[145.1031,-37.671],[145.1022,-37.6708],[145.0961,-37.6671],[145.0922,-37.6667],[145.0921,-37.6665],[145.0957,-37.6669],[145.0925,-37.6654],[145.0917,-37.6656],[145.0905,-37.6656],[145.0883,-37.6651],[145.0859,-37.6607],[145.0862,-37.6604],[145.0849,-37.661],[145.0835,-37.6605],[145.0834,-37.6607],[145.0847,-37.6618],[145.0845,-37.6634],[145.0847,-37.6645],[145.0844,-37.6656],[145.0822,-37.6651],[145.082,-37.6648],[145.0818,-37.6634],[145.0816,-37.6632],[145.0809,-37.6638],[145.0802,-37.6633],[145.08,-37.6635],[145.081,-37.6645],[145.0806,-37.6655],[145.0785,-37.6652],[145.0786,-37.6661],[145.0807,-37.6667],[145.0821,-37.6677],[145.082,-37.6684],[145.0817,-37.669],[145.0808,-37.6693],[145.0797,-37.6692],[145.0795,-37.6694],[145.0825,-37.6714],[145.0831,-37.6722],[145.0829,-37.673],[145.0806,-37.6727],[145.0787,-37.6738],[145.078,-37.6747],[145.078,-37.6753],[145.0778,-37.6753],[145.0778,-37.6759],[145.0779,-37.6759],[145.0777,-37.6788],[145.0804,-37.6789]]],[[[145.1079,-37.6723],[145.1085,-37.6684],[145.0967,-37.6672],[145.1022,-37.6706],[145.1024,-37.6697],[145.1026,-37.6697],[145.1027,-37.6688],[145.1039,-37.6696],[145.1037,-37.671],[145.1035,-37.6709],[145.1043,-37.6719],[145.1079,-37.6723]]],[[[145.1074,-37.6755],[145.1079,-37.6724],[145.1044,-37.6721],[145.1074,-37.6755]]],[[[145.0938,-37.6638],[145.095,-37.6649],[145.0957,-37.665],[145.0949,-37.6645],[145.0947,-37.664],[145.0952,-37.664],[145.0958,-37.6646],[145.0964,-37.6648],[145.0969,-37.6646],[145.0971,-37.6645],[145.0973,-37.6632],[145.0977,-37.6625],[145.0995,-37.6623],[145.1006,-37.6629],[145.1019,-37.6614],[145.1023,-37.6612],[145.1038,-37.6612],[145.1038,-37.6609],[145.103,-37.6603],[145.103,-37.6599],[145.1031,-37.6591],[145.1027,-37.6582],[145.103,-37.6574],[145.1037,-37.6569],[145.1046,-37.6571],[145.1058,-37.6579],[145.1072,-37.6585],[145.1078,-37.6581],[145.1067,-37.6571],[145.1063,-37.6563],[145.1047,-37.6554],[145.1042,-37.6552],[145.1028,-37.6553],[145.102,-37.655],[145.1019,-37.6545],[145.102,-37.6539],[145.1024,-37.6535],[145.1013,-37.6526],[145.0998,-37.6525],[145.0994,-37.6541],[145.1004,-37.6557],[145.0999,-37.66],[145.0948,-37.6594],[145.0938,-37.6611],[145.0922,-37.66],[145.0925,-37.6598],[145.0928,-37.6592],[145.0903,-37.6589],[145.0887,-37.6618],[145.0875,-37.6625],[145.0873,-37.6622],[145.0869,-37.662],[145.0886,-37.665],[145.0905,-37.6654],[145.0916,-37.6655],[145.0925,-37.6652],[145.0963,-37.667],[145.0965,-37.6654],[145.0949,-37.665],[145.0942,-37.6645],[145.0935,-37.6651],[145.0927,-37.6652],[145.0925,-37.6643],[145.0922,-37.6641],[145.0906,-37.6642],[145.0906,-37.6641],[145.0917,-37.6639],[145.0923,-37.664],[145.0927,-37.6642],[145.0929,-37.665],[145.0934,-37.665],[145.0941,-37.6644],[145.0937,-37.664],[145.0938,-37.6638]],[[145.0891,-37.6643],[145.0893,-37.664],[145.0909,-37.6631],[145.0893,-37.6641],[145.0892,-37.6643],[145.0896,-37.6647],[145.0891,-37.6643]],[[145.0917,-37.6633],[145.0923,-37.6634],[145.0917,-37.6633]]]]}},{"type":"Feature","id":"relation/9278415","properties":{"PARK_NAME":"Yarra Bend Park"},"geometry":{"type":"MultiPolygon","coordinates":[[[[145.0144,-37.7942],[145.0161,-37.7949],[145.0179,-37.7953],[145.0182,-37.7957],[145.0181,-37.7961],[145.0177,-37.7965],[145.0178,-37.7971],[145.0194,-37.7978],[145.021,-37.7982],[145.0211,-37.7988],[145.0203,-37.7993],[145.0201,-37.8001],[145.0203,-37.8001],[145.0204,-37.7997],[145.0213,-37.7991],[145.0216,-37.7986],[145.0216,-37.7982],[145.0212,-37.7981],[145.0213,-37.7974],[145.021,-37.7968],[145.0204,-37.7963],[145.0188,-37.7959],[145.0183,-37.7952],[145.0173,-37.7944],[145.0162,-37.794],[145.0151,-37.794],[145.0145,-37.7935],[145.0149,-37.7928],[145.0156,-37.7927],[145.017,-37.7932],[145.0193,-37.7935],[145.0198,-37.7932],[145.0206,-37.7922],[145.0203,-37.7917],[145.0196,-37.7915],[145.0189,-37.7908],[145.0198,-37.7907],[145.0189,-37.7897],[145.0177,-37.7889],[145.0179,-37.7882],[145.0184,-37.788],[145.0229,-37.7874],[145.0239,-37.7875],[145.025,-37.788],[145.025,-37.7868],[145.024,-37.7866],[145.0228,-37.7866],[145.0215,-37.7871],[145.0209,-37.7871],[145.0189,-37.7865],[145.0167,-37.7861],[145.014,-37.7857],[145.0135,-37.7857],[145.0133,-37.786],[145.0134,-37.7862],[145.016,-37.788],[145.0179,-37.7903],[145.0192,-37.7913],[145.0198,-37.7925],[145.0197,-37.7929],[145.0192,-37.793],[145.0171,-37.7928],[145.0143,-37.7922],[145.0141,-37.7926],[145.014,-37.7936],[145.0144,-37.7942]]],[[[145.0135,-37.791],[145.0173,-37.7906],[145.0181,-37.7913],[145.018,-37.7914],[145.0164,-37.7914],[145.0139,-37.7918],[145.0099,-37.7929],[145.0046,-37.7949],[145.0017,-37.7955],[145.0015,-37.7949],[145.0037,-37.7943],[145.004,-37.7941],[145.0094,-37.7922],[145.0092,-37.7919],[145.0092,-37.7913],[145.0097,-37.7901],[145.0093,-37.7867],[145.0085,-37.7841],[145.0066,-37.7841],[145.0043,-37.7845],[145.0051,-37.7854],[145.0077,-37.7865],[145.0085,-37.7876],[145.0086,-37.7887],[145.0078,-37.79],[145.0058,-37.7911],[145.0057,-37.7917],[145.0052,-37.7923],[145.0034,-37.7935],[145.0015,-37.7944],[145.0013,-37.7949],[145.0015,-37.7958],[145.0019,-37.7962],[145.0023,-37.7958],[145.0029,-37.7956],[145.0035,-37.7956],[145.0039,-37.7958],[145.0043,-37.7963],[145.0044,-37.7976],[145.005,-37.7979],[145.0078,-37.7962],[145.0091,-37.7961],[145.0097,-37.7964],[145.0099,-37.7967],[145.0093,-37.7975],[145.007,-37.7987],[145.0067,-37.7993],[145.0067,-37.8001],[145.0067,-37.8004],[145.0071,-37.8008],[145.0089,-37.8002],[145.0111,-37.7988],[145.0123,-37.7989],[145.0139,-37.7993],[145.015,-37.8],[145.0154,-37.8009],[145.0156,-37.8021],[145.0158,-37.8024],[145.0165,-37.8028],[145.0173,-37.8031],[145.0186,-37.8032],[145.0194,-37.8035],[145.0206,-37.8031],[145.0209,-37.8028],[145.0208,-37.8025],[145.0196,-37.8014],[145.0185,-37.8006],[145.0182,-37.8002],[145.0187,-37.7996],[145.0205,-37.7989],[145.0207,-37.7985],[145.0203,-37.7982],[145.0191,-37.798],[145.0173,-37.7973],[145.0171,-37.7965],[145.0177,-37.7959],[145.0177,-37.7957],[145.0174,-37.7955],[145.0157,-37.7951],[145.0142,-37.7944],[145.0138,-37.794],[145.0137,-37.7934],[145.0137,-37.7923],[145.014,-37.792],[145.0146,-37.7919],[145.0164,-37.7924],[145.019,-37.7927],[145.0194,-37.7926],[145.0194,-37.7923],[145.0174,-37.7902],[145.0162,-37.7886],[145.0144,-37.787],[145.0134,-37.7865],[145.0128,-37.7866],[145.0161,-37.7897],[145.0099,-37.7902],[145.0096,-37.7908],[145.0094,-37.7916],[145.0095,-37.7921],[145.01,-37.7921],[145.0135,-37.791]]],[[[145.023,-37.7983],[145.023,-37.798],[145.0232,-37.7976],[145.0231,-37.7971],[145.0232,-37.7971],[145.0204,-37.7951],[145.0207,-37.7948],[145.0206,-37.7947],[145.0214,-37.7942],[145.0214,-37.793],[145.0222,-37.7921],[145.0212,-37.792],[145.0202,-37.7935],[145.0193,-37.7939],[145.0169,-37.7936],[145.0152,-37.7931],[145.015,-37.7934],[145.0153,-37.7936],[145.0163,-37.7937],[145.0175,-37.7941],[145.0186,-37.7948],[145.0191,-37.7956],[145.0209,-37.7962],[145.0218,-37.7969],[145.0217,-37.7976],[145.0219,-37.7982],[145.023,-37.7983]]],[[[145.0165,-37.8035],[145.0195,-37.8041],[145.0205,-37.8038],[145.0216,-37.8032],[145.0213,-37.8029],[145.0204,-37.8036],[145.0194,-37.8038],[145.0163,-37.8031],[145.0155,-37.8026],[145.0152,-37.8023],[145.015,-37.801],[145.0148,-37.8004],[145.0133,-37.7995],[145.0119,-37.7992],[145.011,-37.7992],[145.0098,-37.8002],[145.0076,-37.801],[145.0072,-37.8011],[145.0065,-37.8008],[145.0062,-37.8001],[145.0064,-37.7989],[145.007,-37.7983],[145.0093,-37.797],[145.0095,-37.7967],[145.0091,-37.7965],[145.008,-37.7965],[145.0055,-37.7981],[145.0046,-37.7984],[145.004,-37.7978],[145.0038,-37.7962],[145.0035,-37.7959],[145.0031,-37.7959],[145.0026,-37.7961],[145.0018,-37.7973],[145.0014,-37.7975],[145.0006,-37.7971],[144.9996,-37.7971],[144.9994,-37.7975],[144.9999,-37.7981],[145.0019,-37.799],[145.0042,-37.8007],[145.0058,-37.8008],[145.0051,-37.8002],[145.0031,-37.7994],[145.0023,-37.7987],[145.0021,-37.7983],[145.0024,-37.7974],[145.0027,-37.7972],[145.0034,-37.7973],[145.0035,-37.7974],[145.0037,-37.7981],[145.0039,-37.7985],[145.0048,-37.799],[145.0055,-37.7991],[145.006,-37.7994],[145.0059,-37.8006],[145.0073,-37.8015],[145.0096,-37.8021],[145.0108,-37.8017],[145.0117,-37.8009],[145.0124,-37.8008],[145.0135,-37.8013],[145.0137,-37.802],[145.0138,-37.8022],[145.0147,-37.8024],[145.0165,-37.8035]]],[[[145.015,-37.8051],[145.0154,-37.8033],[145.0147,-37.8028],[145.0135,-37.8024],[145.0131,-37.8015],[145.0123,-37.8011],[145.0118,-37.8012],[145.011,-37.802],[145.0101,-37.8022],[145.0095,-37.8027],[145.015,-37.8051]]],[[[145.0106,-37.8064],[145.0112,-37.8036],[145.0093,-37.8029],[145.009,-37.8034],[145.0089,-37.8042],[145.0086,-37.8047],[145.0065,-37.8057],[145.0043,-37.8059],[145.0022,-37.8051],[145.0019,-37.8052],[145.0012,-37.8057],[145.0017,-37.8063],[145.0051,-37.8062],[145.0062,-37.8064],[145.0092,-37.8062],[145.0106,-37.8064]]],[[[145.0143,-37.805],[145.0114,-37.8038],[145.0112,-37.8047],[145.0143,-37.805]]],[[[145.0018,-37.8071],[145.0073,-37.807],[145.0087,-37.8075],[145.0091,-37.808],[145.0094,-37.8101],[145.0096,-37.8104],[145.0098,-37.8104],[145.0106,-37.8066],[145.0092,-37.8064],[145.0072,-37.8066],[145.0091,-37.8063],[145.0057,-37.8066],[145.0051,-37.8064],[145.0031,-37.8064],[145.0017,-37.8066],[145.0012,-37.8063],[145.0009,-37.8057],[145.0018,-37.8049],[145.0023,-37.8049],[145.0035,-37.8054],[145.0046,-37.8056],[145.0064,-37.8054],[145.0085,-37.8043],[145.0087,-37.803],[145.0082,-37.8025],[145.0057,-37.8011],[145.0047,-37.801],[145.0075,-37.803],[145.0079,-37.8035],[145.0077,-37.8043],[145.0059,-37.8052],[145.0046,-37.8055],[145.0034,-37.8052],[145.0016,-37.8044],[145.0003,-37.8044],[144.9996,-37.805],[144.9994,-37.8053],[144.9995,-37.8056],[145,-37.8064],[145.0006,-37.807],[145.0018,-37.8071]]],[[[145.0213,-37.8014],[145.0217,-37.8014],[145.0215,-37.801],[145.0203,-37.8005],[145.0201,-37.8003],[145.0201,-37.8007],[145.0215,-37.8011],[145.0213,-37.8014]]],[[[145.0217,-37.803],[145.0218,-37.8028],[145.0216,-37.802],[145.0217,-37.8015],[145.0209,-37.8016],[145.0208,-37.802],[145.0217,-37.803]]],[[[145.0056,-37.8002],[145.0057,-37.7996],[145.0056,-37.7993],[145.0041,-37.799],[145.0037,-37.7986],[145.0033,-37.7976],[145.003,-37.7975],[145.0027,-37.7977],[145.0025,-37.7983],[145.0027,-37.7987],[145.0037,-37.7994],[145.0056,-37.8002]]],[[[145.0252,-37.7885],[145.0244,-37.7879],[145.0229,-37.7878],[145.0215,-37.788],[145.0223,-37.7881],[145.0227,-37.7884],[145.0235,-37.7883],[145.0252,-37.7885]]],[[[145.0202,-37.7904],[145.0206,-37.7903],[145.0205,-37.7901],[145.0205,-37.789],[145.0215,-37.7886],[145.0225,-37.7885],[145.0221,-37.7882],[145.0213,-37.788],[145.0183,-37.7885],[145.0182,-37.7888],[145.0202,-37.7904]]],[[[145.0089,-37.7846],[145.009,-37.7842],[145.0088,-37.7843],[145.0089,-37.7846]]],[[[145.0209,-37.7907],[145.0207,-37.7905],[145.0203,-37.7905],[145.0209,-37.7907]]]]}},{"type":"Feature","id":"relation/9940682","properties":{"PARK_NAME":"Birdsland Reserve"},"geometry":{"type":"Polygon","coordinates":[[[145.3361,-37.9227],[145.3356,-37.9227],[145.3358,-37.9232],[145.3356,-37.9233],[145.333,-37.9233],[145.3336,-37.9229],[145.334,-37.9231],[145.3339,-37.9232],[145.3349,-37.9232],[145.3348,-37.9229],[145.3342,-37.9229],[145.3339,-37.9226],[145.3336,-37.9226],[145.3338,-37.9222],[145.3337,-37.9221],[145.3329,-37.9225],[145.3317,-37.9223],[145.3313,-37.9218],[145.3305,-37.9218],[145.33,-37.9221],[145.3298,-37.9216],[145.3291,-37.9217],[145.3282,-37.9213],[145.3283,-37.9218],[145.3288,-37.9223],[145.3312,-37.923],[145.3319,-37.9234],[145.3305,-37.9298],[145.3385,-37.9309],[145.3404,-37.9232],[145.3396,-37.9231],[145.3407,-37.9223],[145.3415,-37.9188],[145.3413,-37.9183],[145.3401,-37.9175],[145.34,-37.9173],[145.3412,-37.9156],[145.3404,-37.9154],[145.3397,-37.9167],[145.3386,-37.9173],[145.3388,-37.9175],[145.3386,-37.918],[145.3382,-37.9186],[145.3379,-37.92],[145.3376,-37.9202],[145.3371,-37.9204],[145.335,-37.9205],[145.3345,-37.919],[145.3332,-37.9193],[145.3331,-37.919],[145.3323,-37.9194],[145.332,-37.9199],[145.3318,-37.9204],[145.3325,-37.9205],[145.3322,-37.9208],[145.3327,-37.9213],[145.3331,-37.9211],[145.3335,-37.9214],[145.3355,-37.9215],[145.3362,-37.9209],[145.3368,-37.9209],[145.3364,-37.9216],[145.3366,-37.9224],[145.3361,-37.9227]],[[145.3348,-37.9304],[145.333,-37.9302],[145.3331,-37.9298],[145.3327,-37.9296],[145.3342,-37.9299],[145.3346,-37.9301],[145.3348,-37.9304]]]}},{"type":"Feature","id":"relation/10582704","properties":{"PARK_NAME":"Merri Creek"},"geometry":{"type":"Polygon","coordinates":[[[144.9686,-37.7221],[144.9687,-37.7234],[144.9676,-37.7244],[144.968,-37.7257],[144.9683,-37.7257],[144.9682,-37.7261],[144.968,-37.7261],[144.9681,-37.7263],[144.9679,-37.7268],[144.9676,-37.7272],[144.9665,-37.7278],[144.9664,-37.7282],[144.966,-37.7287],[144.9656,-37.7287],[144.9659,-37.7288],[144.9658,-37.7292],[144.9661,-37.7292],[144.9666,-37.7297],[144.9667,-37.7299],[144.9662,-37.73],[144.9666,-37.7301],[144.9666,-37.7304],[144.967,-37.7302],[144.967,-37.7305],[144.9685,-37.7302],[144.9672,-37.7288],[144.9681,-37.7275],[144.9684,-37.7275],[144.9687,-37.727],[144.9693,-37.7263],[144.9695,-37.7263],[144.9693,-37.7254],[144.9688,-37.7245],[144.9688,-37.7242],[144.9694,-37.7237],[144.9693,-37.7233],[144.9697,-37.7233],[144.9695,-37.7224],[144.9697,-37.7221],[144.9693,-37.7215],[144.9688,-37.7218],[144.9686,-37.7221]]]}},{"type":"Feature","id":"relation/11782889","properties":{"PARK_NAME":"Caulfield Commons"},"geometry":{"type":"Polygon","coordinates":[[[145.0375,-37.8815],[145.0396,-37.8837],[145.0404,-37.8841],[145.0415,-37.8841],[145.0421,-37.8838],[145.0427,-37.8832],[145.0432,-37.8806],[145.0432,-37.88],[145.043,-37.8797],[145.0424,-37.8792],[145.0379,-37.879],[145.0374,-37.8792],[145.0371,-37.8798],[145.0371,-37.8807],[145.0375,-37.8815]]]}},{"type":"Feature","id":"relation/13135945","properties":{"PARK_NAME":"Taylors Creek Linear Park"},"geometry":{"type":"Polygon","coordinates":[[[144.8244,-37.7256],[144.8247,-37.7259],[144.8252,-37.7257],[144.8261,-37.725],[144.8266,-37.7244],[144.8253,-37.7243],[144.8247,-37.724],[144.8228,-37.7224],[144.8213,-37.7208],[144.8212,-37.7206],[144.8214,-37.7205],[144.8211,-37.7192],[144.8227,-37.7172],[144.8221,-37.7163],[144.8204,-37.7144],[144.8205,-37.7138],[144.8209,-37.7139],[144.8209,-37.7138],[144.8205,-37.7137],[144.8208,-37.7122],[144.8204,-37.7118],[144.8198,-37.7116],[144.8202,-37.7125],[144.8193,-37.7131],[144.8189,-37.7127],[144.8188,-37.712],[144.8193,-37.7112],[144.8188,-37.7104],[144.8162,-37.7086],[144.8156,-37.7076],[144.8159,-37.7073],[144.8156,-37.7072],[144.8156,-37.707],[144.8152,-37.7069],[144.8151,-37.7072],[144.8145,-37.7071],[144.8135,-37.7075],[144.8129,-37.7087],[144.814,-37.7091],[144.8141,-37.7089],[144.8145,-37.7089],[144.8149,-37.7098],[144.8162,-37.7105],[144.8175,-37.7119],[144.8175,-37.7123],[144.8171,-37.7126],[144.8167,-37.7133],[144.8168,-37.7134],[144.8165,-37.7139],[144.8162,-37.714],[144.8156,-37.714],[144.8151,-37.7134],[144.8145,-37.713],[144.8133,-37.7126],[144.8124,-37.712],[144.8119,-37.7119],[144.8111,-37.7122],[144.8111,-37.7124],[144.8125,-37.7123],[144.8136,-37.7135],[144.8143,-37.7135],[144.8148,-37.7138],[144.8152,-37.7147],[144.8185,-37.715],[144.8178,-37.7157],[144.8179,-37.716],[144.8183,-37.7163],[144.8187,-37.7163],[144.8192,-37.7157],[144.8193,-37.7157],[144.8197,-37.7162],[144.8196,-37.7178],[144.8199,-37.7185],[144.8195,-37.719],[144.8194,-37.7197],[144.8189,-37.7211],[144.8202,-37.722],[144.8213,-37.7235],[144.8229,-37.7248],[144.8244,-37.7256]]]}},{"type":"Feature","id":"relation/13161489","properties":{"PARK_NAME":"Jawbone Reserve"},"geometry":{"type":"Polygon","coordinates":[[[144.873,-37.8585],[144.873,-37.8587],[144.8738,-37.859],[144.8751,-37.86],[144.8761,-37.8603],[144.8757,-37.8613],[144.8757,-37.8628],[144.8759,-37.8632],[144.8767,-37.8636],[144.8771,-37.8641],[144.8783,-37.8648],[144.8787,-37.8646],[144.8792,-37.8646],[144.8796,-37.8649],[144.8796,-37.8651],[144.8802,-37.8654],[144.8804,-37.8647],[144.8807,-37.8649],[144.8821,-37.8651],[144.8824,-37.865],[144.8833,-37.8656],[144.8839,-37.8657],[144.8837,-37.8655],[144.8841,-37.8654],[144.8841,-37.865],[144.8829,-37.8648],[144.8829,-37.8644],[144.8782,-37.8639],[144.8777,-37.8636],[144.8778,-37.8631],[144.877,-37.863],[144.8763,-37.8624],[144.8763,-37.862],[144.8766,-37.8614],[144.8775,-37.8612],[144.8777,-37.8601],[144.8771,-37.8601],[144.8771,-37.8599],[144.8757,-37.8596],[144.8752,-37.8591],[144.8751,-37.8586],[144.874,-37.8585],[144.8738,-37.8576],[144.8735,-37.8581],[144.8729,-37.8583],[144.873,-37.8585]]]}},{"type":"Feature","id":"relation/13266157","properties":{"PARK_NAME":"yaluk barring park"},"geometry":{"type":"Polygon","coordinates":[[[144.7955,-37.6908],[144.8052,-37.6809],[144.8057,-37.6811],[144.8051,-37.6802],[144.8057,-37.6792],[144.8056,-37.6784],[144.805,-37.6779],[144.8044,-37.6777],[144.8038,-37.6771],[144.8033,-37.6757],[144.8037,-37.6734],[144.8035,-37.672],[144.8039,-37.6717],[144.8041,-37.6708],[144.8047,-37.6701],[144.8047,-37.6696],[144.8038,-37.6696],[144.8021,-37.6712],[144.8018,-37.6713],[144.8021,-37.6722],[144.8024,-37.6738],[144.8014,-37.6755],[144.8008,-37.6756],[144.8007,-37.6754],[144.8011,-37.6742],[144.8009,-37.6739],[144.8007,-37.6738],[144.8001,-37.6741],[144.7982,-37.6736],[144.7981,-37.6733],[144.7985,-37.6725],[144.7985,-37.6722],[144.7981,-37.6717],[144.7978,-37.6717],[144.7973,-37.6721],[144.7962,-37.6735],[144.7921,-37.6755],[144.7878,-37.6759],[144.7843,-37.6757],[144.7837,-37.6758],[144.783,-37.6755],[144.7785,-37.6802],[144.7831,-37.6831],[144.7842,-37.6838],[144.7853,-37.6841],[144.7867,-37.6843],[144.7888,-37.6836],[144.7894,-37.6839],[144.7904,-37.683],[144.7906,-37.6831],[144.7905,-37.6833],[144.791,-37.6836],[144.7901,-37.6846],[144.7898,-37.6851],[144.7898,-37.686],[144.7901,-37.6869],[144.791,-37.6881],[144.7955,-37.6908]],[[144.7914,-37.6779],[144.7907,-37.6798],[144.7887,-37.6794],[144.7899,-37.6777],[144.7914,-37.6779]],[[144.7911,-37.6836],[144.7936,-37.681],[144.7957,-37.6822],[144.7933,-37.6849],[144.7911,-37.6836]]]}},{"type":"Feature","id":"relation/13417165","properties":{"PARK_NAME":"Ballam Park"},"geometry":{"type":"Polygon","coordinates":[[[145.16,-38.1534],[145.1615,-38.1538],[145.1617,-38.1532],[145.1625,-38.1534],[145.1626,-38.1532],[145.1618,-38.153],[145.1632,-38.1498],[145.1654,-38.1503],[145.1656,-38.1495],[145.1648,-38.1494],[145.1641,-38.1491],[145.1633,-38.1483],[145.1631,-38.1476],[145.1616,-38.1473],[145.1609,-38.1487],[145.1581,-38.1478],[145.1567,-38.151],[145.1568,-38.1513],[145.1573,-38.1512],[145.1577,-38.1515],[145.1574,-38.1526],[145.1596,-38.1531],[145.16,-38.1534]],[[145.162,-38.151],[145.1622,-38.1509],[145.162,-38.151]]]}},{"type":"Feature","id":"relation/13801097","properties":{"PARK_NAME":"Bruce Comben Reserve"},"geometry":{"type":"Polygon","coordinates":[[[144.7639,-37.8711],[144.7638,-37.8719],[144.7644,-37.8719],[144.7643,-37.8727],[144.7635,-37.8726],[144.7635,-37.8724],[144.7619,-37.8723],[144.7611,-37.873],[144.7608,-37.8728],[144.7596,-37.874],[144.7591,-37.8739],[144.7589,-37.8742],[144.7596,-37.8745],[144.7607,-37.8744],[144.7613,-37.874],[144.762,-37.8733],[144.7629,-37.873],[144.764,-37.8739],[144.7652,-37.876],[144.7666,-37.876],[144.767,-37.8734],[144.7682,-37.8733],[144.7685,-37.8709],[144.764,-37.8704],[144.7639,-37.8711]]]}},{"type":"Feature","id":"relation/14006312","properties":{"PARK_NAME":"Werribee Regional Park"},"geometry":{"type":"MultiPolygon","coordinates":[[[[144.645,-37.9274],[144.6451,-37.9265],[144.6459,-37.9266],[144.6464,-37.924],[144.64,-37.9263],[144.6377,-37.9275],[144.6362,-37.93],[144.6367,-37.9308],[144.6369,-37.9307],[144.6371,-37.9295],[144.6389,-37.9276],[144.6402,-37.9271],[144.6409,-37.927],[144.645,-37.9274]]],[[[144.6591,-37.9335],[144.6567,-37.9325],[144.6576,-37.9264],[144.6553,-37.9234],[144.6567,-37.9218],[144.6576,-37.9213],[144.6582,-37.9221],[144.6586,-37.9219],[144.6582,-37.9211],[144.6576,-37.9203],[144.6467,-37.924],[144.6464,-37.926],[144.6476,-37.9257],[144.6531,-37.9234],[144.6538,-37.9237],[144.6558,-37.9268],[144.6548,-37.9333],[144.6575,-37.936],[144.6567,-37.9408],[144.6614,-37.9489],[144.6613,-37.9492],[144.6663,-37.9568],[144.6659,-37.9576],[144.6654,-37.9599],[144.666,-37.962],[144.6654,-37.9659],[144.6657,-37.9665],[144.6661,-37.9689],[144.6669,-37.9713],[144.6669,-37.9717],[144.6679,-37.9718],[144.6715,-37.9735],[144.6733,-37.9739],[144.6754,-37.9752],[144.6746,-37.9798],[144.6792,-37.9804],[144.6797,-37.98],[144.6807,-37.9796],[144.6816,-37.9789],[144.6819,-37.9782],[144.6828,-37.9775],[144.6855,-37.9761],[144.6862,-37.9754],[144.6865,-37.9746],[144.6859,-37.9738],[144.6849,-37.9736],[144.6836,-37.9736],[144.6816,-37.9738],[144.6784,-37.9747],[144.6763,-37.9747],[144.674,-37.9737],[144.6711,-37.9729],[144.6703,-37.9724],[144.6694,-37.9701],[144.6688,-37.9693],[144.6676,-37.968],[144.6675,-37.9676],[144.6676,-37.9645],[144.667,-37.9618],[144.6677,-37.9605],[144.668,-37.9593],[144.6682,-37.9571],[144.6687,-37.955],[144.6681,-37.9541],[144.6653,-37.9516],[144.6642,-37.9509],[144.6638,-37.9503],[144.6638,-37.9492],[144.6643,-37.9474],[144.6654,-37.9461],[144.6658,-37.9459],[144.6669,-37.9459],[144.6674,-37.9458],[144.6696,-37.9443],[144.6698,-37.9437],[144.6699,-37.9423],[144.6705,-37.9411],[144.6716,-37.9404],[144.6719,-37.9397],[144.6717,-37.939],[144.6714,-37.939],[144.669,-37.9399],[144.668,-37.9409],[144.6682,-37.9418],[144.6675,-37.9434],[144.667,-37.9436],[144.6661,-37.9435],[144.6652,-37.9426],[144.6648,-37.9412],[144.6641,-37.9396],[144.6637,-37.9382],[144.6636,-37.9365],[144.6634,-37.9358],[144.6628,-37.9351],[144.6591,-37.9335]]]]}},{"type":"Feature","id":"relation/14196497","properties":{"PARK_NAME":"Kananook Creek Reserve"},"geometry":{"type":"MultiPolygon","coordinates":[[[[145.1259,-38.1213],[145.126,-38.1219],[145.1254,-38.125],[145.1254,-38.1257],[145.1251,-38.1265],[145.1252,-38.1274],[145.1248,-38.1291],[145.1246,-38.1295],[145.1253,-38.1299],[145.1256,-38.1284],[145.1258,-38.1279],[145.1258,-38.1255],[145.1264,-38.122],[145.1267,-38.1191],[145.1273,-38.1156],[145.1278,-38.1103],[145.1272,-38.1101],[145.1271,-38.1106],[145.1267,-38.1112],[145.127,-38.1117],[145.127,-38.1129],[145.1272,-38.1129],[145.1268,-38.1132],[145.1271,-38.1141],[145.1268,-38.115],[145.1265,-38.1153],[145.1263,-38.1163],[145.1263,-38.117],[145.1266,-38.1179],[145.126,-38.1191],[145.1258,-38.1204],[145.1259,-38.1213]]],[[[145.1271,-38.1061],[145.1278,-38.1061],[145.1277,-38.1045],[145.1279,-38.1044],[145.1278,-38.1035],[145.1274,-38.1035],[145.1274,-38.1043],[145.1271,-38.1061]]],[[[145.1264,-38.0961],[145.1268,-38.096],[145.1271,-38.0953],[145.1265,-38.0941],[145.1262,-38.0941],[145.1268,-38.0952],[145.1266,-38.0955],[145.1265,-38.0956],[145.1264,-38.0961]]],[[[145.1281,-38.0935],[145.1275,-38.094],[145.1266,-38.0941],[145.1272,-38.095],[145.1269,-38.0959],[145.127,-38.0965],[145.1276,-38.0972],[145.1278,-38.098],[145.1271,-38.1004],[145.1275,-38.1016],[145.1274,-38.1034],[145.1278,-38.1023],[145.1279,-38.1015],[145.1281,-38.0985],[145.128,-38.0967],[145.1281,-38.0935]]],[[[145.1272,-38.0819],[145.1268,-38.0822],[145.1264,-38.0853],[145.126,-38.0853],[145.1266,-38.0867],[145.1267,-38.0865],[145.1266,-38.0841],[145.127,-38.0822],[145.1272,-38.0819]]],[[[145.1274,-38.082],[145.127,-38.0835],[145.1269,-38.0862],[145.1268,-38.0869],[145.1276,-38.0887],[145.1281,-38.09],[145.1283,-38.0931],[145.1281,-38.0899],[145.1275,-38.0878],[145.1273,-38.0868],[145.1274,-38.0845],[145.1278,-38.0822],[145.1274,-38.082]]]]}},{"type":"Feature","id":"relation/17378911","properties":{"PARK_NAME":"Diamond Creek Reserve"},"geometry":{"type":"Polygon","coordinates":[[[145.1566,-37.6741],[145.1555,-37.6737],[145.1528,-37.6734],[145.1528,-37.674],[145.1531,-37.6742],[145.1533,-37.6749],[145.1522,-37.6751],[145.1521,-37.6754],[145.1525,-37.6759],[145.1522,-37.6764],[145.1516,-37.6767],[145.1508,-37.6766],[145.1506,-37.677],[145.1502,-37.6771],[145.1503,-37.6773],[145.1511,-37.6775],[145.1508,-37.6778],[145.15,-37.6778],[145.1502,-37.6789],[145.1505,-37.6786],[145.1507,-37.6786],[145.1506,-37.6793],[145.1514,-37.6796],[145.1513,-37.6795],[145.152,-37.6779],[145.1518,-37.6776],[145.1525,-37.6772],[145.1547,-37.6753],[145.1566,-37.6741]],[[145.153,-37.6751],[145.1533,-37.6751],[145.1532,-37.6759],[145.1528,-37.6761],[145.1522,-37.6753],[145.153,-37.6751]],[[145.1543,-37.6756],[145.1541,-37.6758],[145.1537,-37.6757],[145.154,-37.6749],[145.1546,-37.6751],[145.1546,-37.6754],[145.1543,-37.6756]]]}},{"type":"Feature","id":"way/4536039","properties":{"PARK_NAME":"Valley Conservation Reserve"},"geometry":{"type":"Polygon","coordinates":[[[145.1366,-37.8841],[145.1367,-37.8838],[145.1357,-37.8829],[145.1359,-37.882],[145.1371,-37.882],[145.1377,-37.879],[145.137,-37.8789],[145.137,-37.8784],[145.1329,-37.8779],[145.133,-37.8775],[145.1327,-37.8775],[145.1326,-37.8777],[145.1329,-37.8784],[145.1326,-37.8791],[145.1346,-37.8813],[145.1347,-37.8821],[145.1357,-37.8833],[145.1356,-37.8837],[145.1363,-37.8838],[145.1366,-37.8841]]]}},{"type":"Feature","id":"way/4817020","properties":{"PARK_NAME":"Fitzroy Gardens"},"geometry":{"type":"Polygon","coordinates":[[[144.9785,-37.81],[144.9776,-37.8153],[144.9824,-37.8159],[144.9834,-37.8105],[144.9785,-37.81]]]}},{"type":"Feature","id":"way/4965315","properties":{"PARK_NAME":"Princes Park"},"geometry":{"type":"Polygon","coordinates":[[[144.9604,-37.7783],[144.9591,-37.7891],[144.9594,-37.79],[144.9597,-37.7906],[144.9611,-37.7916],[144.9619,-37.791],[144.962,-37.7894],[144.9627,-37.7882],[144.9639,-37.7824],[144.9632,-37.782],[144.9628,-37.7814],[144.9627,-37.7797],[144.9623,-37.779],[144.9617,-37.7784],[144.9604,-37.7783]]]}},{"type":"Feature","id":"way/8965117","properties":{"PARK_NAME":"Huntingdale Wetlands"},"geometry":{"type":"Polygon","coordinates":[[[145.1073,-37.8922],[145.1069,-37.8937],[145.1084,-37.8937],[145.1084,-37.8941],[145.1085,-37.8937],[145.1099,-37.8938],[145.1104,-37.8937],[145.1105,-37.8934],[145.1111,-37.8935],[145.1108,-37.8951],[145.1113,-37.8952],[145.1112,-37.8957],[145.1116,-37.8958],[145.1118,-37.8952],[145.1113,-37.895],[145.1116,-37.8935],[145.1126,-37.8936],[145.1128,-37.8931],[145.1131,-37.8931],[145.1136,-37.8924],[145.1148,-37.8924],[145.1149,-37.8921],[145.1138,-37.892],[145.1129,-37.8925],[145.1125,-37.8919],[145.1119,-37.8922],[145.1118,-37.8925],[145.1113,-37.8926],[145.1073,-37.8922]]]}},{"type":"Feature","id":"way/10898099","properties":{"PARK_NAME":"Damper Creek Reserve"},"geometry":{"type":"Polygon","coordinates":[[[145.1235,-37.8686],[145.1239,-37.8684],[145.1244,-37.8679],[145.1257,-37.868],[145.126,-37.8662],[145.1264,-37.8662],[145.1266,-37.8654],[145.1278,-37.8642],[145.1286,-37.8643],[145.1289,-37.8629],[145.1311,-37.8613],[145.1314,-37.8608],[145.1316,-37.8609],[145.1319,-37.8592],[145.1305,-37.861],[145.1297,-37.8616],[145.1284,-37.8624],[145.1276,-37.8624],[145.1269,-37.864],[145.1263,-37.8636],[145.1263,-37.864],[145.126,-37.8639],[145.1257,-37.8654],[145.1245,-37.8652],[145.1244,-37.8665],[145.124,-37.8671],[145.1237,-37.8671],[145.1235,-37.8686]]]}},{"type":"Feature","id":"way/11741593","properties":{"PARK_NAME":"Milgate Park"},"geometry":{"type":"Polygon","coordinates":[[[145.1724,-37.7727],[145.1726,-37.773],[145.1718,-37.7732],[145.1715,-37.7729],[145.1717,-37.7734],[145.1711,-37.7742],[145.1708,-37.7749],[145.1701,-37.775],[145.1695,-37.775],[145.1687,-37.7746],[145.1687,-37.7747],[145.1694,-37.775],[145.17,-37.7755],[145.17,-37.7762],[145.1699,-37.7767],[145.1694,-37.7767],[145.1694,-37.7765],[145.1692,-37.7766],[145.1689,-37.7766],[145.1691,-37.7759],[145.1681,-37.7754],[145.1684,-37.7757],[145.1689,-37.776],[145.1689,-37.7764],[145.1687,-37.7765],[145.1685,-37.7762],[145.1685,-37.7766],[145.1677,-37.7763],[145.1669,-37.7766],[145.1675,-37.7768],[145.1674,-37.7771],[145.1676,-37.7772],[145.1677,-37.7767],[145.1686,-37.7768],[145.1684,-37.7776],[145.1686,-37.7778],[145.1689,-37.7768],[145.1693,-37.777],[145.1697,-37.7769],[145.1695,-37.7782],[145.1698,-37.7783],[145.17,-37.7771],[145.1709,-37.7772],[145.1707,-37.7784],[145.1712,-37.7784],[145.171,-37.7775],[145.1712,-37.7771],[145.1715,-37.7772],[145.1718,-37.7772],[145.1721,-37.7784],[145.1727,-37.7781],[145.1722,-37.778],[145.172,-37.7773],[145.1721,-37.7772],[145.1734,-37.7775],[145.1736,-37.7773],[145.1716,-37.7769],[145.1711,-37.7763],[145.1712,-37.7756],[145.172,-37.7749],[145.1723,-37.7752],[145.1723,-37.7753],[145.1726,-37.7754],[145.1721,-37.7759],[145.1722,-37.7762],[145.174,-37.7765],[145.174,-37.7764],[145.1726,-37.7761],[145.1725,-37.776],[145.1726,-37.7757],[145.1729,-37.7754],[145.1743,-37.7757],[145.1744,-37.7756],[145.1734,-37.7754],[145.1732,-37.7752],[145.1734,-37.7748],[145.1746,-37.7748],[145.1746,-37.7746],[145.1739,-37.7745],[145.1733,-37.7747],[145.1729,-37.7752],[145.1722,-37.7749],[145.1721,-37.7747],[145.1725,-37.7742],[145.1734,-37.7739],[145.1742,-37.7737],[145.1748,-37.7739],[145.1749,-37.7737],[145.1744,-37.7737],[145.1742,-37.773],[145.1745,-37.7728],[145.1743,-37.7727],[145.1738,-37.7736],[145.1728,-37.7735],[145.1734,-37.7725],[145.1724,-37.7727]]]}},{"type":"Feature","id":"way/12096607","properties":{"PARK_NAME":"Ruffey Lake Park"},"geometry":{"type":"Polygon","coordinates":[[[145.1304,-37.7777],[145.1318,-37.7779],[145.1317,-37.7784],[145.1332,-37.7786],[145.1335,-37.7772],[145.1396,-37.7779],[145.1394,-37.7786],[145.1404,-37.7787],[145.1403,-37.7791],[145.1416,-37.7792],[145.1417,-37.7789],[145.143,-37.779],[145.1429,-37.7793],[145.1449,-37.7795],[145.1456,-37.7753],[145.14,-37.7746],[145.1404,-37.7728],[145.1372,-37.7714],[145.1352,-37.771],[145.135,-37.7711],[145.1347,-37.7719],[145.1337,-37.7726],[145.1331,-37.7756],[145.1322,-37.7762],[145.1308,-37.7763],[145.1306,-37.7766],[145.1304,-37.7777]]]}},{"type":"Feature","id":"way/12273713","properties":{"PARK_NAME":"Fawkner Park"},"geometry":{"type":"Polygon","coordinates":[[[144.9775,-37.8373],[144.9803,-37.8449],[144.984,-37.8454],[144.9843,-37.8437],[144.9842,-37.8436],[144.9847,-37.8413],[144.9848,-37.8413],[144.9849,-37.841],[144.9855,-37.8383],[144.9775,-37.8373]]]}},{"type":"Feature","id":"way/15865305","properties":{"PARK_NAME":"Albert Park"},"geometry":{"type":"Polygon","coordinates":[[[144.968,-37.8376],[144.9651,-37.8386],[144.963,-37.8396],[144.9614,-37.8407],[144.9617,-37.8409],[144.9616,-37.8413],[144.9621,-37.8423],[144.9632,-37.8439],[144.962,-37.8451],[144.9617,-37.8453],[144.9643,-37.8483],[144.9664,-37.8503],[144.9735,-37.8555],[144.9755,-37.8572],[144.9768,-37.8578],[144.9775,-37.8574],[144.9787,-37.8587],[144.9823,-37.8566],[144.9822,-37.8557],[144.9799,-37.8545],[144.9791,-37.8536],[144.9776,-37.8487],[144.9731,-37.8367],[144.9727,-37.8362],[144.9716,-37.8371],[144.9704,-37.8366],[144.972,-37.8358],[144.9713,-37.8355],[144.9695,-37.8369],[144.968,-37.8376]]]}},{"type":"Feature","id":"way/22781496","properties":{"PARK_NAME":"Freeway Reserve"},"geometry":{"type":"Polygon","coordinates":[[[145.1678,-37.9151],[145.1669,-37.9159],[145.1664,-37.919],[145.1668,-37.9192],[145.1669,-37.9194],[145.173,-37.9201],[145.1678,-37.9151]]]}},{"type":"Feature","id":"way/22954425","properties":{"PARK_NAME":"Koomba Park"},"geometry":{"type":"Polygon","coordinates":[[[145.2042,-37.8572],[145.2054,-37.8587],[145.2073,-37.8577],[145.2075,-37.8593],[145.209,-37.8589],[145.2088,-37.8581],[145.2097,-37.8576],[145.2099,-37.8572],[145.2096,-37.8562],[145.2099,-37.8563],[145.2107,-37.8561],[145.2115,-37.8562],[145.212,-37.857],[145.2118,-37.8573],[145.212,-37.8575],[145.2122,-37.8572],[145.2135,-37.8551],[145.2146,-37.8519],[145.2149,-37.8508],[145.215,-37.8509],[145.2155,-37.8486],[145.2154,-37.8482],[145.2155,-37.8472],[145.2153,-37.847],[145.2154,-37.8464],[145.2152,-37.8462],[145.2107,-37.8456],[145.2102,-37.8458],[145.2101,-37.8461],[145.2108,-37.8474],[145.2101,-37.8483],[145.2102,-37.8489],[145.2096,-37.8493],[145.2099,-37.8499],[145.2094,-37.8499],[145.2095,-37.8503],[145.21,-37.8503],[145.2099,-37.8506],[145.2096,-37.8508],[145.2099,-37.851],[145.2099,-37.8511],[145.2091,-37.8515],[145.2092,-37.8517],[145.209,-37.8519],[145.2088,-37.8518],[145.2075,-37.8522],[145.2069,-37.8522],[145.2068,-37.8524],[145.2069,-37.8526],[145.2063,-37.8538],[145.206,-37.8549],[145.2062,-37.8553],[145.207,-37.8557],[145.2069,-37.8563],[145.2062,-37.8569],[145.205,-37.857],[145.2042,-37.8566],[145.2019,-37.8576],[145.1999,-37.8573],[145.1999,-37.8578],[145.2003,-37.8579],[145.2002,-37.8584],[145.1997,-37.8587],[145.2021,-37.8591],[145.2021,-37.8586],[145.2031,-37.8579],[145.2036,-37.8569],[145.204,-37.8568],[145.204,-37.8571],[145.2042,-37.8572]]]}},{"type":"Feature","id":"way/23146043","properties":{"PARK_NAME":"Charles Bates Reserve"},"geometry":{"type":"Polygon","coordinates":[[[144.9012,-37.8538],[144.8992,-37.8519],[144.8963,-37.8499],[144.8953,-37.8488],[144.895,-37.8489],[144.8956,-37.8496],[144.8988,-37.8518],[144.9012,-37.8538]]]}},{"type":"Feature","id":"way/23907995","properties":{"PARK_NAME":"Warner Reserve"},"geometry":{"type":"Polygon","coordinates":[[[145.1546,-37.9402],[145.1546,-37.9406],[145.1561,-37.9436],[145.1578,-37.9452],[145.1592,-37.9459],[145.1588,-37.9464],[145.1586,-37.947],[145.1604,-37.9474],[145.1603,-37.948],[145.1625,-37.9481],[145.163,-37.9454],[145.1598,-37.945],[145.1599,-37.9445],[145.1587,-37.9443],[145.1587,-37.9441],[145.158,-37.944],[145.1581,-37.9432],[145.1567,-37.943],[145.1554,-37.9403],[145.1546,-37.9402]]]}},{"type":"Feature","id":"way/23946469","properties":{"PARK_NAME":"Dandenong Park"},"geometry":{"type":"Polygon","coordinates":[[[145.2239,-37.9952],[145.2229,-37.9958],[145.2217,-37.9947],[145.2205,-37.9953],[145.2157,-37.9901],[145.2149,-37.9903],[145.2163,-37.9928],[145.2167,-37.9932],[145.2178,-37.9949],[145.2202,-37.9973],[145.2204,-37.9971],[145.221,-37.9973],[145.2213,-37.9971],[145.222,-37.9972],[145.2246,-37.9961],[145.2239,-37.9952]]]}},{"type":"Feature","id":"way/23946495","properties":{"PARK_NAME":"Eumemmerring Park"},"geometry":{"type":"Polygon","coordinates":[[[145.2455,-37.9958],[145.2434,-37.9953],[145.2423,-37.9953],[145.2421,-37.9964],[145.2408,-37.9973],[145.2416,-37.9993],[145.2396,-37.9998],[145.239,-37.9983],[145.2375,-37.9981],[145.2369,-37.9987],[145.2356,-37.9991],[145.2353,-37.9994],[145.235,-38.0004],[145.2351,-38.0013],[145.2356,-38.0014],[145.2355,-38.0008],[145.236,-37.9996],[145.2371,-37.9996],[145.2373,-37.9995],[145.2374,-37.9993],[145.238,-37.999],[145.2385,-37.999],[145.2392,-38],[145.2395,-38.0002],[145.24,-38.0003],[145.2411,-38.0002],[145.2417,-38.0003],[145.2418,-37.9999],[145.2428,-37.9993],[145.2441,-37.999],[145.2444,-37.9979],[145.2455,-37.998],[145.2458,-37.997],[145.2455,-37.9958]]]}},{"type":"Feature","id":"way/24054695","properties":{"PARK_NAME":"Shepherds Bush"},"geometry":{"type":"Polygon","coordinates":[[[145.1893,-37.8845],[145.1901,-37.8845],[145.1903,-37.8832],[145.1933,-37.8836],[145.1929,-37.8849],[145.1905,-37.8846],[145.1904,-37.8848],[145.1939,-37.8852],[145.1947,-37.8851],[145.195,-37.8852],[145.1969,-37.8851],[145.1965,-37.8843],[145.1965,-37.8816],[145.1957,-37.881],[145.1958,-37.877],[145.1919,-37.8772],[145.1898,-37.877],[145.1898,-37.8773],[145.19,-37.8774],[145.1908,-37.8775],[145.191,-37.8782],[145.1907,-37.8786],[145.1906,-37.8786],[145.1902,-37.8803],[145.1899,-37.8807],[145.1893,-37.8845]]]}},{"type":"Feature","id":"way/24399671","properties":{"PARK_NAME":"Knox Park"},"geometry":{"type":"Polygon","coordinates":[[[145.26,-37.9002],[145.2605,-37.8996],[145.26,-37.8998],[145.2597,-37.8984],[145.2604,-37.8984],[145.2605,-37.8982],[145.2599,-37.8982],[145.2588,-37.8926],[145.2593,-37.8925],[145.2588,-37.8925],[145.2586,-37.8918],[145.2598,-37.8908],[145.2576,-37.8921],[145.2577,-37.8935],[145.2564,-37.894],[145.2573,-37.9004],[145.2583,-37.9001],[145.26,-37.9002]]]}},{"type":"Feature","id":"way/24593825","properties":{"PARK_NAME":"Kings Domain"},"geometry":{"type":"Polygon","coordinates":[[[144.972,-37.8245],[144.9726,-37.8254],[144.9725,-37.8271],[144.9738,-37.8285],[144.9745,-37.8296],[144.9745,-37.8286],[144.975,-37.8283],[144.9745,-37.8277],[144.9752,-37.8271],[144.9753,-37.8264],[144.9763,-37.8258],[144.977,-37.8259],[144.9771,-37.8258],[144.9781,-37.8255],[144.9772,-37.8245],[144.9752,-37.8225],[144.9745,-37.8222],[144.9741,-37.8221],[144.9726,-37.8224],[144.9716,-37.8229],[144.9714,-37.8233],[144.972,-37.8245]]]}},{"type":"Feature","id":"way/24820950","properties":{"PARK_NAME":"Moonee Ponds Creek Parklands"},"geometry":{"type":"Polygon","coordinates":[[[144.9097,-37.6901],[144.9094,-37.6904],[144.9073,-37.6882],[144.9071,-37.6874],[144.9072,-37.687],[144.9077,-37.6871],[144.9075,-37.6866],[144.9087,-37.6862],[144.908,-37.6848],[144.9059,-37.6845],[144.9056,-37.6844],[144.9055,-37.684],[144.9045,-37.6842],[144.9038,-37.6839],[144.9036,-37.6835],[144.9034,-37.6818],[144.9038,-37.6813],[144.9041,-37.6812],[144.901,-37.6809],[144.8952,-37.6811],[144.8953,-37.6815],[144.8947,-37.6822],[144.8945,-37.6823],[144.8947,-37.6824],[144.8949,-37.6827],[144.8946,-37.6835],[144.8951,-37.6837],[144.8953,-37.6834],[144.8958,-37.6836],[144.8961,-37.6829],[144.8964,-37.6831],[144.8962,-37.6828],[144.8993,-37.6817],[144.9004,-37.6818],[144.9018,-37.6825],[144.9012,-37.6843],[144.9002,-37.6891],[144.9004,-37.6897],[144.9002,-37.6906],[144.9012,-37.6944],[144.9006,-37.6947],[144.9008,-37.6949],[144.9013,-37.6944],[144.903,-37.6936],[144.9048,-37.6932],[144.9052,-37.6929],[144.9064,-37.6933],[144.9065,-37.6931],[144.9069,-37.693],[144.9071,-37.6928],[144.9072,-37.6931],[144.9074,-37.6931],[144.9114,-37.6932],[144.9127,-37.6937],[144.914,-37.6937],[144.914,-37.6936],[144.9129,-37.6936],[144.9129,-37.6934],[144.9125,-37.6934],[144.9126,-37.6912],[144.9125,-37.6913],[144.9124,-37.6909],[144.9122,-37.6909],[144.9123,-37.6913],[144.9121,-37.6913],[144.9121,-37.6922],[144.9117,-37.6924],[144.9111,-37.6924],[144.9106,-37.6913],[144.9097,-37.6901]]]}},{"type":"Feature","id":"way/25404607","properties":{"PARK_NAME":"Merri Park"},"geometry":{"type":"Polygon","coordinates":[[[144.9875,-37.7719],[144.987,-37.7714],[144.9858,-37.7718],[144.9858,-37.7714],[144.9855,-37.7713],[144.9859,-37.7693],[144.9847,-37.7685],[144.9848,-37.7676],[144.9845,-37.7676],[144.9842,-37.7697],[144.9844,-37.7711],[144.987,-37.7736],[144.9869,-37.774],[144.9871,-37.774],[144.9874,-37.7746],[144.9884,-37.7747],[144.9882,-37.7745],[144.9884,-37.7733],[144.9882,-37.7732],[144.9884,-37.7729],[144.9892,-37.7732],[144.9894,-37.773],[144.9902,-37.7731],[144.9904,-37.7722],[144.9875,-37.7719]]]}},{"type":"Feature","id":"way/26114605","properties":{"PARK_NAME":"Fairbairn Park"},"geometry":{"type":"Polygon","coordinates":[[[144.9023,-37.7752],[144.9,-37.7728],[144.8999,-37.7714],[144.9003,-37.771],[144.8998,-37.7705],[144.8984,-37.7711],[144.8972,-37.7719],[144.8967,-37.7723],[144.8962,-37.773],[144.8965,-37.7751],[144.8968,-37.7757],[144.898,-37.7754],[144.899,-37.7757],[144.8992,-37.775],[144.9013,-37.7752],[144.9011,-37.7759],[144.9023,-37.7752]]]}},{"type":"Feature","id":"way/26178175","properties":{"PARK_NAME":"Braeside Park"},"geometry":{"type":"Polygon","coordinates":[[[145.1204,-37.9883],[145.1204,-37.9898],[145.1201,-37.9901],[145.1207,-37.9916],[145.1216,-37.9932],[145.1226,-37.9945],[145.1235,-37.9965],[145.1241,-37.999],[145.1239,-37.9996],[145.1237,-37.9995],[145.1237,-37.9998],[145.1235,-37.9999],[145.1235,-38.0004],[145.1239,-38.0008],[145.1254,-38.0012],[145.1231,-38.0056],[145.1232,-38.0067],[145.1238,-38.0092],[145.1243,-38.0095],[145.1263,-38.0097],[145.1264,-38.0099],[145.1359,-38.011],[145.1365,-38.0074],[145.1388,-38.0076],[145.1398,-38.0026],[145.1337,-38.0019],[145.1351,-37.995],[145.1379,-37.9953],[145.1383,-37.993],[145.1393,-37.9931],[145.1399,-37.9906],[145.1204,-37.9883]]]}},{"type":"Feature","id":"way/26208954","properties":{"PARK_NAME":"Event Central at Caribbean Park"},"geometry":{"type":"Polygon","coordinates":[[[145.2365,-37.904],[145.236,-37.9033],[145.2356,-37.9034],[145.23,-37.9062],[145.2284,-37.9059],[145.2263,-37.9036],[145.2256,-37.8993],[145.2249,-37.8994],[145.2246,-37.8993],[145.2249,-37.902],[145.2247,-37.9021],[145.2266,-37.9043],[145.2253,-37.905],[145.2257,-37.9055],[145.2255,-37.9056],[145.2254,-37.9055],[145.2231,-37.9068],[145.2233,-37.9086],[145.2229,-37.9087],[145.2238,-37.9096],[145.2217,-37.9103],[145.2215,-37.9105],[145.2215,-37.9107],[145.2233,-37.9127],[145.2238,-37.9134],[145.2239,-37.9138],[145.2242,-37.9136],[145.2244,-37.9139],[145.2247,-37.9139],[145.2249,-37.9138],[145.2247,-37.9135],[145.2252,-37.9135],[145.2255,-37.9133],[145.2251,-37.9132],[145.225,-37.913],[145.2254,-37.913],[145.2254,-37.9127],[145.2257,-37.9124],[145.226,-37.9125],[145.2266,-37.9123],[145.2267,-37.9124],[145.2267,-37.9122],[145.2272,-37.9121],[145.2274,-37.9118],[145.2276,-37.9117],[145.2275,-37.9113],[145.2278,-37.9114],[145.2282,-37.9112],[145.2282,-37.911],[145.2278,-37.9109],[145.2283,-37.9105],[145.2282,-37.9101],[145.2285,-37.91],[145.2284,-37.9098],[145.2292,-37.9094],[145.2298,-37.9097],[145.2301,-37.9097],[145.2305,-37.9094],[145.2304,-37.9091],[145.2306,-37.9089],[145.2311,-37.9087],[145.2314,-37.9083],[145.232,-37.9084],[145.232,-37.9081],[145.2325,-37.9078],[145.2333,-37.9075],[145.2336,-37.9071],[145.2344,-37.9069],[145.2349,-37.9064],[145.2357,-37.9044],[145.2365,-37.904]]]}},{"type":"Feature","id":"way/26382982","properties":{"PARK_NAME":"Boeing Reserve"},"geometry":{"type":"Polygon","coordinates":[[[144.8977,-37.7166],[144.8989,-37.7179],[144.9005,-37.7186],[144.9018,-37.7187],[144.9019,-37.7178],[144.9022,-37.7168],[144.9022,-37.7164],[144.9029,-37.7148],[144.9027,-37.7144],[144.902,-37.714],[144.9016,-37.7135],[144.9013,-37.7126],[144.899,-37.7103],[144.8989,-37.7104],[144.8992,-37.7109],[144.8997,-37.7137],[144.8997,-37.7142],[144.8996,-37.7144],[144.8982,-37.7138],[144.8977,-37.7166]]]}},{"type":"Feature","id":"way/26582758","properties":{"PARK_NAME":"Lillydale Lake Park"},"geometry":{"type":"Polygon","coordinates":[[[145.359,-37.7704],[145.361,-37.7699],[145.3614,-37.7695],[145.3605,-37.7683],[145.3594,-37.7665],[145.359,-37.7656],[145.3591,-37.7644],[145.3571,-37.7634],[145.3575,-37.7629],[145.3567,-37.7625],[145.3507,-37.7619],[145.3504,-37.7625],[145.3503,-37.7635],[145.3501,-37.7637],[145.3497,-37.7637],[145.3493,-37.7635],[145.3478,-37.7634],[145.3472,-37.7641],[145.3493,-37.7652],[145.3502,-37.7659],[145.3511,-37.7664],[145.3513,-37.7672],[145.3509,-37.7676],[145.3503,-37.7679],[145.3503,-37.7682],[145.3498,-37.7682],[145.3502,-37.7682],[145.3501,-37.769],[145.3517,-37.7706],[145.3527,-37.7707],[145.3547,-37.7698],[145.3544,-37.7709],[145.3555,-37.7708],[145.3564,-37.77],[145.3568,-37.7693],[145.3572,-37.7691],[145.3577,-37.7692],[145.3587,-37.7699],[145.359,-37.7704]]]}},{"type":"Feature","id":"way/27675492","properties":{"PARK_NAME":"Caulfield Park"},"geometry":{"type":"Polygon","coordinates":[[[145.0253,-37.8698],[145.0249,-37.8726],[145.0346,-37.8737],[145.0347,-37.8728],[145.0331,-37.8714],[145.0328,-37.8707],[145.0253,-37.8698]]]}},{"type":"Feature","id":"way/27772268","properties":{"PARK_NAME":"Westgate Park"},"geometry":{"type":"Polygon","coordinates":[[[144.9034,-37.8322],[144.9049,-37.8329],[144.907,-37.8334],[144.9093,-37.8335],[144.9109,-37.8333],[144.911,-37.833],[144.9117,-37.8322],[144.9116,-37.8293],[144.9071,-37.8293],[144.9067,-37.8291],[144.9034,-37.8322]]]}},{"type":"Feature","id":"way/27784473","properties":{"PARK_NAME":"Elwood Park"},"geometry":{"type":"Polygon","coordinates":[[[144.9804,-37.8851],[144.9799,-37.8848],[144.98,-37.8852],[144.9837,-37.8889],[144.984,-37.8888],[144.9847,-37.8897],[144.9844,-37.8898],[144.9853,-37.8912],[144.9859,-37.891],[144.9906,-37.8917],[144.9905,-37.8913],[144.9902,-37.891],[144.9804,-37.8851]]]}},{"type":"Feature","id":"way/27860189","properties":{"PARK_NAME":"Grimes Flat"},"geometry":{"type":"Polygon","coordinates":[[[144.8595,-37.7743],[144.8589,-37.7743],[144.858,-37.7757],[144.8604,-37.776],[144.8611,-37.7759],[144.862,-37.775],[144.8645,-37.7738],[144.8647,-37.7735],[144.8647,-37.7724],[144.8646,-37.7716],[144.8644,-37.7718],[144.8622,-37.7716],[144.8611,-37.7723],[144.8605,-37.7723],[144.8604,-37.7732],[144.8595,-37.7743]]]}},{"type":"Feature","id":"way/27876615","properties":{"PARK_NAME":"Monbulk Creek Retarding Basin"},"geometry":{"type":"Polygon","coordinates":[[[145.323,-37.9226],[145.3223,-37.923],[145.3221,-37.9233],[145.3227,-37.9244],[145.3227,-37.9253],[145.3275,-37.9261],[145.3281,-37.9263],[145.3285,-37.9267],[145.3302,-37.9274],[145.3302,-37.9271],[145.329,-37.9263],[145.3282,-37.9251],[145.3281,-37.9248],[145.329,-37.9242],[145.3294,-37.9242],[145.3303,-37.9246],[145.3308,-37.925],[145.3316,-37.9252],[145.3319,-37.9234],[145.3312,-37.923],[145.3288,-37.9223],[145.3283,-37.9218],[145.3282,-37.9213],[145.3274,-37.9224],[145.3265,-37.923],[145.3255,-37.9233],[145.3246,-37.9232],[145.3236,-37.9233],[145.3232,-37.923],[145.323,-37.9226]]]}},{"type":"Feature","id":"way/28045703","properties":{"PARK_NAME":"Finns Reserve"},"geometry":{"type":"Polygon","coordinates":[[[145.1188,-37.7542],[145.1188,-37.7538],[145.1193,-37.7536],[145.1193,-37.7524],[145.1174,-37.753],[145.1149,-37.7533],[145.1146,-37.7535],[145.1135,-37.7551],[145.1128,-37.7554],[145.1115,-37.7552],[145.1107,-37.7555],[145.1094,-37.7555],[145.1093,-37.7561],[145.1107,-37.7568],[145.1132,-37.757],[145.1138,-37.7564],[145.1143,-37.7562],[145.1145,-37.7559],[145.1155,-37.755],[145.1188,-37.7542]]]}},{"type":"Feature","id":"way/28046158","properties":{"PARK_NAME":"Montpelier Reserve"},"geometry":{"type":"Polygon","coordinates":[[[145.1143,-37.7486],[145.1141,-37.7483],[145.1137,-37.7484],[145.1133,-37.7502],[145.1165,-37.7505],[145.1207,-37.7502],[145.1216,-37.7509],[145.1218,-37.7498],[145.1226,-37.749],[145.1233,-37.7494],[145.1244,-37.7506],[145.1255,-37.751],[145.1258,-37.751],[145.1259,-37.7508],[145.1254,-37.7497],[145.1229,-37.7477],[145.1224,-37.7477],[145.1218,-37.7484],[145.121,-37.7487],[145.1202,-37.7482],[145.1201,-37.7472],[145.1181,-37.7471],[145.1154,-37.7487],[145.1143,-37.7486]]]}},{"type":"Feature","id":"way/28065806","properties":{"PARK_NAME":"Steele Creek Linear Park"},"geometry":{"type":"Polygon","coordinates":[[[144.8742,-37.7357],[144.8746,-37.735],[144.875,-37.7349],[144.8756,-37.7351],[144.876,-37.7354],[144.8761,-37.7357],[144.876,-37.7366],[144.8762,-37.737],[144.8766,-37.7372],[144.8782,-37.7376],[144.8783,-37.7374],[144.877,-37.7368],[144.8766,-37.7364],[144.8768,-37.7362],[144.8768,-37.736],[144.877,-37.7355],[144.8756,-37.7345],[144.8755,-37.7339],[144.8751,-37.7342],[144.8752,-37.7343],[144.8751,-37.7345],[144.8747,-37.7346],[144.8743,-37.7345],[144.8745,-37.733],[144.875,-37.7331],[144.875,-37.7329],[144.8745,-37.7329],[144.8749,-37.731],[144.8719,-37.7304],[144.8717,-37.7306],[144.8722,-37.7306],[144.8721,-37.731],[144.8724,-37.731],[144.8733,-37.7316],[144.8734,-37.732],[144.8732,-37.7322],[144.8722,-37.7323],[144.8723,-37.7324],[144.8728,-37.7324],[144.8729,-37.7339],[144.8735,-37.734],[144.8738,-37.7342],[144.8739,-37.7347],[144.8733,-37.736],[144.8722,-37.7363],[144.8723,-37.7364],[144.8739,-37.736],[144.8742,-37.7359],[144.8742,-37.7357]]]}},{"type":"Feature","id":"way/28205552","properties":{"PARK_NAME":"Dendy Park"},"geometry":{"type":"Polygon","coordinates":[[[145.0201,-37.9269],[145.0213,-37.927],[145.0212,-37.9275],[145.0243,-37.9279],[145.0252,-37.9286],[145.0262,-37.9287],[145.0266,-37.9255],[145.0244,-37.923],[145.0208,-37.9227],[145.0201,-37.9269]]]}},{"type":"Feature","id":"way/28242413","properties":{"PARK_NAME":"Eltham Lower Park"},"geometry":{"type":"Polygon","coordinates":[[[145.1422,-37.732],[145.1419,-37.7316],[145.1421,-37.7313],[145.143,-37.7313],[145.1433,-37.7312],[145.1434,-37.731],[145.1422,-37.7312],[145.1402,-37.7328],[145.1394,-37.7333],[145.1394,-37.7336],[145.1391,-37.7336],[145.1397,-37.7369],[145.1432,-37.7372],[145.1454,-37.7363],[145.1447,-37.7356],[145.1437,-37.7359],[145.143,-37.7353],[145.1429,-37.7349],[145.1438,-37.7343],[145.1441,-37.7337],[145.1436,-37.7333],[145.143,-37.733],[145.143,-37.7327],[145.1433,-37.7322],[145.1425,-37.7321],[145.1422,-37.732]]]}},{"type":"Feature","id":"way/28358257","properties":{"PARK_NAME":"Town Park"},"geometry":{"type":"Polygon","coordinates":[[[145.2844,-37.7992],[145.2844,-37.7996],[145.2836,-37.7995],[145.2834,-37.8005],[145.2823,-37.8003],[145.2826,-37.799],[145.2808,-37.7988],[145.2803,-37.8009],[145.279,-37.8007],[145.279,-37.8011],[145.2796,-37.8012],[145.2795,-37.8019],[145.2817,-37.8023],[145.2814,-37.8037],[145.2801,-37.8056],[145.2799,-37.8063],[145.2811,-37.8065],[145.2813,-37.8057],[145.2831,-37.8045],[145.2839,-37.8045],[145.2841,-37.8043],[145.2853,-37.7993],[145.2844,-37.7992]]]}},{"type":"Feature","id":"way/28358421","properties":{"PARK_NAME":"Eastfield Park"},"geometry":{"type":"Polygon","coordinates":[[[145.2819,-37.8066],[145.2799,-37.8063],[145.2771,-37.8084],[145.2745,-37.8089],[145.2735,-37.8088],[145.2733,-37.8096],[145.2726,-37.8102],[145.2714,-37.8107],[145.271,-37.8106],[145.2709,-37.8108],[145.2716,-37.811],[145.2718,-37.8108],[145.2723,-37.8107],[145.2722,-37.8108],[145.2763,-37.8113],[145.2762,-37.8117],[145.2793,-37.8121],[145.2798,-37.8098],[145.2802,-37.8099],[145.2813,-37.8097],[145.2819,-37.8066]]]}},{"type":"Feature","id":"way/28483951","properties":{"PARK_NAME":"Civic Reserve"},"geometry":{"type":"Polygon","coordinates":[[[145.049,-38.2388],[145.0502,-38.2391],[145.05,-38.2395],[145.0502,-38.2396],[145.0503,-38.2391],[145.053,-38.2399],[145.0531,-38.2401],[145.0532,-38.24],[145.0548,-38.2404],[145.0564,-38.2363],[145.0519,-38.2349],[145.0506,-38.2347],[145.0502,-38.2353],[145.049,-38.2388]]]}},{"type":"Feature","id":"way/28533552","properties":{"PARK_NAME":"Fran Street Reserve"},"geometry":{"type":"Polygon","coordinates":[[[144.9008,-37.7078],[144.9026,-37.7074],[144.9031,-37.7074],[144.9033,-37.7061],[144.904,-37.7056],[144.9037,-37.7054],[144.9047,-37.7042],[144.9052,-37.7018],[144.9049,-37.7017],[144.9046,-37.7014],[144.9047,-37.7009],[144.9051,-37.7009],[144.9051,-37.7008],[144.9047,-37.7007],[144.9048,-37.7004],[144.9052,-37.7001],[144.9041,-37.6989],[144.9047,-37.6977],[144.905,-37.698],[144.9052,-37.698],[144.9048,-37.6976],[144.9041,-37.6979],[144.9039,-37.6989],[144.9031,-37.6989],[144.9032,-37.6992],[144.9035,-37.6993],[144.9037,-37.7009],[144.9031,-37.7021],[144.9034,-37.7024],[144.9033,-37.7041],[144.9029,-37.7046],[144.9017,-37.7049],[144.9012,-37.7052],[144.9009,-37.7062],[144.9003,-37.7068],[144.9008,-37.7078]]]}},{"type":"Feature","id":"way/28551967","properties":{"PARK_NAME":"Toomuc Reserve"},"geometry":{"type":"Polygon","coordinates":[[[145.4558,-38.0666],[145.4616,-38.0681],[145.462,-38.0675],[145.4618,-38.0668],[145.462,-38.0657],[145.4625,-38.065],[145.4625,-38.064],[145.4575,-38.0626],[145.4558,-38.0666]]]}},{"type":"Feature","id":"way/28594264","properties":{"PARK_NAME":"Edwardes Lake Park"},"geometry":{"type":"Polygon","coordinates":[[[144.9954,-37.7151],[144.9957,-37.7131],[144.996,-37.7119],[144.9943,-37.7113],[144.9907,-37.7114],[144.9904,-37.7129],[144.9908,-37.7129],[144.9907,-37.7134],[144.9905,-37.7133],[144.9902,-37.7138],[144.9897,-37.7138],[144.9896,-37.7142],[144.9899,-37.7143],[144.9897,-37.7146],[144.9913,-37.716],[144.9922,-37.7163],[144.9944,-37.7152],[144.9954,-37.7151]]]}},{"type":"Feature","id":"way/28738319","properties":{"PARK_NAME":"Burke Road South Reserve"},"geometry":{"type":"Polygon","coordinates":[[[145.0494,-37.8485],[145.0496,-37.8486],[145.0495,-37.8492],[145.0489,-37.8492],[145.0478,-37.8487],[145.0471,-37.8482],[145.0447,-37.8479],[145.0445,-37.8479],[145.0443,-37.8483],[145.0467,-37.8487],[145.0485,-37.8495],[145.0523,-37.8516],[145.0525,-37.8515],[145.0528,-37.8503],[145.0524,-37.8502],[145.0519,-37.8508],[145.0513,-37.8505],[145.0513,-37.8502],[145.051,-37.8499],[145.0512,-37.8482],[145.0488,-37.8479],[145.0488,-37.8482],[145.0494,-37.8485]]]}},{"type":"Feature","id":"way/28865619","properties":{"PARK_NAME":"J.C. Donath Reserve"},"geometry":{"type":"Polygon","coordinates":[[[145.0111,-37.7006],[145.0117,-37.701],[145.0174,-37.7016],[145.0181,-37.702],[145.0192,-37.7005],[145.0194,-37.6994],[145.0191,-37.6993],[145.019,-37.6994],[145.0184,-37.6993],[145.0184,-37.6992],[145.018,-37.6992],[145.018,-37.6993],[145.0157,-37.699],[145.0157,-37.6985],[145.0135,-37.6984],[145.0136,-37.6983],[145.0121,-37.6981],[145.0121,-37.6977],[145.0117,-37.698],[145.0111,-37.7006]]]}},{"type":"Feature","id":"way/29060206","properties":{"PARK_NAME":"Hays Paddock"},"geometry":{"type":"Polygon","coordinates":[[[145.0603,-37.7925],[145.0602,-37.7928],[145.0605,-37.7928],[145.0606,-37.7925],[145.0602,-37.7921],[145.0605,-37.7905],[145.0598,-37.7904],[145.0601,-37.7889],[145.06,-37.7885],[145.0605,-37.7862],[145.0611,-37.7862],[145.0611,-37.7857],[145.0592,-37.7864],[145.0573,-37.7876],[145.0566,-37.7907],[145.0554,-37.7903],[145.0553,-37.7909],[145.0559,-37.791],[145.0558,-37.7913],[145.057,-37.7915],[145.0569,-37.7919],[145.0574,-37.792],[145.0573,-37.7925],[145.0574,-37.7925],[145.0576,-37.7917],[145.0582,-37.7914],[145.059,-37.7913],[145.0596,-37.7924],[145.0603,-37.7925]]]}},{"type":"Feature","id":"way/29064385","properties":{"PARK_NAME":"Newport Lakes Reserve"},"geometry":{"type":"Polygon","coordinates":[[[144.8692,-37.8341],[144.8685,-37.8381],[144.868,-37.838],[144.8679,-37.8389],[144.8699,-37.8402],[144.871,-37.8406],[144.872,-37.8407],[144.8721,-37.84],[144.8731,-37.8401],[144.873,-37.8405],[144.8738,-37.8406],[144.8739,-37.8403],[144.8749,-37.8404],[144.8758,-37.8356],[144.8745,-37.8355],[144.8744,-37.8359],[144.8727,-37.8357],[144.8715,-37.8353],[144.871,-37.8346],[144.8698,-37.8345],[144.8692,-37.8341]]]}},{"type":"Feature","id":"way/29992116","properties":{"PARK_NAME":"Gardiners Reserve"},"geometry":{"type":"Polygon","coordinates":[[[145.0996,-37.8591],[145.102,-37.8594],[145.1022,-37.8586],[145.1039,-37.857],[145.1045,-37.8571],[145.1048,-37.8561],[145.105,-37.8559],[145.106,-37.8558],[145.1063,-37.8556],[145.1063,-37.8555],[145.1075,-37.8554],[145.1076,-37.8549],[145.107,-37.8548],[145.1069,-37.855],[145.1061,-37.8553],[145.1044,-37.8552],[145.1037,-37.8556],[145.1027,-37.8555],[145.1024,-37.8556],[145.1024,-37.8559],[145.1016,-37.8558],[145.1009,-37.8562],[145.1006,-37.8578],[145.1001,-37.8578],[145.1,-37.8588],[145.0995,-37.8587],[145.0996,-37.8591]]]}},{"type":"Feature","id":"way/30511376","properties":{"PARK_NAME":"C.H. Sullivan Memorial Park"},"geometry":{"type":"Polygon","coordinates":[[[145.0378,-37.7334],[145.0378,-37.7336],[145.038,-37.7337],[145.0372,-37.7349],[145.0346,-37.7349],[145.0338,-37.7351],[145.0336,-37.7349],[145.0334,-37.7353],[145.0336,-37.7359],[145.0334,-37.7366],[145.0336,-37.7366],[145.0337,-37.7365],[145.0337,-37.7354],[145.0338,-37.7352],[145.0345,-37.735],[145.0359,-37.7352],[145.0374,-37.735],[145.0377,-37.7347],[145.0381,-37.7339],[145.0396,-37.7329],[145.0401,-37.7323],[145.0401,-37.7321],[145.038,-37.7305],[145.038,-37.7301],[145.0384,-37.7299],[145.0349,-37.7295],[145.0346,-37.7309],[145.0342,-37.7308],[145.0341,-37.731],[145.0346,-37.731],[145.0344,-37.7316],[145.0374,-37.732],[145.0373,-37.7328],[145.0379,-37.7329],[145.0378,-37.7334]]]}},{"type":"Feature","id":"way/30928659","properties":{"PARK_NAME":"Heatherton Park"},"geometry":{"type":"Polygon","coordinates":[[[145.1262,-37.9591],[145.1308,-37.9597],[145.131,-37.9591],[145.132,-37.9592],[145.1328,-37.955],[145.1306,-37.9548],[145.13,-37.9552],[145.1282,-37.9551],[145.1276,-37.9575],[145.1265,-37.9576],[145.1262,-37.9591]]]}},{"type":"Feature","id":"way/30967890","properties":{"PARK_NAME":"Darebin Parklands"},"geometry":{"type":"Polygon","coordinates":[[[145.0319,-37.7759],[145.0334,-37.7762],[145.0338,-37.776],[145.034,-37.776],[145.034,-37.7761],[145.0346,-37.7763],[145.0347,-37.7766],[145.0349,-37.7766],[145.0351,-37.7758],[145.0356,-37.7757],[145.0358,-37.775],[145.0354,-37.7748],[145.0347,-37.7737],[145.0342,-37.7732],[145.034,-37.7724],[145.0343,-37.7723],[145.0359,-37.7726],[145.0367,-37.7725],[145.037,-37.7718],[145.0368,-37.771],[145.0365,-37.7707],[145.0349,-37.7704],[145.0327,-37.7707],[145.0319,-37.7759]]]}},{"type":"Feature","id":"way/31009823","properties":{"PARK_NAME":"Sir Zelman Cowen Park"},"geometry":{"type":"Polygon","coordinates":[[[145.0327,-37.838],[145.0344,-37.8384],[145.0348,-37.8386],[145.0348,-37.8394],[145.0362,-37.8401],[145.0365,-37.8405],[145.0362,-37.8407],[145.0383,-37.8409],[145.0382,-37.8422],[145.0389,-37.8436],[145.0389,-37.8438],[145.0385,-37.8439],[145.0389,-37.8446],[145.0391,-37.8445],[145.039,-37.8438],[145.0392,-37.8419],[145.0392,-37.8411],[145.0388,-37.84],[145.0381,-37.8391],[145.0377,-37.8387],[145.0369,-37.8386],[145.0364,-37.8382],[145.0352,-37.8378],[145.0329,-37.8375],[145.0327,-37.838]]]}},{"type":"Feature","id":"way/31250080","properties":{"PARK_NAME":"Koonung Creek Reserve"},"geometry":{"type":"Polygon","coordinates":[[[145.0872,-37.7819],[145.0875,-37.7813],[145.0881,-37.7816],[145.0922,-37.7812],[145.0951,-37.7816],[145.0958,-37.7826],[145.096,-37.7833],[145.0974,-37.7835],[145.0972,-37.7842],[145.0986,-37.7844],[145.099,-37.7851],[145.099,-37.7857],[145.0994,-37.7861],[145.1002,-37.7876],[145.0997,-37.7898],[145.102,-37.7885],[145.1011,-37.7874],[145.1003,-37.787],[145.0996,-37.7856],[145.0986,-37.7826],[145.098,-37.7818],[145.0965,-37.7807],[145.0936,-37.78],[145.0867,-37.7807],[145.0854,-37.7806],[145.0825,-37.7801],[145.0825,-37.7802],[145.0827,-37.7804],[145.0828,-37.7813],[145.0872,-37.7819]]]}},{"type":"Feature","id":"way/31253383","properties":{"PARK_NAME":"Bundoora Park"},"geometry":{"type":"Polygon","coordinates":[[[145.029,-37.7123],[145.0305,-37.712],[145.0449,-37.7135],[145.0481,-37.711],[145.0477,-37.7107],[145.0489,-37.7097],[145.0485,-37.7095],[145.0486,-37.709],[145.0495,-37.7083],[145.0497,-37.7083],[145.05,-37.7077],[145.051,-37.7067],[145.0509,-37.7062],[145.0506,-37.7059],[145.0498,-37.7057],[145.0487,-37.7061],[145.0486,-37.7057],[145.048,-37.7056],[145.0474,-37.7046],[145.0472,-37.7035],[145.0465,-37.7033],[145.0461,-37.7029],[145.0461,-37.7025],[145.0464,-37.7022],[145.0472,-37.7019],[145.0474,-37.7017],[145.0485,-37.7014],[145.0489,-37.6991],[145.0445,-37.6986],[145.0439,-37.6991],[145.0431,-37.6991],[145.0427,-37.6989],[145.0426,-37.6986],[145.0383,-37.6978],[145.0371,-37.6992],[145.037,-37.6991],[145.036,-37.6999],[145.0354,-37.7009],[145.0344,-37.7022],[145.0346,-37.7028],[145.0345,-37.7036],[145.0343,-37.7038],[145.0338,-37.7038],[145.0337,-37.704],[145.0342,-37.7041],[145.0342,-37.7045],[145.034,-37.7044],[145.0332,-37.7055],[145.0328,-37.7053],[145.0334,-37.7056],[145.0331,-37.7067],[145.0333,-37.7068],[145.0334,-37.7072],[145.0335,-37.7073],[145.0337,-37.7076],[145.0339,-37.7076],[145.0339,-37.708],[145.0351,-37.7086],[145.0351,-37.7093],[145.035,-37.7093],[145.0349,-37.7099],[145.0344,-37.7109],[145.0346,-37.711],[145.0342,-37.7118],[145.0337,-37.7119],[145.0329,-37.7114],[145.0313,-37.7112],[145.0301,-37.7117],[145.0301,-37.7115],[145.029,-37.7118],[145.029,-37.7123]]]}},{"type":"Feature","id":"way/31296035","properties":{"PARK_NAME":"Lewis Park"},"geometry":{"type":"Polygon","coordinates":[[[145.2493,-37.8676],[145.2497,-37.8668],[145.2502,-37.8644],[145.2489,-37.864],[145.2492,-37.8636],[145.2486,-37.8624],[145.2471,-37.8629],[145.2466,-37.864],[145.2448,-37.8642],[145.2447,-37.8645],[145.2441,-37.8643],[145.2437,-37.865],[145.2432,-37.8648],[145.243,-37.8651],[145.2424,-37.8654],[145.2413,-37.8671],[145.2409,-37.8665],[145.24,-37.8668],[145.24,-37.8672],[145.2398,-37.8673],[145.2368,-37.8663],[145.2411,-37.8678],[145.2414,-37.8676],[145.2419,-37.8666],[145.2452,-37.8683],[145.2452,-37.8681],[145.2459,-37.8675],[145.2465,-37.8674],[145.2502,-37.8686],[145.2505,-37.868],[145.2493,-37.8676]]]}},{"type":"Feature","id":"way/31887662","properties":{"PARK_NAME":"K.P. Hardiman Reserve"},"geometry":{"type":"Polygon","coordinates":[[[145.0315,-37.7219],[145.0346,-37.7207],[145.0346,-37.7201],[145.0342,-37.7197],[145.034,-37.7196],[145.0332,-37.7197],[145.0328,-37.7202],[145.0316,-37.7207],[145.0314,-37.7205],[145.031,-37.7199],[145.0311,-37.7197],[145.0316,-37.7197],[145.0314,-37.718],[145.0307,-37.7168],[145.0272,-37.7164],[145.0271,-37.7159],[145.026,-37.7155],[145.0256,-37.7151],[145.0254,-37.7147],[145.0247,-37.7152],[145.0251,-37.716],[145.0315,-37.7219]]]}},{"type":"Feature","id":"way/33153247","properties":{"PARK_NAME":"Jack Roper Reserve"},"geometry":{"type":"Polygon","coordinates":[[[144.9339,-37.6935],[144.9402,-37.6928],[144.9383,-37.6899],[144.9386,-37.6877],[144.9362,-37.6874],[144.936,-37.6886],[144.9363,-37.6888],[144.9363,-37.6891],[144.9355,-37.689],[144.9351,-37.691],[144.9347,-37.6908],[144.9346,-37.6909],[144.935,-37.6911],[144.9341,-37.6918],[144.9338,-37.6916],[144.9337,-37.6917],[144.9336,-37.6918],[144.9341,-37.6919],[144.9338,-37.6925],[144.9339,-37.6935]]]}},{"type":"Feature","id":"way/33426124","properties":{"PARK_NAME":"Maple Street Reserve"},"geometry":{"type":"Polygon","coordinates":[[[145.1426,-38.1011],[145.1422,-38.1018],[145.1429,-38.1018],[145.1429,-38.1015],[145.1459,-38.1019],[145.1459,-38.1022],[145.1462,-38.1022],[145.1462,-38.1019],[145.1509,-38.1024],[145.1509,-38.1027],[145.1511,-38.1027],[145.1511,-38.1024],[145.1541,-38.1027],[145.1542,-38.103],[145.1544,-38.103],[145.1546,-38.1027],[145.1569,-38.103],[145.1574,-38.1035],[145.1565,-38.1024],[145.1563,-38.1025],[145.1471,-38.1016],[145.1472,-38.1011],[145.147,-38.1016],[145.1426,-38.1011]]]}},{"type":"Feature","id":"way/33434491","properties":{"PARK_NAME":"McNish Reserve"},"geometry":{"type":"Polygon","coordinates":[[[144.8711,-37.8115],[144.8726,-37.8134],[144.8731,-37.8144],[144.875,-37.8149],[144.877,-37.8162],[144.878,-37.8197],[144.8782,-37.8197],[144.878,-37.8193],[144.8785,-37.8194],[144.8785,-37.8182],[144.8779,-37.8181],[144.8776,-37.8179],[144.8777,-37.8165],[144.8775,-37.8165],[144.8776,-37.8156],[144.8766,-37.815],[144.8766,-37.8148],[144.8756,-37.8147],[144.8734,-37.8137],[144.8728,-37.8137],[144.8719,-37.8125],[144.8721,-37.8119],[144.8716,-37.8119],[144.8715,-37.8115],[144.8711,-37.8115]]]}},{"type":"Feature","id":"way/33738166","properties":{"PARK_NAME":"Yarra Flats"},"geometry":{"type":"Polygon","coordinates":[[[145.0635,-37.7814],[145.0644,-37.7815],[145.0647,-37.7816],[145.0647,-37.782],[145.0642,-37.7825],[145.0642,-37.7827],[145.0646,-37.7829],[145.0654,-37.7831],[145.0666,-37.7837],[145.0674,-37.7834],[145.0676,-37.7831],[145.0676,-37.7824],[145.0667,-37.7819],[145.0667,-37.7814],[145.0674,-37.7803],[145.0673,-37.7792],[145.0679,-37.7772],[145.0694,-37.7749],[145.0693,-37.7746],[145.0688,-37.7741],[145.0689,-37.7729],[145.0695,-37.7721],[145.0708,-37.7711],[145.0715,-37.7711],[145.0723,-37.7719],[145.0739,-37.7722],[145.0756,-37.7738],[145.076,-37.7738],[145.0765,-37.7736],[145.0765,-37.7731],[145.0756,-37.7724],[145.0754,-37.772],[145.0755,-37.7713],[145.0753,-37.7707],[145.072,-37.7693],[145.0716,-37.7685],[145.0714,-37.7672],[145.0719,-37.7667],[145.0727,-37.7665],[145.0751,-37.767],[145.0758,-37.7674],[145.0764,-37.7673],[145.0764,-37.7664],[145.0766,-37.7659],[145.0781,-37.7645],[145.0791,-37.7625],[145.0788,-37.762],[145.0774,-37.761],[145.0771,-37.7603],[145.0737,-37.7604],[145.0719,-37.7603],[145.0721,-37.7607],[145.0726,-37.7616],[145.0727,-37.7621],[145.0712,-37.7633],[145.071,-37.764],[145.071,-37.7651],[145.0708,-37.7653],[145.069,-37.7659],[145.0684,-37.7666],[145.0683,-37.7675],[145.0685,-37.7685],[145.0692,-37.7691],[145.0701,-37.7704],[145.0702,-37.7709],[145.0683,-37.7722],[145.0674,-37.7725],[145.0669,-37.7733],[145.0666,-37.7738],[145.0671,-37.7748],[145.0672,-37.7754],[145.0668,-37.7764],[145.0667,-37.7774],[145.0662,-37.7789],[145.0657,-37.7795],[145.0656,-37.7803],[145.0653,-37.7805],[145.0646,-37.7808],[145.0638,-37.7805],[145.0635,-37.7814]]]}},{"type":"Feature","id":"way/33739269","properties":{"PARK_NAME":"Banksia Park"},"geometry":{"type":"Polygon","coordinates":[[[145.0773,-37.76],[145.0803,-37.7599],[145.0818,-37.7601],[145.0819,-37.7596],[145.0829,-37.7596],[145.0831,-37.7598],[145.0839,-37.7599],[145.084,-37.7596],[145.0825,-37.7592],[145.0825,-37.7587],[145.0827,-37.7582],[145.0812,-37.7569],[145.0815,-37.7564],[145.0809,-37.7561],[145.0808,-37.7551],[145.0807,-37.7546],[145.0803,-37.7542],[145.0799,-37.754],[145.0788,-37.7539],[145.0782,-37.7541],[145.0773,-37.756],[145.0781,-37.7565],[145.0802,-37.7571],[145.0807,-37.7577],[145.0805,-37.758],[145.0792,-37.7584],[145.0783,-37.7581],[145.0777,-37.7576],[145.0761,-37.7575],[145.0752,-37.7571],[145.0748,-37.757],[145.0738,-37.7576],[145.0732,-37.7585],[145.073,-37.759],[145.0731,-37.7594],[145.0735,-37.7595],[145.0751,-37.7591],[145.0763,-37.7585],[145.0768,-37.7585],[145.077,-37.7586],[145.0773,-37.7592],[145.0774,-37.7597],[145.0773,-37.76]]]}},{"type":"Feature","id":"way/33998644","properties":{"PARK_NAME":"Jacana Wetlands"},"geometry":{"type":"Polygon","coordinates":[[[144.9048,-37.6939],[144.9029,-37.6945],[144.8988,-37.6976],[144.8996,-37.6985],[144.9047,-37.6977],[144.9079,-37.6969],[144.9087,-37.6969],[144.9087,-37.6963],[144.9093,-37.6941],[144.9058,-37.6938],[144.9048,-37.6939]]]}},{"type":"Feature","id":"way/37319770","properties":{"PARK_NAME":"Lynden Park"},"geometry":{"type":"Polygon","coordinates":[[[145.0893,-37.8426],[145.0891,-37.8425],[145.0883,-37.8426],[145.0895,-37.8406],[145.0899,-37.8405],[145.0897,-37.8405],[145.0903,-37.8395],[145.0899,-37.8394],[145.088,-37.8425],[145.0865,-37.843],[145.0864,-37.8428],[145.0858,-37.8425],[145.0853,-37.8432],[145.0851,-37.8433],[145.0834,-37.8431],[145.0835,-37.8435],[145.0834,-37.8446],[145.0842,-37.8447],[145.0843,-37.8442],[145.0872,-37.8445],[145.0873,-37.8441],[145.0877,-37.8441],[145.0877,-37.8438],[145.0885,-37.8439],[145.0886,-37.8435],[145.0891,-37.8436],[145.0892,-37.8435],[145.0887,-37.8434],[145.0888,-37.8426],[145.0893,-37.8426]]]}},{"type":"Feature","id":"way/41566950","properties":{"PARK_NAME":"Wattle Park"},"geometry":{"type":"Polygon","coordinates":[[[145.1109,-37.8385],[145.1103,-37.8378],[145.11,-37.8377],[145.1023,-37.8369],[145.1,-37.8363],[145.0983,-37.8361],[145.0975,-37.8406],[145.1096,-37.842],[145.1099,-37.8425],[145.1101,-37.8425],[145.1109,-37.8385]]]}},{"type":"Feature","id":"way/43059992","properties":{"PARK_NAME":"Findon Recreation Reserve"},"geometry":{"type":"Polygon","coordinates":[[[145.0485,-37.667],[145.0482,-37.667],[145.048,-37.6668],[145.0481,-37.6657],[145.0486,-37.6657],[145.0487,-37.6653],[145.0484,-37.665],[145.0517,-37.6625],[145.0505,-37.6626],[145.0507,-37.6627],[145.0493,-37.6637],[145.0476,-37.664],[145.0475,-37.6637],[145.0462,-37.6643],[145.0464,-37.6644],[145.0457,-37.666],[145.0453,-37.666],[145.0451,-37.6663],[145.0457,-37.6668],[145.0459,-37.6675],[145.0463,-37.6674],[145.0466,-37.6676],[145.0473,-37.6676],[145.0471,-37.668],[145.0475,-37.668],[145.0478,-37.6678],[145.0475,-37.6675],[145.0482,-37.667],[145.0485,-37.667]]]}},{"type":"Feature","id":"way/44775135","properties":{"PARK_NAME":"Olympic Park"},"geometry":{"type":"Polygon","coordinates":[[[145.0362,-37.7408],[145.0356,-37.737],[145.0376,-37.7358],[145.0376,-37.7355],[145.0379,-37.7353],[145.0384,-37.7354],[145.0386,-37.7357],[145.0396,-37.7353],[145.0393,-37.735],[145.0394,-37.7346],[145.0397,-37.7343],[145.0401,-37.7343],[145.0402,-37.7336],[145.0406,-37.7337],[145.0406,-37.7335],[145.0395,-37.7331],[145.0382,-37.7339],[145.0378,-37.7349],[145.0371,-37.7352],[145.0356,-37.7353],[145.0345,-37.7351],[145.034,-37.7352],[145.0338,-37.7354],[145.0339,-37.7365],[145.033,-37.7366],[145.033,-37.7368],[145.0323,-37.737],[145.0317,-37.7376],[145.0318,-37.7388],[145.0325,-37.7401],[145.0325,-37.7408],[145.0341,-37.7407],[145.0362,-37.7408]]]}},{"type":"Feature","id":"way/45792871","properties":{"PARK_NAME":"Footscray Park"},"geometry":{"type":"Polygon","coordinates":[[[144.9122,-37.7951],[144.9078,-37.7938],[144.9064,-37.7931],[144.9045,-37.7923],[144.9033,-37.7917],[144.9027,-37.7911],[144.9018,-37.7911],[144.9015,-37.7912],[144.9012,-37.7916],[144.9008,-37.7936],[144.9016,-37.7937],[144.9014,-37.7944],[144.9086,-37.7952],[144.9088,-37.7947],[144.9094,-37.7948],[144.9094,-37.7953],[144.9107,-37.7955],[144.9116,-37.7954],[144.9122,-37.7951]]]}},{"type":"Feature","id":"way/46418652","properties":{"PARK_NAME":"Casey Fields"},"geometry":{"type":"Polygon","coordinates":[[[145.3068,-38.1198],[145.3064,-38.1226],[145.3073,-38.1229],[145.3066,-38.1272],[145.3158,-38.1284],[145.3171,-38.1218],[145.3086,-38.1167],[145.3079,-38.1166],[145.3076,-38.1172],[145.3068,-38.1198]]]}},{"type":"Feature","id":"way/46483480","properties":{"PARK_NAME":"Gunns Road Reserve"},"geometry":{"type":"Polygon","coordinates":[[[145.2539,-37.9953],[145.2548,-37.9954],[145.2547,-37.9959],[145.2599,-37.9963],[145.2628,-37.9968],[145.2626,-37.9978],[145.2632,-37.9978],[145.2634,-37.9982],[145.2638,-37.9983],[145.264,-37.998],[145.2669,-37.997],[145.2667,-37.9967],[145.2673,-37.9963],[145.2707,-37.9976],[145.2746,-37.9985],[145.2747,-37.9983],[145.2724,-37.9979],[145.2662,-37.9957],[145.2602,-37.9937],[145.257,-37.993],[145.2564,-37.993],[145.255,-37.9933],[145.2546,-37.9937],[145.2539,-37.9953]]]}},{"type":"Feature","id":"way/46504881","properties":{"PARK_NAME":"Bushy Park Wetlands"},"geometry":{"type":"Polygon","coordinates":[[[145.1895,-37.8764],[145.1899,-37.8753],[145.1896,-37.8741],[145.1914,-37.8743],[145.195,-37.8675],[145.1956,-37.8652],[145.1906,-37.8645],[145.1877,-37.8694],[145.1874,-37.8697],[145.189,-37.874],[145.1884,-37.8767],[145.1907,-37.8768],[145.1907,-37.8766],[145.1895,-37.8764]]]}},{"type":"Feature","id":"way/46927559","properties":{"PARK_NAME":"Dandenong Police Paddocks Reserve"},"geometry":{"type":"Polygon","coordinates":[[[145.2549,-37.956],[145.2451,-37.9487],[145.2438,-37.9433],[145.2339,-37.942],[145.2338,-37.9428],[145.233,-37.9427],[145.2326,-37.945],[145.232,-37.9457],[145.2312,-37.9458],[145.2299,-37.9451],[145.2274,-37.9508],[145.2299,-37.9525],[145.2304,-37.9527],[145.231,-37.9526],[145.2316,-37.9528],[145.232,-37.9525],[145.2324,-37.9527],[145.2335,-37.9544],[145.2337,-37.955],[145.2335,-37.9556],[145.2341,-37.9567],[145.2336,-37.9585],[145.234,-37.9588],[145.2337,-37.9593],[145.2337,-37.9599],[145.2336,-37.9603],[145.233,-37.9605],[145.2328,-37.9609],[145.2323,-37.9612],[145.2325,-37.9616],[145.2329,-37.9622],[145.2328,-37.9626],[145.2333,-37.9631],[145.2336,-37.9645],[145.2436,-37.9656],[145.2438,-37.9655],[145.244,-37.9655],[145.2438,-37.9663],[145.2439,-37.9665],[145.2459,-37.9668],[145.2473,-37.966],[145.2537,-37.9668],[145.2536,-37.9674],[145.2543,-37.9677],[145.2544,-37.9669],[145.2616,-37.9678],[145.2618,-37.9668],[145.2624,-37.9661],[145.2621,-37.9659],[145.2625,-37.9639],[145.258,-37.9633],[145.2579,-37.9636],[145.2575,-37.9636],[145.257,-37.9658],[145.2536,-37.9646],[145.2539,-37.9635],[145.2538,-37.9635],[145.254,-37.9632],[145.2539,-37.9627],[145.252,-37.9625],[145.2517,-37.9617],[145.2513,-37.9616],[145.2507,-37.9608],[145.2514,-37.9584],[145.2532,-37.9569],[145.2537,-37.9567],[145.2549,-37.956]]]}},{"type":"Feature","id":"way/46978800","properties":{"PARK_NAME":"A.B.Shaw Reserve"},"geometry":{"type":"Polygon","coordinates":[[[144.7877,-37.8647],[144.7862,-37.8646],[144.7843,-37.8635],[144.7819,-37.8628],[144.7797,-37.8624],[144.7788,-37.8627],[144.7785,-37.8654],[144.7874,-37.8662],[144.7877,-37.8647]]]}},{"type":"Feature","id":"way/46980919","properties":{"PARK_NAME":"Transmission Line Linear Reserve"},"geometry":{"type":"Polygon","coordinates":[[[144.7773,-37.6872],[144.7766,-37.6867],[144.7768,-37.6864],[144.7765,-37.6866],[144.7765,-37.686],[144.7761,-37.6858],[144.7763,-37.6856],[144.776,-37.6857],[144.7756,-37.6852],[144.7758,-37.6849],[144.7755,-37.6851],[144.774,-37.6844],[144.7738,-37.6841],[144.7738,-37.6844],[144.7735,-37.6843],[144.7728,-37.6838],[144.7729,-37.6836],[144.7727,-37.6837],[144.7718,-37.6831],[144.772,-37.6829],[144.7717,-37.683],[144.7715,-37.6828],[144.7699,-37.6845],[144.7706,-37.6846],[144.7704,-37.6849],[144.7707,-37.6846],[144.7717,-37.6852],[144.7726,-37.6848],[144.7729,-37.685],[144.7727,-37.6852],[144.773,-37.6851],[144.7738,-37.6857],[144.7736,-37.6859],[144.774,-37.6858],[144.7745,-37.6862],[144.7744,-37.6865],[144.7746,-37.6863],[144.7752,-37.6868],[144.7751,-37.6872],[144.7736,-37.6879],[144.7732,-37.6886],[144.7723,-37.6893],[144.7719,-37.6901],[144.7716,-37.6913],[144.7722,-37.6918],[144.7725,-37.6907],[144.7729,-37.6897],[144.7739,-37.6889],[144.7742,-37.6882],[144.7748,-37.688],[144.7759,-37.6873],[144.7763,-37.6873],[144.7769,-37.6876],[144.7773,-37.6872]]]}},{"type":"Feature","id":"way/47641115","properties":{"PARK_NAME":"Wannarkladdin Wetlands"},"geometry":{"type":"Polygon","coordinates":[[[145.1342,-38.0581],[145.1339,-38.0581],[145.1348,-38.0592],[145.139,-38.0644],[145.1411,-38.0626],[145.14,-38.0604],[145.139,-38.0599],[145.1388,-38.0593],[145.1388,-38.0587],[145.139,-38.0587],[145.1388,-38.0584],[145.1384,-38.0563],[145.1378,-38.0553],[145.1366,-38.0544],[145.1362,-38.0533],[145.1356,-38.0526],[145.1354,-38.05],[145.1352,-38.0497],[145.135,-38.0493],[145.1335,-38.0482],[145.1329,-38.0481],[145.1326,-38.0486],[145.1315,-38.0495],[145.1358,-38.0575],[145.1342,-38.0581]]]}},{"type":"Feature","id":"way/47769727","properties":{"PARK_NAME":"Overport Park"},"geometry":{"type":"Polygon","coordinates":[[[145.1208,-38.1806],[145.1208,-38.1823],[145.1186,-38.1834],[145.1204,-38.1857],[145.1229,-38.1843],[145.1243,-38.1851],[145.1255,-38.185],[145.1244,-38.185],[145.1233,-38.1841],[145.1248,-38.183],[145.1249,-38.1806],[145.1208,-38.1806]]]}},{"type":"Feature","id":"way/48209877","properties":{"PARK_NAME":"Greaves Reserve"},"geometry":{"type":"Polygon","coordinates":[[[145.1944,-37.987],[145.197,-37.9873],[145.1971,-37.9868],[145.1973,-37.9868],[145.1975,-37.9862],[145.1983,-37.9863],[145.1983,-37.9861],[145.1995,-37.9863],[145.2,-37.984],[145.1931,-37.9791],[145.1934,-37.9856],[145.1932,-37.987],[145.1944,-37.987]]]}},{"type":"Feature","id":"way/48835863","properties":{"PARK_NAME":"Lara Lake Wetlands"},"geometry":{"type":"Polygon","coordinates":[[[144.3959,-38.0261],[144.3975,-38.0268],[144.3981,-38.0273],[144.3989,-38.0283],[144.3991,-38.03],[144.3997,-38.0308],[144.4006,-38.0315],[144.4012,-38.0322],[144.4026,-38.0323],[144.4034,-38.0312],[144.4037,-38.0302],[144.4037,-38.0299],[144.4056,-38.0296],[144.4061,-38.03],[144.4079,-38.0282],[144.4067,-38.0281],[144.4051,-38.0274],[144.405,-38.0269],[144.4053,-38.0261],[144.4039,-38.0265],[144.4046,-38.0284],[144.4052,-38.0288],[144.4054,-38.0292],[144.4034,-38.0293],[144.4022,-38.0288],[144.4013,-38.0278],[144.401,-38.0273],[144.3992,-38.0257],[144.3982,-38.0254],[144.3982,-38.0252],[144.3963,-38.0248],[144.3964,-38.0247],[144.3961,-38.0247],[144.3959,-38.0261]]]}},{"type":"Feature","id":"way/48837978","properties":{"PARK_NAME":"Hovell Creek Reserve"},"geometry":{"type":"Polygon","coordinates":[[[144.4115,-38.0408],[144.4103,-38.0417],[144.4063,-38.0451],[144.4074,-38.0477],[144.4082,-38.0492],[144.4086,-38.0505],[144.4094,-38.0515],[144.4098,-38.0511],[144.4094,-38.0504],[144.4095,-38.0486],[144.4103,-38.0473],[144.411,-38.0466],[144.4129,-38.0408],[144.4128,-38.0401],[144.4115,-38.0408]]]}},{"type":"Feature","id":"way/49331164","properties":{"PARK_NAME":"Melbourne Water Pipe Reserve"},"geometry":{"type":"Polygon","coordinates":[[[145.1782,-37.8296],[145.1799,-37.8279],[145.1799,-37.8277],[145.1731,-37.8343],[145.1731,-37.8346],[145.1782,-37.8296]]]}},{"type":"Feature","id":"way/49678911","properties":{"PARK_NAME":"Strathmore Reserve"},"geometry":{"type":"Polygon","coordinates":[[[144.9025,-37.7157],[144.9019,-37.7178],[144.9068,-37.718],[144.9083,-37.7185],[144.9089,-37.7196],[144.9105,-37.7192],[144.9107,-37.7189],[144.9107,-37.7184],[144.9103,-37.718],[144.9105,-37.7176],[144.9096,-37.7169],[144.9076,-37.7169],[144.9056,-37.7173],[144.905,-37.7168],[144.9051,-37.716],[144.9049,-37.7157],[144.9049,-37.7154],[144.9044,-37.7154],[144.9038,-37.7162],[144.9033,-37.7158],[144.9031,-37.716],[144.9025,-37.7157]]]}},{"type":"Feature","id":"way/49837376","properties":{"PARK_NAME":"Limeburners Lagoon Nature Reserve"},"geometry":{"type":"Polygon","coordinates":[[[144.4094,-38.0515],[144.4088,-38.052],[144.4096,-38.0526],[144.4083,-38.0538],[144.4099,-38.0542],[144.4102,-38.0559],[144.4114,-38.0576],[144.4125,-38.0604],[144.408,-38.0652],[144.404,-38.0679],[144.4054,-38.0704],[144.4051,-38.0712],[144.4054,-38.0713],[144.4052,-38.0715],[144.4061,-38.0712],[144.4065,-38.0717],[144.4075,-38.0709],[144.4064,-38.0707],[144.4058,-38.0702],[144.4055,-38.0696],[144.4055,-38.0688],[144.4056,-38.0685],[144.4055,-38.0681],[144.4057,-38.0678],[144.407,-38.0666],[144.409,-38.0655],[144.4091,-38.0649],[144.4094,-38.0646],[144.4106,-38.0643],[144.4111,-38.0634],[144.4118,-38.0621],[144.4127,-38.0612],[144.4143,-38.0603],[144.4155,-38.0608],[144.4159,-38.0608],[144.4166,-38.0605],[144.4174,-38.0599],[144.4167,-38.0562],[144.4134,-38.0541],[144.4132,-38.0538],[144.4114,-38.0528],[144.4098,-38.0511],[144.4094,-38.0515]]]}},{"type":"Feature","id":"way/51537775","properties":{"PARK_NAME":"Grant Reserve"},"geometry":{"type":"Polygon","coordinates":[[[144.8365,-37.8502],[144.8356,-37.8545],[144.8354,-37.8548],[144.831,-37.8544],[144.8305,-37.8546],[144.8274,-37.8565],[144.8265,-37.8575],[144.8265,-37.8578],[144.8257,-37.8588],[144.8342,-37.8625],[144.8401,-37.8632],[144.8437,-37.8568],[144.8442,-37.8544],[144.8403,-37.8526],[144.8414,-37.8516],[144.8423,-37.8496],[144.8399,-37.8493],[144.8388,-37.8495],[144.8365,-37.8502]]]}},{"type":"Feature","id":"way/52656787","properties":{"PARK_NAME":"Troups Creek West Wetlands"},"geometry":{"type":"Polygon","coordinates":[[[145.2943,-37.9967],[145.2945,-37.9958],[145.2947,-37.9958],[145.2948,-37.9952],[145.2946,-37.9953],[145.2945,-37.9951],[145.2914,-37.9947],[145.2903,-37.9955],[145.2892,-37.9959],[145.2875,-37.9969],[145.2868,-37.9971],[145.286,-37.9972],[145.2859,-37.9977],[145.2855,-37.9976],[145.2853,-37.9988],[145.2892,-37.9994],[145.2899,-37.9994],[145.2912,-37.9992],[145.2912,-37.9982],[145.2916,-37.9968],[145.292,-37.9967],[145.2943,-37.9968],[145.2943,-37.9967]]]}},{"type":"Feature","id":"way/52672699","properties":{"PARK_NAME":"Sydney Parkinson Reserve"},"geometry":{"type":"Polygon","coordinates":[[[145.2614,-37.9874],[145.2615,-37.9868],[145.2618,-37.9865],[145.2613,-37.9865],[145.2611,-37.9861],[145.2621,-37.985],[145.2628,-37.9854],[145.2629,-37.9853],[145.2627,-37.9851],[145.2632,-37.982],[145.2637,-37.9822],[145.2638,-37.9821],[145.2635,-37.9819],[145.2643,-37.9815],[145.2645,-37.9813],[145.2632,-37.9817],[145.2626,-37.9813],[145.2624,-37.9808],[145.2626,-37.9806],[145.2623,-37.9806],[145.2608,-37.9789],[145.2608,-37.979],[145.2603,-37.979],[145.2607,-37.979],[145.2618,-37.9807],[145.2616,-37.9808],[145.2616,-37.9811],[145.2622,-37.9814],[145.2628,-37.982],[145.2628,-37.9827],[145.2621,-37.9829],[145.2622,-37.9831],[145.2627,-37.9831],[145.2624,-37.984],[145.2619,-37.9846],[145.2616,-37.9845],[145.2613,-37.9847],[145.2617,-37.985],[145.2615,-37.9852],[145.26,-37.9866],[145.2593,-37.9869],[145.2593,-37.9873],[145.2594,-37.9876],[145.2614,-37.9874]]]}},{"type":"Feature","id":"way/54445059","properties":{"PARK_NAME":"Ivens Reserve"},"geometry":{"type":"Polygon","coordinates":[[[145.3133,-38.0209],[145.3136,-38.0211],[145.314,-38.0209],[145.3143,-38.021],[145.3145,-38.0207],[145.3141,-38.0204],[145.3144,-38.0199],[145.3157,-38.0193],[145.316,-38.0198],[145.3158,-38.0206],[145.3159,-38.0206],[145.3162,-38.0191],[145.3173,-38.0193],[145.3172,-38.0194],[145.3183,-38.0194],[145.3185,-38.0177],[145.3202,-38.0179],[145.3204,-38.0181],[145.3208,-38.0181],[145.3207,-38.0183],[145.3213,-38.0184],[145.3232,-38.0185],[145.3233,-38.018],[145.3216,-38.0179],[145.3202,-38.0172],[145.3191,-38.0175],[145.3184,-38.0173],[145.316,-38.018],[145.3159,-38.0186],[145.3156,-38.0189],[145.3142,-38.0196],[145.3135,-38.0205],[145.3135,-38.0206],[145.3133,-38.0209]]]}},{"type":"Feature","id":"way/58026140","properties":{"PARK_NAME":"Pinnock Reserve"},"geometry":{"type":"Polygon","coordinates":[[[144.9197,-37.626],[144.9197,-37.6262],[144.9117,-37.6313],[144.9104,-37.6381],[144.9117,-37.6382],[144.9127,-37.6318],[144.9129,-37.6318],[144.9167,-37.6293],[144.9171,-37.6293],[144.9171,-37.6291],[144.92,-37.6273],[144.9207,-37.6276],[144.9211,-37.627],[144.9211,-37.6261],[144.9197,-37.626]]]}},{"type":"Feature","id":"way/58414483","properties":{"PARK_NAME":"Craigieburn Gardens"},"geometry":{"type":"Polygon","coordinates":[[[144.9351,-37.5996],[144.9346,-37.5995],[144.9346,-37.5993],[144.9338,-37.5992],[144.9335,-37.6006],[144.9331,-37.6006],[144.933,-37.6011],[144.9322,-37.6007],[144.931,-37.6005],[144.9299,-37.6006],[144.9298,-37.6012],[144.9313,-37.6013],[144.933,-37.6019],[144.9332,-37.6018],[144.935,-37.6027],[144.9356,-37.6035],[144.9352,-37.6037],[144.9352,-37.6038],[144.9356,-37.6036],[144.9363,-37.6046],[144.9374,-37.605],[144.9381,-37.6047],[144.9368,-37.6041],[144.9357,-37.6026],[144.9366,-37.5986],[144.9362,-37.5986],[144.9361,-37.5995],[144.9356,-37.5994],[144.9355,-37.5996],[144.9351,-37.5996]]]}},{"type":"Feature","id":"way/58952670","properties":{"PARK_NAME":"Tatterson Park"},"geometry":{"type":"Polygon","coordinates":[[[145.1532,-37.9921],[145.1525,-37.9952],[145.1522,-37.9952],[145.1525,-37.9958],[145.1517,-37.9995],[145.1507,-38.001],[145.1499,-38.0048],[145.1489,-38.0062],[145.151,-38.0065],[145.1517,-38.0029],[145.1563,-38.0034],[145.1569,-38],[145.1583,-38.0002],[145.1584,-37.9991],[145.1588,-37.9988],[145.1594,-37.9986],[145.1596,-37.9987],[145.1594,-37.9997],[145.1599,-37.9997],[145.1602,-37.9981],[145.1619,-37.9983],[145.162,-37.9975],[145.159,-37.9966],[145.1574,-37.9955],[145.1563,-37.9944],[145.1555,-37.9933],[145.1552,-37.9923],[145.1532,-37.9921]]]}},{"type":"Feature","id":"way/65253852","properties":{"PARK_NAME":"Ngarrak Nakorang Wilamn Reserve"},"geometry":{"type":"Polygon","coordinates":[[[145.1773,-37.8449],[145.1771,-37.8462],[145.1774,-37.8459],[145.1783,-37.8458],[145.1782,-37.8462],[145.1787,-37.8458],[145.1799,-37.8458],[145.1841,-37.8465],[145.1846,-37.8467],[145.1859,-37.8467],[145.189,-37.8471],[145.1893,-37.8459],[145.1865,-37.846],[145.1782,-37.845],[145.1784,-37.8439],[145.1775,-37.8438],[145.1773,-37.8449]]]}},{"type":"Feature","id":"way/67350718","properties":{"PARK_NAME":"Birrarrung Park"},"geometry":{"type":"Polygon","coordinates":[[[145.1,-37.7519],[145.103,-37.754],[145.104,-37.7543],[145.1041,-37.7538],[145.1021,-37.7528],[145.1008,-37.752],[145.0984,-37.7493],[145.0978,-37.7491],[145.0958,-37.7493],[145.0955,-37.7498],[145.0953,-37.751],[145.0942,-37.7521],[145.0932,-37.7536],[145.0927,-37.7541],[145.0914,-37.7545],[145.0911,-37.7561],[145.0949,-37.7553],[145.0991,-37.7558],[145.1,-37.7519]]]}},{"type":"Feature","id":"way/85247573","properties":{"PARK_NAME":"Taylors Creek Linear Park"},"geometry":{"type":"Polygon","coordinates":[[[144.8019,-37.7039],[144.8018,-37.7039],[144.8018,-37.7041],[144.8019,-37.7044],[144.802,-37.7044],[144.8052,-37.704],[144.8067,-37.7044],[144.8078,-37.7058],[144.8096,-37.7069],[144.8092,-37.707],[144.8092,-37.7072],[144.8094,-37.7072],[144.8093,-37.7077],[144.8095,-37.7072],[144.81,-37.7073],[144.8102,-37.7077],[144.8093,-37.7086],[144.8101,-37.708],[144.8108,-37.7084],[144.8105,-37.7085],[144.8109,-37.7085],[144.8109,-37.709],[144.8109,-37.7087],[144.8115,-37.7089],[144.8119,-37.7097],[144.8124,-37.71],[144.8125,-37.7103],[144.8142,-37.7106],[144.8139,-37.71],[144.8142,-37.7096],[144.814,-37.7094],[144.8128,-37.7089],[144.8126,-37.7092],[144.8122,-37.7091],[144.8119,-37.7085],[144.8109,-37.7077],[144.8107,-37.7071],[144.8116,-37.7065],[144.8114,-37.7064],[144.8106,-37.707],[144.8098,-37.7061],[144.8089,-37.7058],[144.8084,-37.7054],[144.8077,-37.7044],[144.8071,-37.7039],[144.8045,-37.7032],[144.8045,-37.7029],[144.8035,-37.7032],[144.8037,-37.7036],[144.8028,-37.7039],[144.8019,-37.7039]]]}},{"type":"Feature","id":"way/87892100","properties":{"PARK_NAME":"Fred Smith Reserve"},"geometry":{"type":"Polygon","coordinates":[[[145.1916,-38.3001],[145.1913,-38.3002],[145.1919,-38.3029],[145.1932,-38.3057],[145.1952,-38.3079],[145.1972,-38.3078],[145.1966,-38.3068],[145.1963,-38.3058],[145.1961,-38.3041],[145.1954,-38.3031],[145.1959,-38.302],[145.1959,-38.3016],[145.1953,-38.3012],[145.1948,-38.3003],[145.1942,-38.2999],[145.193,-38.2999],[145.1916,-38.3001]]]}},{"type":"Feature","id":"way/93414556","properties":{"PARK_NAME":"AJ Davis Reserve"},"geometry":{"type":"Polygon","coordinates":[[[144.8747,-37.7302],[144.8751,-37.7284],[144.8745,-37.7283],[144.8748,-37.7279],[144.8751,-37.7279],[144.8752,-37.7276],[144.8744,-37.7276],[144.8737,-37.7279],[144.8728,-37.7278],[144.8727,-37.7284],[144.8722,-37.7277],[144.8708,-37.7268],[144.8712,-37.7259],[144.87,-37.7252],[144.8694,-37.725],[144.8688,-37.7242],[144.8683,-37.7238],[144.8661,-37.7259],[144.8663,-37.726],[144.8671,-37.7252],[144.8682,-37.7249],[144.8694,-37.7264],[144.8696,-37.7265],[144.8695,-37.7265],[144.8702,-37.7274],[144.8705,-37.7281],[144.8701,-37.7281],[144.87,-37.7282],[144.8706,-37.7283],[144.8707,-37.7285],[144.8705,-37.7285],[144.8704,-37.7288],[144.8722,-37.7295],[144.8747,-37.7302]]]}},{"type":"Feature","id":"way/93684976","properties":{"PARK_NAME":"Broadmeadows Valley Park"},"geometry":{"type":"Polygon","coordinates":[[[144.9177,-37.6488],[144.9177,-37.6471],[144.9218,-37.6437],[144.9218,-37.641],[144.9214,-37.6399],[144.9205,-37.6398],[144.9208,-37.6413],[144.9202,-37.644],[144.9179,-37.6455],[144.9172,-37.6451],[144.9171,-37.6452],[144.9177,-37.6456],[144.9168,-37.6465],[144.9162,-37.6485],[144.916,-37.6487],[144.9162,-37.6491],[144.9165,-37.6492],[144.9177,-37.6488]]]}},{"type":"Feature","id":"way/93684977","properties":{"PARK_NAME":"Broadmeadows Valley Park"},"geometry":{"type":"Polygon","coordinates":[[[144.9152,-37.6494],[144.9129,-37.6506],[144.9101,-37.6508],[144.9099,-37.6507],[144.9103,-37.6505],[144.9103,-37.6503],[144.9096,-37.6507],[144.9109,-37.6529],[144.9143,-37.6517],[144.9161,-37.6509],[144.9177,-37.6498],[144.9177,-37.6491],[144.9161,-37.6495],[144.9152,-37.6494]]]}},{"type":"Feature","id":"way/94665876","properties":{"PARK_NAME":"Yarra Valley Parklands"},"geometry":{"type":"Polygon","coordinates":[[[145.1021,-37.733],[145.1018,-37.7342],[145.0975,-37.7336],[145.0966,-37.7388],[145.0985,-37.7366],[145.0989,-37.7365],[145.0995,-37.7366],[145.1006,-37.7372],[145.101,-37.7355],[145.105,-37.7361],[145.1047,-37.7369],[145.1057,-37.737],[145.1046,-37.7385],[145.1052,-37.7393],[145.1059,-37.7389],[145.1063,-37.7384],[145.1061,-37.738],[145.1065,-37.7374],[145.1067,-37.7375],[145.1068,-37.7379],[145.1071,-37.7382],[145.1076,-37.7382],[145.1077,-37.7381],[145.1075,-37.7378],[145.1078,-37.7374],[145.1073,-37.7372],[145.1067,-37.7359],[145.107,-37.7356],[145.1081,-37.7353],[145.1085,-37.7348],[145.1088,-37.7349],[145.109,-37.7347],[145.1091,-37.7342],[145.1074,-37.7338],[145.1054,-37.7336],[145.1044,-37.7333],[145.1042,-37.7331],[145.1043,-37.7325],[145.1057,-37.7323],[145.1062,-37.7319],[145.1067,-37.7318],[145.1069,-37.7314],[145.1066,-37.7309],[145.1079,-37.73],[145.1061,-37.73],[145.1059,-37.731],[145.1057,-37.7315],[145.1047,-37.732],[145.1042,-37.732],[145.1036,-37.7324],[145.1033,-37.733],[145.1021,-37.733]]]}},{"type":"Feature","id":"way/94670107","properties":{"PARK_NAME":"Warringal Parklands"},"geometry":{"type":"Polygon","coordinates":[[[145.0756,-37.757],[145.0761,-37.7573],[145.078,-37.7575],[145.0789,-37.7581],[145.0803,-37.7579],[145.0804,-37.7576],[145.08,-37.7572],[145.0778,-37.7566],[145.0773,-37.7563],[145.0771,-37.7559],[145.0779,-37.7542],[145.0781,-37.7539],[145.0786,-37.7537],[145.0805,-37.7541],[145.0811,-37.7548],[145.0811,-37.756],[145.0812,-37.7561],[145.0816,-37.7562],[145.0825,-37.7553],[145.0829,-37.7547],[145.0818,-37.7546],[145.0814,-37.754],[145.0816,-37.7534],[145.0821,-37.7524],[145.0823,-37.7515],[145.0825,-37.7513],[145.0817,-37.7503],[145.0812,-37.7503],[145.0811,-37.7508],[145.0806,-37.7507],[145.0806,-37.7509],[145.0802,-37.7512],[145.0801,-37.751],[145.0801,-37.7501],[145.0799,-37.7501],[145.0798,-37.7511],[145.0791,-37.7512],[145.0792,-37.7506],[145.0787,-37.7506],[145.0776,-37.7512],[145.0771,-37.7516],[145.0768,-37.7521],[145.0747,-37.7531],[145.0745,-37.7546],[145.075,-37.7546],[145.0748,-37.7552],[145.0728,-37.7557],[145.0739,-37.7568],[145.0752,-37.7569],[145.0756,-37.757]]]}},{"type":"Feature","id":"way/94670109","properties":{"PARK_NAME":"Heidelberg Park"},"geometry":{"type":"Polygon","coordinates":[[[145.0762,-37.752],[145.0739,-37.752],[145.0731,-37.7522],[145.0721,-37.753],[145.071,-37.7529],[145.0705,-37.7559],[145.0698,-37.7558],[145.0697,-37.7565],[145.0704,-37.7567],[145.072,-37.7557],[145.0733,-37.7556],[145.0742,-37.7551],[145.0745,-37.7531],[145.0764,-37.7522],[145.0762,-37.752]]]}},{"type":"Feature","id":"way/94670125","properties":{"PARK_NAME":"Yarra Valley Parklands"},"geometry":{"type":"Polygon","coordinates":[[[145.1012,-37.7518],[145.102,-37.7525],[145.1063,-37.7545],[145.1075,-37.7549],[145.1102,-37.7553],[145.1113,-37.755],[145.1125,-37.7551],[145.1131,-37.755],[145.1136,-37.7546],[145.1144,-37.7533],[145.1151,-37.753],[145.1199,-37.752],[145.121,-37.7521],[145.1216,-37.7517],[145.1216,-37.7509],[145.1212,-37.7506],[145.1205,-37.7515],[145.1191,-37.752],[145.1173,-37.7523],[145.1173,-37.7524],[145.1151,-37.7525],[145.1143,-37.7528],[145.1129,-37.7527],[145.1128,-37.7533],[145.1126,-37.7533],[145.1129,-37.7518],[145.1106,-37.7515],[145.1107,-37.7506],[145.113,-37.7509],[145.1133,-37.7493],[145.1083,-37.7483],[145.1072,-37.7476],[145.1063,-37.7467],[145.0998,-37.7505],[145.1012,-37.7518]]]}},{"type":"Feature","id":"way/94670218","properties":{"PARK_NAME":"Candlebark Park"},"geometry":{"type":"Polygon","coordinates":[[[145.1368,-37.744],[145.1369,-37.744],[145.1368,-37.7445],[145.1376,-37.7447],[145.1375,-37.7449],[145.1384,-37.7451],[145.1382,-37.7464],[145.1393,-37.7467],[145.1392,-37.7471],[145.1405,-37.7473],[145.1418,-37.7492],[145.1418,-37.7494],[145.142,-37.7494],[145.1422,-37.7485],[145.1435,-37.7487],[145.1436,-37.7484],[145.1451,-37.7475],[145.1445,-37.7474],[145.1454,-37.7427],[145.1473,-37.7431],[145.1475,-37.7424],[145.1498,-37.7427],[145.1493,-37.7456],[145.1502,-37.7466],[145.1509,-37.7469],[145.1527,-37.7471],[145.1533,-37.7435],[145.1515,-37.7433],[145.1517,-37.7423],[145.1502,-37.7415],[145.1495,-37.7409],[145.1493,-37.7405],[145.1487,-37.7402],[145.1501,-37.7391],[145.1498,-37.7386],[145.1496,-37.7386],[145.1491,-37.7382],[145.1489,-37.7377],[145.1483,-37.7374],[145.1457,-37.7386],[145.1432,-37.739],[145.1424,-37.7391],[145.1383,-37.7384],[145.1377,-37.7385],[145.1375,-37.7388],[145.1373,-37.7399],[145.1367,-37.7405],[145.136,-37.7409],[145.1368,-37.7424],[145.1368,-37.744]]]}},{"type":"Feature","id":"way/94670986","properties":{"PARK_NAME":"Kew Recreation Reserve"},"geometry":{"type":"Polygon","coordinates":[[[145.0278,-37.7903],[145.0287,-37.7905],[145.0307,-37.7905],[145.0365,-37.7902],[145.0423,-37.7903],[145.0434,-37.79],[145.0432,-37.7898],[145.0436,-37.7888],[145.0447,-37.7889],[145.044,-37.7877],[145.0432,-37.7871],[145.0423,-37.787],[145.0418,-37.7861],[145.0416,-37.786],[145.0413,-37.7862],[145.0411,-37.7867],[145.0418,-37.7877],[145.0418,-37.7884],[145.0412,-37.7897],[145.0406,-37.7898],[145.0321,-37.7901],[145.0312,-37.7898],[145.0295,-37.7886],[145.0282,-37.787],[145.0261,-37.7871],[145.0255,-37.7869],[145.0258,-37.7882],[145.0261,-37.7881],[145.0272,-37.7883],[145.0279,-37.7894],[145.0282,-37.7894],[145.0287,-37.79],[145.0274,-37.7901],[145.0278,-37.7903]]]}},{"type":"Feature","id":"way/95204337","properties":{"PARK_NAME":"Meadow Glen Reserve"},"geometry":{"type":"Polygon","coordinates":[[[145.0517,-37.6442],[145.053,-37.6443],[145.0551,-37.6455],[145.0555,-37.6455],[145.0558,-37.6471],[145.0558,-37.6474],[145.0584,-37.6477],[145.0585,-37.6471],[145.0577,-37.6469],[145.0574,-37.6467],[145.0573,-37.6464],[145.0571,-37.6463],[145.0574,-37.6452],[145.0614,-37.6446],[145.0598,-37.6441],[145.0567,-37.6446],[145.0567,-37.6442],[145.0566,-37.6446],[145.0553,-37.6447],[145.0534,-37.6438],[145.0523,-37.6436],[145.0518,-37.6436],[145.0517,-37.6442]]]}},{"type":"Feature","id":"way/95206028","properties":{"PARK_NAME":"bunjil nganga Parkland"},"geometry":{"type":"Polygon","coordinates":[[[145.0594,-37.6326],[145.0604,-37.6329],[145.0606,-37.6314],[145.061,-37.6312],[145.0629,-37.6312],[145.0637,-37.6304],[145.0645,-37.6263],[145.0648,-37.624],[145.0642,-37.6233],[145.0641,-37.6221],[145.0645,-37.6209],[145.0653,-37.6198],[145.0654,-37.6188],[145.0656,-37.6186],[145.0675,-37.6178],[145.0679,-37.6173],[145.0681,-37.6168],[145.0679,-37.6167],[145.0679,-37.6162],[145.0683,-37.6155],[145.0683,-37.6153],[145.0681,-37.6153],[145.0681,-37.6148],[145.0687,-37.6136],[145.0691,-37.6125],[145.0629,-37.6116],[145.0627,-37.6131],[145.0593,-37.6325],[145.0594,-37.6326]]]}},{"type":"Feature","id":"way/95314774","properties":{"PARK_NAME":"Granite Hills Park"},"geometry":{"type":"Polygon","coordinates":[[[145.0731,-37.6199],[145.0694,-37.6195],[145.0693,-37.6203],[145.0697,-37.6203],[145.0698,-37.6198],[145.072,-37.6202],[145.0728,-37.6205],[145.0731,-37.6208],[145.0733,-37.6226],[145.0737,-37.6235],[145.0735,-37.6244],[145.0775,-37.6254],[145.0787,-37.6255],[145.0786,-37.626],[145.0788,-37.626],[145.081,-37.6137],[145.0691,-37.6125],[145.0687,-37.6136],[145.0696,-37.6138],[145.0695,-37.6141],[145.0697,-37.6144],[145.0698,-37.6143],[145.0705,-37.6149],[145.0706,-37.6151],[145.0705,-37.6151],[145.0708,-37.6156],[145.0709,-37.6156],[145.0713,-37.6164],[145.0712,-37.6165],[145.0727,-37.6183],[145.0731,-37.6199]]]}},{"type":"Feature","id":"way/95316028","properties":{"PARK_NAME":"bunjil nganga Parkland"},"geometry":{"type":"Polygon","coordinates":[[[145.0604,-37.6329],[145.0594,-37.6326],[145.0592,-37.6339],[145.059,-37.6339],[145.0583,-37.6384],[145.0632,-37.6406],[145.0632,-37.6416],[145.0632,-37.6424],[145.0627,-37.6437],[145.0605,-37.644],[145.0622,-37.6443],[145.064,-37.6441],[145.0686,-37.6419],[145.0687,-37.6417],[145.0683,-37.6408],[145.0641,-37.6388],[145.0638,-37.6373],[145.0604,-37.6329]]]}},{"type":"Feature","id":"way/95720306","properties":{"PARK_NAME":"Beaconsfield Flora and Fauna Reserve"},"geometry":{"type":"Polygon","coordinates":[[[145.3693,-38.0395],[145.3719,-38.0349],[145.3747,-38.0319],[145.3733,-38.0312],[145.373,-38.0316],[145.373,-38.0318],[145.3725,-38.0324],[145.3718,-38.0326],[145.3717,-38.0324],[145.3715,-38.0323],[145.3711,-38.0326],[145.3707,-38.0331],[145.3702,-38.0333],[145.3701,-38.0349],[145.3691,-38.0356],[145.3687,-38.037],[145.368,-38.0374],[145.3668,-38.0386],[145.3693,-38.0395]]]}},{"type":"Feature","id":"way/98681442","properties":{"PARK_NAME":"Markham Reserve"},"geometry":{"type":"Polygon","coordinates":[[[145.0798,-37.8732],[145.0809,-37.8729],[145.0821,-37.873],[145.0828,-37.8728],[145.0841,-37.8721],[145.0849,-37.8719],[145.0862,-37.8719],[145.0875,-37.8714],[145.0889,-37.8715],[145.09,-37.8721],[145.0911,-37.8722],[145.0914,-37.8718],[145.092,-37.8718],[145.0919,-37.8708],[145.0918,-37.8707],[145.0911,-37.8708],[145.0916,-37.8712],[145.0912,-37.8716],[145.0903,-37.8717],[145.0892,-37.8712],[145.0894,-37.8709],[145.0882,-37.8704],[145.0876,-37.8704],[145.0868,-37.8708],[145.0856,-37.8711],[145.0846,-37.8711],[145.0836,-37.8709],[145.0829,-37.8715],[145.0816,-37.8715],[145.0813,-37.8726],[145.0799,-37.8723],[145.0798,-37.8732]]]}},{"type":"Feature","id":"way/100088088","properties":{"PARK_NAME":"Melton Botanic Garden"},"geometry":{"type":"Polygon","coordinates":[[[144.5856,-37.6938],[144.5872,-37.6942],[144.5902,-37.6945],[144.5903,-37.6935],[144.5914,-37.6926],[144.5939,-37.6896],[144.595,-37.6887],[144.5944,-37.6886],[144.5945,-37.6883],[144.5976,-37.6862],[144.5981,-37.6857],[144.6004,-37.686],[144.6005,-37.6856],[144.6009,-37.6853],[144.6012,-37.6838],[144.6024,-37.6833],[144.606,-37.6853],[144.606,-37.6859],[144.6057,-37.6867],[144.6058,-37.6867],[144.6063,-37.6856],[144.6063,-37.6853],[144.6031,-37.6836],[144.602,-37.6827],[144.5993,-37.6829],[144.5987,-37.6844],[144.5975,-37.6856],[144.5943,-37.6876],[144.5938,-37.6885],[144.5921,-37.6883],[144.5906,-37.6884],[144.5906,-37.6905],[144.5889,-37.6912],[144.5883,-37.6919],[144.5873,-37.6924],[144.5856,-37.6927],[144.5856,-37.6938]]]}},{"type":"Feature","id":"way/112653660","properties":{"PARK_NAME":"Royal Park"},"geometry":{"type":"Polygon","coordinates":[[[144.9569,-37.7847],[144.9573,-37.7818],[144.9576,-37.7808],[144.9582,-37.7797],[144.9596,-37.7782],[144.9595,-37.7781],[144.9495,-37.7769],[144.9486,-37.7815],[144.9477,-37.782],[144.9458,-37.7815],[144.942,-37.7817],[144.9418,-37.7822],[144.9411,-37.7817],[144.9399,-37.7818],[144.9403,-37.7831],[144.94,-37.7836],[144.9401,-37.7841],[144.9402,-37.7836],[144.9407,-37.7834],[144.9414,-37.784],[144.9416,-37.784],[144.9419,-37.7856],[144.9422,-37.7864],[144.9424,-37.7864],[144.942,-37.7867],[144.9421,-37.7872],[144.9427,-37.7868],[144.9439,-37.7881],[144.9436,-37.7884],[144.9434,-37.7883],[144.9427,-37.7893],[144.9428,-37.7895],[144.9483,-37.7939],[144.9485,-37.7938],[144.9484,-37.7928],[144.9491,-37.7928],[144.9491,-37.7923],[144.9504,-37.7923],[144.9503,-37.7938],[144.9507,-37.7938],[144.9525,-37.7954],[144.9559,-37.7928],[144.9581,-37.7924],[144.9581,-37.792],[144.9576,-37.7912],[144.9569,-37.7876],[144.9569,-37.7847]]]}},{"type":"Feature","id":"way/119137095","properties":{"PARK_NAME":"Broadmeadows Valley Park"},"geometry":{"type":"Polygon","coordinates":[[[144.9048,-37.681],[144.9048,-37.6799],[144.9052,-37.6793],[144.9069,-37.6788],[144.9084,-37.6776],[144.9099,-37.6767],[144.9123,-37.6762],[144.914,-37.6754],[144.9166,-37.6718],[144.917,-37.6719],[144.9171,-37.6717],[144.9177,-37.6715],[144.9179,-37.672],[144.9186,-37.672],[144.9203,-37.671],[144.9207,-37.6705],[144.9211,-37.6706],[144.9215,-37.6701],[144.9208,-37.6695],[144.9202,-37.6696],[144.9195,-37.6695],[144.9192,-37.6697],[144.9188,-37.6696],[144.9181,-37.67],[144.9177,-37.6696],[144.9177,-37.6685],[144.9178,-37.6681],[144.9134,-37.6666],[144.9111,-37.6652],[144.91,-37.6625],[144.9109,-37.6608],[144.9094,-37.6601],[144.9092,-37.6592],[144.9092,-37.6583],[144.91,-37.6583],[144.9093,-37.6582],[144.9097,-37.6568],[144.9105,-37.6558],[144.911,-37.6558],[144.9111,-37.6556],[144.9107,-37.6555],[144.9102,-37.6551],[144.9109,-37.6529],[144.9096,-37.6507],[144.9079,-37.6509],[144.9076,-37.6522],[144.907,-37.6535],[144.9068,-37.6544],[144.9056,-37.6543],[144.9048,-37.6534],[144.9044,-37.6553],[144.9049,-37.6551],[144.9062,-37.6562],[144.9058,-37.6571],[144.9056,-37.6585],[144.9052,-37.6584],[144.905,-37.6591],[144.9046,-37.6594],[144.9054,-37.6593],[144.9043,-37.6688],[144.9062,-37.6691],[144.9068,-37.6687],[144.9085,-37.6686],[144.909,-37.6687],[144.9094,-37.6686],[144.9109,-37.6707],[144.9103,-37.6707],[144.9103,-37.6709],[144.911,-37.6712],[144.9111,-37.6718],[144.9101,-37.6733],[144.91,-37.6739],[144.9095,-37.6753],[144.9091,-37.6755],[144.9093,-37.6757],[144.9074,-37.6765],[144.9071,-37.6762],[144.9067,-37.6762],[144.9064,-37.6765],[144.903,-37.6761],[144.9029,-37.6767],[144.9026,-37.6766],[144.9024,-37.6776],[144.9029,-37.6776],[144.9028,-37.6781],[144.9031,-37.6782],[144.9028,-37.6797],[144.9024,-37.6803],[144.9013,-37.6805],[144.9013,-37.6807],[144.9048,-37.681]]]}},{"type":"Feature","id":"way/119316790","properties":{"PARK_NAME":"John Ilhan Memorial Reserve"},"geometry":{"type":"Polygon","coordinates":[[[144.91,-37.6627],[144.9111,-37.6652],[144.9134,-37.6666],[144.9178,-37.6681],[144.9182,-37.6676],[144.919,-37.6673],[144.9194,-37.6674],[144.9197,-37.6665],[144.9205,-37.6664],[144.9207,-37.6652],[144.9216,-37.6652],[144.9217,-37.665],[144.9218,-37.6642],[144.9216,-37.6639],[144.9207,-37.6635],[144.9182,-37.6631],[144.916,-37.6634],[144.9148,-37.6635],[144.9145,-37.6635],[144.9146,-37.6633],[144.91,-37.6627]]]}},{"type":"Feature","id":"way/126462719","properties":{"PARK_NAME":"Healesville Showgrounds and Sporting Complex"},"geometry":{"type":"Polygon","coordinates":[[[145.5425,-37.6667],[145.5347,-37.6667],[145.5381,-37.6715],[145.5426,-37.6715],[145.5425,-37.6667]]]}},{"type":"Feature","id":"way/131707394","properties":{"PARK_NAME":"Yarra Park"},"geometry":{"type":"Polygon","coordinates":[[[144.9844,-37.8167],[144.9827,-37.8165],[144.9826,-37.8167],[144.9821,-37.8169],[144.9818,-37.8187],[144.9788,-37.8185],[144.9809,-37.8198],[144.9814,-37.8191],[144.9817,-37.8191],[144.9819,-37.8188],[144.9826,-37.8186],[144.9841,-37.8185],[144.9849,-37.8189],[144.9852,-37.819],[144.9851,-37.8192],[144.9855,-37.8202],[144.9852,-37.8202],[144.9848,-37.8208],[144.9835,-37.8214],[144.9869,-37.8227],[144.9889,-37.823],[144.9895,-37.8194],[144.9875,-37.8192],[144.9879,-37.8171],[144.9844,-37.8167]]]}},{"type":"Feature","id":"way/140317746","properties":{"PARK_NAME":"Dandenong Valley Parklands"},"geometry":{"type":"Polygon","coordinates":[[[145.1962,-37.8851],[145.195,-37.8852],[145.1947,-37.8851],[145.1945,-37.8851],[145.1944,-37.8855],[145.1954,-37.886],[145.1956,-37.8862],[145.1958,-37.886],[145.196,-37.8861],[145.1959,-37.8866],[145.1956,-37.8866],[145.1956,-37.8879],[145.1959,-37.8878],[145.1962,-37.8887],[145.1965,-37.8885],[145.1967,-37.8885],[145.197,-37.8892],[145.1977,-37.8891],[145.1982,-37.8892],[145.1992,-37.8904],[145.1997,-37.8906],[145.1998,-37.8914],[145.1998,-37.8918],[145.1995,-37.892],[145.2002,-37.892],[145.2002,-37.8928],[145.2011,-37.8932],[145.2013,-37.8947],[145.2019,-37.8951],[145.2019,-37.8954],[145.2025,-37.8958],[145.2028,-37.8948],[145.2017,-37.8932],[145.2012,-37.8928],[145.201,-37.8919],[145.2013,-37.8911],[145.1968,-37.8872],[145.1968,-37.8863],[145.1962,-37.8851]]]}},{"type":"Feature","id":"way/140478443","properties":{"PARK_NAME":"C.T. Barling Reserve"},"geometry":{"type":"Polygon","coordinates":[[[145.0302,-37.7229],[145.0306,-37.7236],[145.0313,-37.7241],[145.0332,-37.7245],[145.0349,-37.7246],[145.0359,-37.7256],[145.0367,-37.7271],[145.0363,-37.727],[145.0368,-37.7283],[145.0369,-37.7297],[145.0389,-37.7299],[145.0347,-37.7211],[145.0302,-37.7229]]]}},{"type":"Feature","id":"way/140479102","properties":{"PARK_NAME":"Harry Pottage Memorial Reserve"},"geometry":{"type":"Polygon","coordinates":[[[145.0651,-37.7165],[145.065,-37.7172],[145.0645,-37.7176],[145.0645,-37.718],[145.0646,-37.7178],[145.0649,-37.7179],[145.0652,-37.7186],[145.0644,-37.719],[145.0637,-37.7191],[145.0633,-37.7186],[145.0631,-37.7189],[145.0631,-37.7191],[145.0634,-37.7189],[145.0637,-37.7193],[145.0636,-37.7199],[145.0639,-37.7206],[145.0636,-37.7214],[145.0642,-37.7223],[145.0644,-37.7237],[145.0643,-37.7242],[145.0625,-37.7239],[145.0617,-37.7239],[145.0617,-37.7241],[145.0672,-37.7247],[145.0676,-37.7246],[145.0684,-37.7238],[145.069,-37.7227],[145.0674,-37.7218],[145.066,-37.7223],[145.0647,-37.7202],[145.0675,-37.717],[145.0653,-37.7168],[145.0654,-37.7165],[145.0651,-37.7165]]]}},{"type":"Feature","id":"way/142104735","properties":{"PARK_NAME":"Barwon Heads Community Park"},"geometry":{"type":"Polygon","coordinates":[[[144.4955,-38.2752],[144.4954,-38.2738],[144.4962,-38.2716],[144.4893,-38.2709],[144.4888,-38.2744],[144.4955,-38.2752]]]}},{"type":"Feature","id":"way/143190142","properties":{"PARK_NAME":"Balcombe Reserve"},"geometry":{"type":"Polygon","coordinates":[[[145.0189,-38.2641],[145.0161,-38.2643],[145.0152,-38.2653],[145.0216,-38.267],[145.023,-38.2662],[145.0229,-38.2656],[145.0232,-38.2652],[145.0253,-38.2638],[145.0259,-38.2644],[145.0267,-38.2645],[145.0276,-38.2642],[145.0289,-38.2651],[145.0294,-38.2636],[145.0274,-38.2623],[145.0268,-38.2625],[145.0261,-38.2621],[145.0249,-38.263],[145.0247,-38.2629],[145.0242,-38.2629],[145.0237,-38.2626],[145.0212,-38.2647],[145.02,-38.2645],[145.0189,-38.2641]]]}},{"type":"Feature","id":"way/143777990","properties":{"PARK_NAME":"Rutter Park Reserve"},"geometry":{"type":"Polygon","coordinates":[[[145.3851,-38.2153],[145.3841,-38.2171],[145.3928,-38.2193],[145.3935,-38.2181],[145.3851,-38.2153]]]}},{"type":"Feature","id":"way/144698950","properties":{"PARK_NAME":"Telford Park"},"geometry":{"type":"Polygon","coordinates":[[[144.4272,-37.6493],[144.4258,-37.6495],[144.4252,-37.6497],[144.4237,-37.6515],[144.4259,-37.652],[144.4258,-37.6525],[144.4262,-37.6526],[144.4331,-37.6532],[144.4333,-37.6525],[144.4316,-37.6523],[144.4319,-37.651],[144.4333,-37.6511],[144.4334,-37.6505],[144.4329,-37.65],[144.4315,-37.6496],[144.4302,-37.649],[144.4272,-37.6493]]]}},{"type":"Feature","id":"way/146582414","properties":{"PARK_NAME":"Kennedy Creek Bushland Reserve"},"geometry":{"type":"Polygon","coordinates":[[[145.491,-38.059],[145.4911,-38.0572],[145.4927,-38.0549],[145.493,-38.0539],[145.4952,-38.054],[145.4924,-38.0536],[145.4922,-38.0542],[145.4918,-38.0542],[145.4918,-38.0545],[145.4915,-38.0545],[145.4914,-38.0557],[145.4904,-38.0576],[145.4904,-38.0593],[145.4915,-38.06],[145.4915,-38.0597],[145.491,-38.059]]]}},{"type":"Feature","id":"way/150989463","properties":{"PARK_NAME":"Koonung Creek Linear Park"},"geometry":{"type":"Polygon","coordinates":[[[145.1363,-37.7958],[145.1362,-37.7959],[145.1361,-37.7958],[145.1346,-37.7956],[145.1346,-37.7952],[145.1342,-37.7952],[145.1337,-37.7954],[145.1337,-37.7951],[145.1307,-37.7948],[145.1305,-37.7956],[145.1292,-37.7955],[145.1291,-37.7954],[145.1294,-37.7951],[145.1292,-37.795],[145.1289,-37.7953],[145.1283,-37.7948],[145.1269,-37.7964],[145.1273,-37.7967],[145.1292,-37.7967],[145.1354,-37.7975],[145.1416,-37.7977],[145.142,-37.7975],[145.1421,-37.7958],[145.1401,-37.7969],[145.1394,-37.7965],[145.1395,-37.7957],[145.1391,-37.7956],[145.1383,-37.797],[145.1379,-37.797],[145.1363,-37.7958]]]}},{"type":"Feature","id":"way/151991149","properties":{"PARK_NAME":"Navan Park"},"geometry":{"type":"Polygon","coordinates":[[[144.5639,-37.6673],[144.5664,-37.6705],[144.5661,-37.672],[144.569,-37.6724],[144.5702,-37.6728],[144.5707,-37.6702],[144.5697,-37.6698],[144.5695,-37.6694],[144.5687,-37.669],[144.5673,-37.6688],[144.5665,-37.6684],[144.5654,-37.6675],[144.5652,-37.6668],[144.5664,-37.6663],[144.5673,-37.6654],[144.5678,-37.6654],[144.5684,-37.6651],[144.5687,-37.6646],[144.5697,-37.6644],[144.57,-37.6642],[144.5698,-37.664],[144.5687,-37.6643],[144.568,-37.665],[144.5674,-37.6651],[144.5668,-37.6649],[144.5665,-37.6646],[144.5662,-37.6631],[144.5654,-37.6633],[144.5654,-37.6638],[144.5656,-37.6638],[144.5659,-37.6648],[144.5658,-37.6657],[144.5639,-37.6673]]]}},{"type":"Feature","id":"way/152410238","properties":{"PARK_NAME":"Robinsons Park"},"geometry":{"type":"Polygon","coordinates":[[[145.1618,-38.1715],[145.1593,-38.1711],[145.1588,-38.1726],[145.158,-38.1739],[145.1582,-38.1744],[145.1572,-38.1747],[145.1569,-38.1761],[145.1607,-38.1767],[145.161,-38.1763],[145.1625,-38.1716],[145.1618,-38.1715]]]}},{"type":"Feature","id":"way/153482028","properties":{"PARK_NAME":"Rosanna Parklands"},"geometry":{"type":"Polygon","coordinates":[[[145.0693,-37.7303],[145.0682,-37.7302],[145.0656,-37.7362],[145.0654,-37.7382],[145.0661,-37.7422],[145.0682,-37.7409],[145.0682,-37.7405],[145.0671,-37.7405],[145.0669,-37.7386],[145.0671,-37.7378],[145.0684,-37.7356],[145.0685,-37.7349],[145.0683,-37.7321],[145.0693,-37.7321],[145.0693,-37.7303]]]}},{"type":"Feature","id":"way/153976439","properties":{"PARK_NAME":"Jells Park"},"geometry":{"type":"Polygon","coordinates":[[[145.2041,-37.903],[145.2044,-37.9032],[145.2049,-37.9031],[145.2057,-37.9028],[145.207,-37.9026],[145.2074,-37.9029],[145.2077,-37.9024],[145.2077,-37.9021],[145.2081,-37.9014],[145.2076,-37.9014],[145.2076,-37.901],[145.2071,-37.9007],[145.2075,-37.9008],[145.2076,-37.9006],[145.2073,-37.9],[145.2075,-37.8993],[145.2073,-37.8988],[145.2076,-37.8983],[145.2071,-37.8971],[145.2072,-37.8968],[145.2069,-37.8965],[145.2057,-37.8966],[145.2053,-37.8962],[145.2053,-37.8959],[145.2044,-37.8956],[145.2041,-37.8957],[145.204,-37.896],[145.2036,-37.8958],[145.203,-37.896],[145.2023,-37.8957],[145.2019,-37.8954],[145.2019,-37.8951],[145.2013,-37.8947],[145.2011,-37.8932],[145.1959,-37.8926],[145.1952,-37.8955],[145.1913,-37.8951],[145.1906,-37.8993],[145.1917,-37.8994],[145.2007,-37.9016],[145.2002,-37.9039],[145.1998,-37.9041],[145.1998,-37.9043],[145.2001,-37.9043],[145.1996,-37.9071],[145.1991,-37.907],[145.1992,-37.9073],[145.1996,-37.9074],[145.1995,-37.9077],[145.2035,-37.9082],[145.2051,-37.9081],[145.205,-37.9071],[145.2052,-37.9068],[145.2048,-37.9066],[145.2046,-37.9059],[145.2051,-37.906],[145.2052,-37.9053],[145.2048,-37.9051],[145.2048,-37.9048],[145.204,-37.9048],[145.2043,-37.9046],[145.2041,-37.9042],[145.2044,-37.9038],[145.2043,-37.9036],[145.2037,-37.9038],[145.2034,-37.9034],[145.2035,-37.9032],[145.2038,-37.9033],[145.2039,-37.903],[145.2041,-37.903]]]}},{"type":"Feature","id":"way/154961052","properties":{"PARK_NAME":"Bulleen Park"},"geometry":{"type":"Polygon","coordinates":[[[145.0745,-37.7753],[145.0773,-37.7753],[145.0775,-37.7741],[145.078,-37.7734],[145.0767,-37.7734],[145.0767,-37.7738],[145.0761,-37.7741],[145.0756,-37.7739],[145.0738,-37.7723],[145.0724,-37.7721],[145.0718,-37.7718],[145.0712,-37.7712],[145.07,-37.7719],[145.0694,-37.7725],[145.0691,-37.7733],[145.0691,-37.7741],[145.0694,-37.7744],[145.0696,-37.7749],[145.0682,-37.7772],[145.0683,-37.7773],[145.0697,-37.7771],[145.0711,-37.7779],[145.0714,-37.7779],[145.0745,-37.7753]]]}},{"type":"Feature","id":"way/155274391","properties":{"PARK_NAME":"Banjo Paterson Park"},"geometry":{"type":"Polygon","coordinates":[[[145.247,-38.0454],[145.2467,-38.0462],[145.2458,-38.0464],[145.2455,-38.0471],[145.2452,-38.0491],[145.2496,-38.0576],[145.2503,-38.058],[145.2509,-38.0579],[145.251,-38.0574],[145.2515,-38.0567],[145.2518,-38.0556],[145.2522,-38.0548],[145.2521,-38.0541],[145.2513,-38.0534],[145.2497,-38.0529],[145.2499,-38.0542],[145.2486,-38.0545],[145.2476,-38.0524],[145.2476,-38.0521],[145.2479,-38.052],[145.2477,-38.0518],[145.2482,-38.0517],[145.2481,-38.0514],[145.2475,-38.0513],[145.2473,-38.0509],[145.2461,-38.0496],[145.2462,-38.0482],[145.2466,-38.0473],[145.2465,-38.0467],[145.2474,-38.046],[145.2473,-38.0459],[145.2474,-38.0455],[145.247,-38.0454]]]}},{"type":"Feature","id":"way/156129701","properties":{"PARK_NAME":"Westerfolds Park"},"geometry":{"type":"Polygon","coordinates":[[[145.1316,-37.75],[145.1325,-37.7505],[145.1333,-37.7507],[145.1347,-37.75],[145.1351,-37.7499],[145.1363,-37.743],[145.136,-37.7415],[145.1357,-37.741],[145.1349,-37.7415],[145.1339,-37.7427],[145.1331,-37.743],[145.1311,-37.7425],[145.1255,-37.7404],[145.1246,-37.7406],[145.1233,-37.7405],[145.1227,-37.7407],[145.1219,-37.7415],[145.1218,-37.7419],[145.1201,-37.7449],[145.1204,-37.7453],[145.1204,-37.7478],[145.1205,-37.7481],[145.1211,-37.7484],[145.1224,-37.7474],[145.1229,-37.7473],[145.1234,-37.7476],[145.1256,-37.7494],[145.1262,-37.7503],[145.1263,-37.7509],[145.1261,-37.7514],[145.1263,-37.7516],[145.1268,-37.7515],[145.1313,-37.7521],[145.1316,-37.75]]]}},{"type":"Feature","id":"way/170410664","properties":{"PARK_NAME":"Jackson Reserve"},"geometry":{"type":"Polygon","coordinates":[[[144.9777,-37.7291],[144.978,-37.7288],[144.9789,-37.7285],[144.9789,-37.7283],[144.9777,-37.7266],[144.9776,-37.7269],[144.9773,-37.727],[144.9768,-37.7286],[144.9766,-37.7287],[144.975,-37.7285],[144.9748,-37.7289],[144.9727,-37.7286],[144.9725,-37.7288],[144.9728,-37.7292],[144.9725,-37.7294],[144.9728,-37.73],[144.9726,-37.7304],[144.9727,-37.7313],[144.9727,-37.7315],[144.9731,-37.7315],[144.9736,-37.7334],[144.9732,-37.7336],[144.9729,-37.7343],[144.9722,-37.7344],[144.9724,-37.7351],[144.9737,-37.735],[144.9736,-37.7345],[144.9748,-37.7343],[144.9751,-37.7349],[144.9751,-37.7354],[144.9775,-37.7353],[144.9775,-37.7347],[144.9769,-37.734],[144.9765,-37.7341],[144.9766,-37.7335],[144.9758,-37.7328],[144.9758,-37.7324],[144.9756,-37.7317],[144.9749,-37.7311],[144.9765,-37.7313],[144.9764,-37.7307],[144.9775,-37.7299],[144.9777,-37.7291]]]}},{"type":"Feature","id":"way/175996685","properties":{"PARK_NAME":"Greenvale Recreation Reserve"},"geometry":{"type":"Polygon","coordinates":[[[144.8683,-37.6334],[144.8677,-37.6372],[144.8629,-37.6392],[144.8701,-37.6475],[144.8714,-37.6412],[144.8715,-37.64],[144.871,-37.638],[144.8712,-37.6365],[144.8718,-37.6338],[144.8683,-37.6334]]]}},{"type":"Feature","id":"way/178095089","properties":{"PARK_NAME":"Mill Park Recreation Reserve"},"geometry":{"type":"Polygon","coordinates":[[[145.0552,-37.657],[145.0567,-37.6565],[145.057,-37.6565],[145.0576,-37.657],[145.0607,-37.6547],[145.0608,-37.6545],[145.0604,-37.6539],[145.0593,-37.6541],[145.059,-37.6539],[145.0592,-37.6527],[145.059,-37.6518],[145.058,-37.6519],[145.058,-37.653],[145.0572,-37.6545],[145.0557,-37.6543],[145.0558,-37.6536],[145.0553,-37.6534],[145.0547,-37.6536],[145.0543,-37.6554],[145.0545,-37.6566],[145.0545,-37.6572],[145.0552,-37.657]]]}},{"type":"Feature","id":"way/179137908","properties":{"PARK_NAME":"Namatjira Park"},"geometry":{"type":"Polygon","coordinates":[[[145.1089,-37.9352],[145.1143,-37.9359],[145.1146,-37.9346],[145.1151,-37.9343],[145.1134,-37.9341],[145.1133,-37.9344],[145.1118,-37.9343],[145.1124,-37.9314],[145.1093,-37.931],[145.1086,-37.9346],[145.1091,-37.9347],[145.1089,-37.9352]]]}},{"type":"Feature","id":"way/180391483","properties":{"PARK_NAME":"Orchard Grove Reserve"},"geometry":{"type":"Polygon","coordinates":[[[145.1472,-37.8405],[145.1469,-37.8403],[145.1468,-37.8409],[145.1461,-37.8409],[145.1461,-37.8407],[145.1457,-37.8407],[145.1458,-37.8399],[145.1441,-37.8397],[145.144,-37.8406],[145.1431,-37.8405],[145.1434,-37.8401],[145.143,-37.8402],[145.1428,-37.8401],[145.1428,-37.8405],[145.1422,-37.8404],[145.1421,-37.8408],[145.1411,-37.8408],[145.141,-37.8417],[145.1395,-37.8415],[145.1394,-37.8421],[145.1481,-37.8431],[145.1483,-37.8422],[145.1505,-37.8426],[145.1507,-37.8415],[145.149,-37.8413],[145.1489,-37.8413],[145.1488,-37.8416],[145.1479,-37.8415],[145.148,-37.8406],[145.1472,-37.8405]]]}},{"type":"Feature","id":"way/181210500","properties":{"PARK_NAME":"Lawson Poole Reserve"},"geometry":{"type":"Polygon","coordinates":[[[145.2721,-38.0819],[145.2719,-38.0828],[145.2715,-38.0827],[145.2714,-38.083],[145.2719,-38.0831],[145.2717,-38.0835],[145.2724,-38.0838],[145.2724,-38.0841],[145.2722,-38.0844],[145.2719,-38.0841],[145.2718,-38.0843],[145.2714,-38.0841],[145.271,-38.0849],[145.2711,-38.0852],[145.2707,-38.0854],[145.2709,-38.0857],[145.2713,-38.0855],[145.2727,-38.0863],[145.274,-38.0872],[145.274,-38.0874],[145.2743,-38.0874],[145.2742,-38.0869],[145.2723,-38.0859],[145.272,-38.0856],[145.2722,-38.0854],[145.2719,-38.0854],[145.2718,-38.0853],[145.2723,-38.0845],[145.2728,-38.084],[145.2733,-38.0844],[145.2734,-38.0848],[145.2737,-38.0845],[145.2759,-38.0857],[145.2773,-38.086],[145.2772,-38.0865],[145.2773,-38.0866],[145.2776,-38.0862],[145.278,-38.0871],[145.2783,-38.087],[145.2764,-38.0828],[145.276,-38.0823],[145.2718,-38.0818],[145.2716,-38.0818],[145.2721,-38.0819]]]}},{"type":"Feature","id":"way/183092113","properties":{"PARK_NAME":"Kingston Heath Reserve"},"geometry":{"type":"Polygon","coordinates":[[[145.086,-37.9687],[145.089,-37.9691],[145.089,-37.9689],[145.0892,-37.9689],[145.0891,-37.9693],[145.0901,-37.9694],[145.0902,-37.9689],[145.0912,-37.969],[145.0913,-37.9688],[145.0916,-37.9689],[145.0915,-37.9692],[145.0924,-37.9693],[145.0932,-37.9648],[145.0905,-37.9644],[145.0904,-37.9646],[145.0868,-37.9642],[145.086,-37.9687]]]}},{"type":"Feature","id":"way/186996223","properties":{"PARK_NAME":"Kevin Flint Memorial Reserve"},"geometry":{"type":"Polygon","coordinates":[[[144.7915,-37.758],[144.7908,-37.7595],[144.7931,-37.7598],[144.7931,-37.76],[144.7935,-37.7602],[144.7952,-37.7604],[144.7951,-37.7614],[144.7948,-37.762],[144.7952,-37.762],[144.7957,-37.7605],[144.7968,-37.7604],[144.7975,-37.7605],[144.799,-37.7627],[144.7989,-37.7634],[144.8006,-37.7636],[144.8005,-37.7641],[144.8011,-37.7641],[144.8013,-37.7631],[144.8009,-37.7628],[144.8011,-37.7609],[144.7991,-37.7605],[144.7991,-37.7601],[144.7985,-37.76],[144.7977,-37.7595],[144.7974,-37.7589],[144.7974,-37.7586],[144.7915,-37.758]]]}},{"type":"Feature","id":"way/189786864","properties":{"PARK_NAME":"Heathdale Glen Orden Wetlands Reserve"},"geometry":{"type":"Polygon","coordinates":[[[144.676,-37.8825],[144.6764,-37.8823],[144.6767,-37.8823],[144.6771,-37.8826],[144.6773,-37.883],[144.6788,-37.8839],[144.6786,-37.8841],[144.6789,-37.884],[144.6793,-37.8844],[144.6794,-37.8842],[144.6804,-37.8844],[144.6804,-37.8846],[144.6806,-37.8844],[144.6815,-37.8846],[144.6817,-37.883],[144.6806,-37.8828],[144.6803,-37.8821],[144.6793,-37.8817],[144.6789,-37.8808],[144.6754,-37.8771],[144.6754,-37.8769],[144.6748,-37.8769],[144.6748,-37.8771],[144.6773,-37.8805],[144.6769,-37.8805],[144.677,-37.8806],[144.6774,-37.8807],[144.6753,-37.8822],[144.674,-37.8823],[144.6735,-37.882],[144.6737,-37.8817],[144.6734,-37.882],[144.6721,-37.8823],[144.6684,-37.8828],[144.668,-37.8854],[144.6681,-37.8859],[144.6684,-37.8862],[144.6689,-37.8857],[144.6713,-37.8852],[144.6718,-37.8853],[144.6723,-37.8858],[144.6742,-37.886],[144.6744,-37.8859],[144.6753,-37.8859],[144.6759,-37.8852],[144.6757,-37.885],[144.6761,-37.8841],[144.6764,-37.8837],[144.676,-37.8833],[144.6758,-37.883],[144.676,-37.8825]]]}},{"type":"Feature","id":"way/192056302","properties":{"PARK_NAME":"Little Blind Creek Reserve"},"geometry":{"type":"Polygon","coordinates":[[[144.5944,-37.6722],[144.5951,-37.6716],[144.5959,-37.6714],[144.5963,-37.6706],[144.5968,-37.6689],[144.5963,-37.6688],[144.5961,-37.6682],[144.5947,-37.6674],[144.5941,-37.6669],[144.5941,-37.6666],[144.5933,-37.6664],[144.5928,-37.6661],[144.5924,-37.6658],[144.592,-37.6648],[144.5899,-37.6645],[144.5897,-37.6643],[144.5897,-37.6635],[144.5893,-37.6629],[144.5881,-37.6622],[144.5879,-37.6618],[144.5886,-37.6611],[144.5906,-37.6613],[144.5904,-37.6604],[144.5875,-37.66],[144.5874,-37.661],[144.5872,-37.6613],[144.5859,-37.6615],[144.5858,-37.6616],[144.5871,-37.6615],[144.5869,-37.6619],[144.587,-37.6622],[144.5885,-37.6633],[144.5883,-37.6648],[144.5874,-37.665],[144.5874,-37.6652],[144.5881,-37.6651],[144.5889,-37.6655],[144.5902,-37.6656],[144.5903,-37.6653],[144.591,-37.6652],[144.5922,-37.6669],[144.5938,-37.6674],[144.5948,-37.6683],[144.5947,-37.6691],[144.5949,-37.6696],[144.5947,-37.6701],[144.5949,-37.6703],[144.5948,-37.6707],[144.5929,-37.6726],[144.592,-37.6732],[144.5915,-37.6745],[144.5916,-37.6754],[144.5927,-37.6756],[144.5933,-37.6741],[144.5937,-37.6738],[144.594,-37.6738],[144.594,-37.6731],[144.5944,-37.6722]]]}},{"type":"Feature","id":"way/195694871","properties":{"PARK_NAME":"Candlebark Walk Reserve"},"geometry":{"type":"Polygon","coordinates":[[[145.2728,-37.7732],[145.2729,-37.7723],[145.2709,-37.772],[145.271,-37.7717],[145.2707,-37.7716],[145.2708,-37.7712],[145.2701,-37.7711],[145.2696,-37.7715],[145.2679,-37.7708],[145.2681,-37.7706],[145.2676,-37.7706],[145.2677,-37.7702],[145.2684,-37.7695],[145.2683,-37.7694],[145.2674,-37.7692],[145.2673,-37.77],[145.267,-37.77],[145.2661,-37.7696],[145.2662,-37.769],[145.266,-37.7689],[145.2657,-37.7695],[145.2651,-37.7697],[145.2635,-37.7694],[145.2629,-37.7691],[145.2627,-37.7702],[145.2648,-37.7708],[145.2652,-37.7706],[145.2662,-37.7707],[145.2671,-37.7711],[145.267,-37.7716],[145.269,-37.7718],[145.2711,-37.7731],[145.2728,-37.7732]]]}},{"type":"Feature","id":"way/201705922","properties":{"PARK_NAME":"De Chene Reserve"},"geometry":{"type":"Polygon","coordinates":[[[144.9794,-37.7425],[144.9797,-37.7422],[144.9801,-37.7401],[144.9805,-37.7394],[144.9802,-37.7392],[144.98,-37.7395],[144.9795,-37.7393],[144.9795,-37.7391],[144.9788,-37.7389],[144.9784,-37.7385],[144.978,-37.7372],[144.9774,-37.7355],[144.9761,-37.7355],[144.9761,-37.7366],[144.9767,-37.737],[144.9771,-37.738],[144.9763,-37.7388],[144.9771,-37.739],[144.9767,-37.7412],[144.9769,-37.7414],[144.9776,-37.7415],[144.9775,-37.7423],[144.9794,-37.7425]]]}},{"type":"Feature","id":"way/203538390","properties":{"PARK_NAME":"Waratah Reserve"},"geometry":{"type":"Polygon","coordinates":[[[145.2508,-37.994],[145.2513,-37.9918],[145.247,-37.9913],[145.2468,-37.9922],[145.2461,-37.9931],[145.2464,-37.9935],[145.2448,-37.9943],[145.2445,-37.9954],[145.2465,-37.9959],[145.2468,-37.9944],[145.2486,-37.9937],[145.2508,-37.994]]]}},{"type":"Feature","id":"way/203539667","properties":{"PARK_NAME":"Melbourne Water Recreation Area"},"geometry":{"type":"Polygon","coordinates":[[[145.2248,-37.9643],[145.2239,-37.9689],[145.226,-37.9692],[145.2265,-37.9696],[145.2267,-37.97],[145.2263,-37.9717],[145.2265,-37.9718],[145.226,-37.9744],[145.2262,-37.9744],[145.2261,-37.9746],[145.2276,-37.9752],[145.2274,-37.9762],[145.2283,-37.9763],[145.2309,-37.9796],[145.2308,-37.9796],[145.2311,-37.98],[145.2311,-37.9804],[145.2316,-37.9804],[145.2315,-37.9808],[145.2318,-37.9815],[145.2315,-37.9829],[145.2316,-37.9829],[145.2315,-37.9838],[145.2299,-37.9865],[145.2309,-37.9867],[145.2312,-37.9856],[145.2319,-37.9858],[145.2323,-37.9855],[145.232,-37.9846],[145.2322,-37.9846],[145.2324,-37.9843],[145.2325,-37.9838],[145.2323,-37.9836],[145.2327,-37.983],[145.2324,-37.9823],[145.2328,-37.982],[145.2324,-37.9812],[145.2334,-37.9806],[145.2331,-37.9803],[145.2336,-37.9795],[145.2341,-37.9798],[145.2353,-37.9798],[145.2354,-37.979],[145.2359,-37.9783],[145.2367,-37.9761],[145.2369,-37.9745],[145.2373,-37.9745],[145.2368,-37.9733],[145.2362,-37.9726],[145.2358,-37.9725],[145.2358,-37.9722],[145.2365,-37.9721],[145.2364,-37.9704],[145.2361,-37.9697],[145.2352,-37.9681],[145.2343,-37.9671],[145.2336,-37.9664],[145.2301,-37.9638],[145.2295,-37.9635],[145.2279,-37.9634],[145.2275,-37.9653],[145.2253,-37.965],[145.2258,-37.9632],[145.2257,-37.9631],[145.2251,-37.963],[145.2248,-37.9643]]]}},{"type":"Feature","id":"way/203540090","properties":{"PARK_NAME":"Corhanwarrabul Wetlands"},"geometry":{"type":"Polygon","coordinates":[[[145.2118,-37.9173],[145.215,-37.9174],[145.215,-37.9175],[145.2127,-37.9185],[145.2115,-37.9209],[145.2123,-37.9219],[145.212,-37.9224],[145.2106,-37.9222],[145.2103,-37.9231],[145.2113,-37.9234],[145.2112,-37.9235],[145.2092,-37.9232],[145.2086,-37.924],[145.2088,-37.9246],[145.2119,-37.925],[145.2125,-37.9249],[145.2134,-37.9235],[145.2151,-37.9177],[145.2153,-37.9153],[145.2142,-37.9152],[145.2127,-37.9137],[145.2129,-37.9113],[145.2154,-37.9113],[145.2155,-37.9093],[145.2119,-37.9053],[145.2065,-37.9083],[145.2053,-37.9088],[145.2054,-37.9097],[145.2058,-37.9102],[145.2058,-37.9106],[145.2049,-37.9108],[145.2052,-37.9114],[145.2051,-37.9123],[145.205,-37.9129],[145.2046,-37.9133],[145.2049,-37.9137],[145.2053,-37.9136],[145.2053,-37.9138],[145.205,-37.9141],[145.2041,-37.9142],[145.2044,-37.9149],[145.2036,-37.915],[145.2036,-37.9153],[145.204,-37.9155],[145.2039,-37.9159],[145.2042,-37.9161],[145.2039,-37.9164],[145.2036,-37.9174],[145.2033,-37.9178],[145.2036,-37.9182],[145.2036,-37.9184],[145.2033,-37.9186],[145.2035,-37.919],[145.203,-37.9192],[145.2035,-37.9195],[145.2037,-37.9201],[145.204,-37.9204],[145.2044,-37.9215],[145.2048,-37.9218],[145.2049,-37.9221],[145.2055,-37.9224],[145.2052,-37.9218],[145.206,-37.9206],[145.2081,-37.9199],[145.2104,-37.9197],[145.2118,-37.9173]]]}},{"type":"Feature","id":"way/205626470","properties":{"PARK_NAME":"Koonung Creek Park"},"geometry":{"type":"Polygon","coordinates":[[[145.1158,-37.7993],[145.116,-37.7993],[145.1161,-37.799],[145.1157,-37.7987],[145.1153,-37.7978],[145.1153,-37.7973],[145.1149,-37.7966],[145.1153,-37.7961],[145.1157,-37.7961],[145.1181,-37.7968],[145.118,-37.7965],[145.1157,-37.7958],[145.1119,-37.7951],[145.1101,-37.7946],[145.1055,-37.7916],[145.105,-37.7919],[145.1083,-37.7936],[145.1083,-37.7942],[145.1072,-37.7948],[145.1077,-37.795],[145.1088,-37.7951],[145.11,-37.7959],[145.1094,-37.7965],[145.1091,-37.7968],[145.1091,-37.7972],[145.1098,-37.7972],[145.1098,-37.7965],[145.11,-37.7965],[145.1102,-37.7959],[145.1133,-37.7962],[145.1138,-37.7966],[145.1158,-37.7993]]]}},{"type":"Feature","id":"way/216569135","properties":{"PARK_NAME":"H. D. Graham Reserve"},"geometry":{"type":"Polygon","coordinates":[[[144.7938,-37.881],[144.8011,-37.88],[144.7999,-37.8798],[144.7989,-37.8794],[144.7981,-37.8785],[144.7979,-37.8779],[144.7967,-37.878],[144.7959,-37.8768],[144.7958,-37.8757],[144.7923,-37.875],[144.7945,-37.8769],[144.7938,-37.8808],[144.7912,-37.8812],[144.7912,-37.8814],[144.7938,-37.881]]]}},{"type":"Feature","id":"way/223957528","properties":{"PARK_NAME":"Yarrandoo Park"},"geometry":{"type":"Polygon","coordinates":[[[145.1773,-37.8081],[145.1762,-37.808],[145.1766,-37.8049],[145.1777,-37.805],[145.1776,-37.8045],[145.1774,-37.8044],[145.1749,-37.8044],[145.171,-37.8039],[145.1707,-37.8041],[145.1744,-37.8064],[145.1758,-37.8083],[145.1761,-37.8084],[145.1767,-37.8093],[145.1772,-37.8094],[145.1773,-37.8081]]]}},{"type":"Feature","id":"way/229650591","properties":{"PARK_NAME":"Mullum Mullum Creek Linear Park"},"geometry":{"type":"Polygon","coordinates":[[[145.1846,-37.7657],[145.1843,-37.7654],[145.1838,-37.7654],[145.1836,-37.7654],[145.1836,-37.7657],[145.1847,-37.7659],[145.1851,-37.767],[145.186,-37.7677],[145.1857,-37.7678],[145.1859,-37.7683],[145.1859,-37.7686],[145.1866,-37.7696],[145.1871,-37.7699],[145.1867,-37.7716],[145.1864,-37.772],[145.1865,-37.773],[145.1868,-37.773],[145.1867,-37.7736],[145.1869,-37.7739],[145.1873,-37.7741],[145.1875,-37.7737],[145.1882,-37.774],[145.189,-37.7757],[145.1887,-37.7759],[145.189,-37.7762],[145.192,-37.7752],[145.1911,-37.7725],[145.1924,-37.7726],[145.1907,-37.7715],[145.1875,-37.7713],[145.1877,-37.7703],[145.1882,-37.7697],[145.1876,-37.7691],[145.1873,-37.769],[145.1872,-37.7687],[145.1869,-37.7685],[145.1863,-37.7678],[145.1864,-37.7665],[145.186,-37.7663],[145.1857,-37.7663],[145.1854,-37.766],[145.1846,-37.7657]]]}},{"type":"Feature","id":"way/229651020","properties":{"PARK_NAME":"Buck Reserve"},"geometry":{"type":"Polygon","coordinates":[[[145.1846,-37.7657],[145.1852,-37.7658],[145.1857,-37.7663],[145.1861,-37.7663],[145.1865,-37.7665],[145.1863,-37.7678],[145.1869,-37.7685],[145.1872,-37.7687],[145.1874,-37.769],[145.1876,-37.7691],[145.1882,-37.7697],[145.1877,-37.7703],[145.1875,-37.7713],[145.1906,-37.7715],[145.1902,-37.7703],[145.191,-37.7703],[145.1896,-37.766],[145.1843,-37.7654],[145.1846,-37.7657]]]}},{"type":"Feature","id":"way/229652532","properties":{"PARK_NAME":"Mullum Mullum Creek Linear Park"},"geometry":{"type":"Polygon","coordinates":[[[145.1828,-37.7641],[145.1829,-37.7628],[145.1822,-37.7625],[145.182,-37.7619],[145.1831,-37.7594],[145.1828,-37.758],[145.1807,-37.7565],[145.182,-37.7547],[145.1817,-37.7532],[145.1811,-37.7531],[145.181,-37.7526],[145.1805,-37.7526],[145.1808,-37.7519],[145.1804,-37.7514],[145.18,-37.7514],[145.1799,-37.7516],[145.1787,-37.7512],[145.1785,-37.7514],[145.1781,-37.7512],[145.1778,-37.7507],[145.177,-37.7504],[145.1768,-37.7507],[145.1773,-37.7509],[145.1771,-37.7512],[145.1769,-37.7513],[145.1767,-37.7513],[145.1766,-37.7511],[145.1764,-37.751],[145.1765,-37.7509],[145.1763,-37.7508],[145.1756,-37.7516],[145.1757,-37.7517],[145.1761,-37.7515],[145.1768,-37.7518],[145.1782,-37.7517],[145.18,-37.753],[145.1808,-37.7539],[145.1808,-37.754],[145.1796,-37.7536],[145.1793,-37.7538],[145.1792,-37.7542],[145.1801,-37.7543],[145.1805,-37.7549],[145.1805,-37.7554],[145.1799,-37.7567],[145.179,-37.757],[145.1789,-37.7572],[145.1801,-37.7568],[145.1807,-37.757],[145.1808,-37.7579],[145.1804,-37.7582],[145.1802,-37.7587],[145.1798,-37.7591],[145.18,-37.7602],[145.1815,-37.7604],[145.1814,-37.7612],[145.1808,-37.7612],[145.1806,-37.7618],[145.1797,-37.762],[145.1801,-37.7624],[145.1807,-37.7622],[145.1818,-37.7641],[145.1822,-37.7645],[145.1825,-37.7651],[145.1824,-37.7652],[145.1843,-37.7653],[145.1834,-37.7648],[145.1828,-37.7641]]]}},{"type":"Feature","id":"way/231703172","properties":{"PARK_NAME":"Thomas Street Recreation Reserve"},"geometry":{"type":"Polygon","coordinates":[[[145.0075,-37.6795],[145.0077,-37.6795],[145.0079,-37.6787],[145.0083,-37.6787],[145.0084,-37.6782],[145.0081,-37.6775],[145.0081,-37.6772],[145.0087,-37.674],[145.0092,-37.674],[145.0093,-37.6737],[145.0098,-37.6737],[145.0101,-37.6723],[145.0102,-37.672],[145.0106,-37.672],[145.0103,-37.6713],[145.0101,-37.671],[145.01,-37.6713],[145.01,-37.6718],[145.0098,-37.6723],[145.0096,-37.6723],[145.0086,-37.6733],[145.0077,-37.6738],[145.0067,-37.6737],[145.0076,-37.6739],[145.007,-37.6745],[145.0071,-37.676],[145.0074,-37.6762],[145.0073,-37.6771],[145.008,-37.6779],[145.0075,-37.6788],[145.0075,-37.6795]]]}},{"type":"Feature","id":"way/232536067","properties":{"PARK_NAME":"Tikalara Park"},"geometry":{"type":"Polygon","coordinates":[[[145.1703,-37.7427],[145.1716,-37.7349],[145.1708,-37.7349],[145.1699,-37.7351],[145.1658,-37.7344],[145.165,-37.7345],[145.1645,-37.7348],[145.1639,-37.7355],[145.1634,-37.7369],[145.163,-37.7377],[145.1626,-37.7381],[145.1616,-37.7386],[145.1609,-37.7425],[145.1628,-37.7425],[145.1643,-37.7458],[145.1647,-37.7461],[145.1659,-37.7465],[145.1659,-37.7487],[145.167,-37.7488],[145.167,-37.7468],[145.1695,-37.7472],[145.1703,-37.7427]]]}},{"type":"Feature","id":"way/234840926","properties":{"PARK_NAME":"Sugarloaf Reservoir Park"},"geometry":{"type":"Polygon","coordinates":[[[145.3166,-37.6596],[145.3161,-37.6602],[145.315,-37.6625],[145.314,-37.6638],[145.3127,-37.6647],[145.3114,-37.6648],[145.3106,-37.6645],[145.3092,-37.6636],[145.3053,-37.6618],[145.3032,-37.6611],[145.3027,-37.6608],[145.3022,-37.66],[145.3008,-37.6601],[145.3002,-37.6599],[145.2986,-37.659],[145.2982,-37.6583],[145.2976,-37.658],[145.2948,-37.6572],[145.2943,-37.6572],[145.2939,-37.6574],[145.2931,-37.6582],[145.2923,-37.6595],[145.2919,-37.6597],[145.2915,-37.6597],[145.2903,-37.6594],[145.2894,-37.6597],[145.2891,-37.6595],[145.2885,-37.6595],[145.2882,-37.6598],[145.2894,-37.6603],[145.2897,-37.6608],[145.2899,-37.6636],[145.2891,-37.6661],[145.2882,-37.6673],[145.2884,-37.6692],[145.2862,-37.672],[145.2847,-37.6723],[145.2831,-37.6812],[145.2872,-37.6811],[145.286,-37.6829],[145.2855,-37.6832],[145.2853,-37.6843],[145.2856,-37.6846],[145.2874,-37.6845],[145.288,-37.6849],[145.2873,-37.6856],[145.2873,-37.6858],[145.2887,-37.6858],[145.2894,-37.6855],[145.2903,-37.6854],[145.2908,-37.6858],[145.2909,-37.6864],[145.2911,-37.6869],[145.2919,-37.6868],[145.2942,-37.685],[145.2962,-37.6848],[145.2964,-37.683],[145.2997,-37.6825],[145.2998,-37.6817],[145.3025,-37.6811],[145.3038,-37.6821],[145.3062,-37.6824],[145.3083,-37.684],[145.3097,-37.6841],[145.3106,-37.6837],[145.3131,-37.6826],[145.3144,-37.6815],[145.3155,-37.6826],[145.3165,-37.6828],[145.318,-37.6848],[145.3189,-37.6843],[145.3221,-37.6835],[145.3233,-37.6827],[145.3256,-37.6818],[145.3272,-37.6808],[145.328,-37.6798],[145.3294,-37.6787],[145.3317,-37.6779],[145.3325,-37.6775],[145.3327,-37.6773],[145.3325,-37.6768],[145.3314,-37.676],[145.3313,-37.6756],[145.3316,-37.6747],[145.3309,-37.6738],[145.3306,-37.672],[145.3309,-37.6717],[145.3327,-37.6706],[145.3345,-37.6645],[145.3354,-37.6628],[145.3359,-37.6623],[145.3384,-37.6616],[145.339,-37.661],[145.3393,-37.6601],[145.3399,-37.6597],[145.3412,-37.6594],[145.3418,-37.6589],[145.3424,-37.6578],[145.344,-37.656],[145.3428,-37.6562],[145.3399,-37.6577],[145.3377,-37.6578],[145.3368,-37.6576],[145.3348,-37.6578],[145.3333,-37.6572],[145.3309,-37.657],[145.329,-37.6577],[145.3272,-37.658],[145.3196,-37.6599],[145.3166,-37.6596]]]}},{"type":"Feature","id":"way/237090714","properties":{"PARK_NAME":"Point Cook Homestead"},"geometry":{"type":"Polygon","coordinates":[[[144.7873,-37.9236],[144.7889,-37.9276],[144.791,-37.9275],[144.7931,-37.9272],[144.7941,-37.9266],[144.795,-37.9253],[144.7929,-37.9227],[144.7873,-37.9236]]]}},{"type":"Feature","id":"way/237766793","properties":{"PARK_NAME":"Coburg Lake Reserve"},"geometry":{"type":"Polygon","coordinates":[[[144.9664,-37.7329],[144.9667,-37.7331],[144.9671,-37.7339],[144.9669,-37.734],[144.9681,-37.7342],[144.9704,-37.7353],[144.9723,-37.7353],[144.972,-37.7344],[144.971,-37.7342],[144.9697,-37.7326],[144.9678,-37.7319],[144.9684,-37.7307],[144.9689,-37.7304],[144.9668,-37.7307],[144.9652,-37.7318],[144.9658,-37.7331],[144.9664,-37.7329]]]}},{"type":"Feature","id":"way/240797173","properties":{"PARK_NAME":"Yarra Glen Recreational Reserve and Showground"},"geometry":{"type":"Polygon","coordinates":[[[145.3745,-37.6613],[145.3749,-37.6618],[145.3755,-37.661],[145.3763,-37.6608],[145.3772,-37.66],[145.3775,-37.66],[145.3783,-37.6607],[145.3786,-37.6605],[145.3787,-37.6596],[145.3789,-37.6595],[145.38,-37.6601],[145.3813,-37.6603],[145.3817,-37.6605],[145.3818,-37.6607],[145.3815,-37.6611],[145.3822,-37.6617],[145.3824,-37.6626],[145.3828,-37.6628],[145.383,-37.6627],[145.3831,-37.6621],[145.3835,-37.6615],[145.3845,-37.6615],[145.3849,-37.6602],[145.3848,-37.66],[145.3793,-37.6589],[145.3777,-37.6588],[145.3765,-37.6592],[145.3766,-37.6593],[145.3757,-37.66],[145.3752,-37.6609],[145.3745,-37.6613]]]}},{"type":"Feature","id":"way/242559795","properties":{"PARK_NAME":"Buchan Street Reserve"},"geometry":{"type":"Polygon","coordinates":[[[144.9234,-37.655],[144.922,-37.6547],[144.9204,-37.6554],[144.9208,-37.6558],[144.9206,-37.6562],[144.9203,-37.6562],[144.9205,-37.6568],[144.9203,-37.6571],[144.9205,-37.6571],[144.9206,-37.6576],[144.9201,-37.658],[144.9198,-37.6588],[144.9194,-37.6591],[144.9191,-37.659],[144.9192,-37.6594],[144.9191,-37.6601],[144.9184,-37.6608],[144.9181,-37.6614],[144.9185,-37.6624],[144.9183,-37.6629],[144.92,-37.6633],[144.9196,-37.6631],[144.9189,-37.6615],[144.919,-37.661],[144.9199,-37.661],[144.9199,-37.6609],[144.9196,-37.6609],[144.9198,-37.6605],[144.9205,-37.6599],[144.9201,-37.66],[144.92,-37.6599],[144.9207,-37.658],[144.921,-37.6578],[144.9212,-37.658],[144.9209,-37.6569],[144.9213,-37.6571],[144.9209,-37.6565],[144.9213,-37.6562],[144.9227,-37.6568],[144.9236,-37.6566],[144.9235,-37.6556],[144.9249,-37.6556],[144.9249,-37.6555],[144.9244,-37.6553],[144.9234,-37.6554],[144.9234,-37.655]]]}},{"type":"Feature","id":"way/243891254","properties":{"PARK_NAME":"Cruickshank Park"},"geometry":{"type":"Polygon","coordinates":[[[144.8708,-37.8123],[144.8713,-37.8123],[144.8711,-37.8131],[144.8719,-37.8132],[144.8718,-37.8135],[144.8723,-37.8136],[144.8723,-37.8144],[144.8722,-37.8144],[144.872,-37.8152],[144.8722,-37.8152],[144.8723,-37.8148],[144.8734,-37.8149],[144.8733,-37.8154],[144.8723,-37.8155],[144.8722,-37.8153],[144.8721,-37.8157],[144.8733,-37.8157],[144.8733,-37.8156],[144.8748,-37.8157],[144.8752,-37.8162],[144.8752,-37.8165],[144.8755,-37.8165],[144.8754,-37.8163],[144.8762,-37.8161],[144.8767,-37.8168],[144.8756,-37.8171],[144.8754,-37.8183],[144.8773,-37.8185],[144.8777,-37.8191],[144.8776,-37.8197],[144.8779,-37.8197],[144.8768,-37.8162],[144.875,-37.815],[144.873,-37.8145],[144.8725,-37.8134],[144.871,-37.8115],[144.8708,-37.8123]]]}},{"type":"Feature","id":"way/245271433","properties":{"PARK_NAME":"Burnside Heights Recreation Reserve"},"geometry":{"type":"Polygon","coordinates":[[[144.7547,-37.7387],[144.7566,-37.7388],[144.7612,-37.737],[144.7619,-37.7371],[144.7619,-37.7378],[144.7624,-37.7381],[144.7627,-37.7359],[144.7617,-37.7357],[144.7597,-37.7357],[144.7589,-37.7353],[144.7576,-37.7357],[144.7533,-37.7353],[144.7529,-37.7383],[144.7547,-37.7387]]]}},{"type":"Feature","id":"way/251584913","properties":{"PARK_NAME":"Cruden Farm"},"geometry":{"type":"Polygon","coordinates":[[[145.181,-38.1556],[145.1709,-38.1566],[145.1702,-38.1593],[145.1737,-38.1597],[145.1776,-38.1612],[145.182,-38.1638],[145.1828,-38.1602],[145.1809,-38.16],[145.1814,-38.1578],[145.1807,-38.1577],[145.181,-38.1556]]]}},{"type":"Feature","id":"way/263612464","properties":{"PARK_NAME":"Truganina Park"},"geometry":{"type":"Polygon","coordinates":[[[144.7928,-37.888],[144.7995,-37.8888],[144.8005,-37.8865],[144.8009,-37.8838],[144.8025,-37.883],[144.8024,-37.8828],[144.8052,-37.8805],[144.8011,-37.88],[144.7937,-37.881],[144.7932,-37.8839],[144.7935,-37.8839],[144.7928,-37.888]]]}},{"type":"Feature","id":"way/263915207","properties":{"PARK_NAME":"Lawrie Emmins Reserve"},"geometry":{"type":"Polygon","coordinates":[[[144.7494,-37.8525],[144.7494,-37.8542],[144.7533,-37.8545],[144.7535,-37.8532],[144.7561,-37.8534],[144.7559,-37.8547],[144.7611,-37.8552],[144.7636,-37.8535],[144.7687,-37.851],[144.7553,-37.8484],[144.7494,-37.8525]]]}},{"type":"Feature","id":"way/265032070","properties":{"PARK_NAME":"Spring Valley Reserve"},"geometry":{"type":"Polygon","coordinates":[[[145.149,-37.9676],[145.148,-37.9675],[145.1481,-37.967],[145.1473,-37.9669],[145.1473,-37.9671],[145.1434,-37.9666],[145.1433,-37.9669],[145.1407,-37.9666],[145.1402,-37.9671],[145.1438,-37.9732],[145.1454,-37.9734],[145.1456,-37.9726],[145.1472,-37.9728],[145.1474,-37.9722],[145.1479,-37.9723],[145.1481,-37.9716],[145.1474,-37.9715],[145.1478,-37.9701],[145.1452,-37.9698],[145.1449,-37.9682],[145.1479,-37.9686],[145.148,-37.9681],[145.1482,-37.9681],[145.1484,-37.9677],[145.149,-37.9678],[145.149,-37.9676]]]}},{"type":"Feature","id":"way/265374596","properties":{"PARK_NAME":"Tarralla Creek Reserve"},"geometry":{"type":"Polygon","coordinates":[[[145.265,-37.8217],[145.2651,-37.8217],[145.2653,-37.8208],[145.2655,-37.8208],[145.2656,-37.8202],[145.2659,-37.8197],[145.2658,-37.8197],[145.267,-37.8176],[145.2678,-37.8165],[145.268,-37.8165],[145.2683,-37.8161],[145.2683,-37.8159],[145.2682,-37.8159],[145.2682,-37.8157],[145.2685,-37.8157],[145.2686,-37.8143],[145.2691,-37.8139],[145.2692,-37.8136],[145.2684,-37.8142],[145.2679,-37.8142],[145.2677,-37.8152],[145.268,-37.8154],[145.2679,-37.8159],[145.2676,-37.8163],[145.2673,-37.8163],[145.267,-37.8166],[145.2665,-37.8165],[145.267,-37.8167],[145.2664,-37.8175],[145.2667,-37.8175],[145.2656,-37.8196],[145.2654,-37.8196],[145.2649,-37.8204],[145.2645,-37.8202],[145.2645,-37.8202],[145.2646,-37.8216],[145.265,-37.8217]]]}},{"type":"Feature","id":"way/272299509","properties":{"PARK_NAME":"Eltham College Reserve"},"geometry":{"type":"Polygon","coordinates":[[[145.1981,-37.6974],[145.196,-37.6968],[145.1962,-37.6959],[145.1945,-37.6954],[145.194,-37.6955],[145.1927,-37.6959],[145.192,-37.6968],[145.192,-37.6969],[145.1932,-37.6967],[145.1927,-37.6996],[145.1937,-37.7],[145.1954,-37.6999],[145.1969,-37.7005],[145.1976,-37.7006],[145.1981,-37.6974]]]}},{"type":"Feature","id":"way/274459495","properties":{"PARK_NAME":"Bon Thomas Reserve"},"geometry":{"type":"Polygon","coordinates":[[[144.7561,-37.7729],[144.7561,-37.773],[144.7658,-37.7758],[144.7661,-37.7751],[144.7666,-37.7725],[144.7664,-37.7725],[144.7663,-37.7728],[144.7632,-37.7725],[144.7633,-37.773],[144.763,-37.7729],[144.7633,-37.773],[144.7629,-37.7734],[144.7604,-37.7731],[144.7617,-37.7734],[144.7618,-37.7738],[144.7614,-37.7737],[144.7617,-37.7738],[144.7616,-37.774],[144.7611,-37.7741],[144.7589,-37.7737],[144.759,-37.7732],[144.7602,-37.7731],[144.7578,-37.7729],[144.757,-37.7731],[144.7567,-37.7729],[144.7568,-37.7723],[144.7572,-37.7721],[144.758,-37.7721],[144.7566,-37.772],[144.7565,-37.7729],[144.7561,-37.7729]]]}},{"type":"Feature","id":"way/277271931","properties":{"PARK_NAME":"Thomastown East Recreation Reserve"},"geometry":{"type":"Polygon","coordinates":[[[145.0406,-37.6866],[145.0406,-37.6871],[145.0426,-37.6871],[145.0418,-37.6864],[145.0417,-37.6851],[145.0401,-37.6842],[145.0401,-37.684],[145.0413,-37.683],[145.0415,-37.6825],[145.0414,-37.682],[145.0417,-37.6807],[145.0422,-37.6801],[145.0418,-37.6792],[145.0404,-37.6806],[145.0401,-37.6804],[145.04,-37.6805],[145.0403,-37.6807],[145.0382,-37.6823],[145.0386,-37.6828],[145.0384,-37.6832],[145.0387,-37.6835],[145.0386,-37.6841],[145.0388,-37.685],[145.0404,-37.6851],[145.0404,-37.6853],[145.0407,-37.6853],[145.0406,-37.6866]]]}},{"type":"Feature","id":"way/277797495","properties":{"PARK_NAME":"Station Waters Reserve"},"geometry":{"type":"Polygon","coordinates":[[[144.776,-37.7663],[144.777,-37.7664],[144.7775,-37.7657],[144.7799,-37.7643],[144.7809,-37.7642],[144.7814,-37.7645],[144.7816,-37.765],[144.7825,-37.7651],[144.7826,-37.7644],[144.7825,-37.7639],[144.7828,-37.7639],[144.7828,-37.7637],[144.782,-37.7631],[144.7812,-37.7631],[144.7805,-37.7628],[144.7801,-37.7622],[144.7797,-37.7604],[144.7788,-37.7603],[144.7784,-37.7627],[144.7797,-37.763],[144.7798,-37.7632],[144.7798,-37.7635],[144.7795,-37.7638],[144.7789,-37.7638],[144.778,-37.7635],[144.7774,-37.7637],[144.7768,-37.7647],[144.7759,-37.765],[144.7756,-37.7665],[144.776,-37.7663]]]}},{"type":"Feature","id":"way/279335730","properties":{"PARK_NAME":"Barngeong Reserve"},"geometry":{"type":"Polygon","coordinates":[[[145.3028,-37.7783],[145.3047,-37.7785],[145.3047,-37.7787],[145.3056,-37.7788],[145.306,-37.7791],[145.3057,-37.7799],[145.3062,-37.7821],[145.3064,-37.7821],[145.306,-37.7798],[145.3065,-37.779],[145.3079,-37.7785],[145.3081,-37.7776],[145.3072,-37.7765],[145.3053,-37.776],[145.3046,-37.7755],[145.3039,-37.7754],[145.303,-37.7748],[145.3025,-37.775],[145.3023,-37.7761],[145.3023,-37.7766],[145.3028,-37.778],[145.3028,-37.7783]]]}},{"type":"Feature","id":"way/282436230","properties":{"PARK_NAME":"Wyndham Vale South Reserve"},"geometry":{"type":"Polygon","coordinates":[[[144.6232,-37.9012],[144.6219,-37.9083],[144.6264,-37.9089],[144.6277,-37.9018],[144.6232,-37.9012]]]}},{"type":"Feature","id":"way/285364595","properties":{"PARK_NAME":"Cash Reserve"},"geometry":{"type":"Polygon","coordinates":[[[144.9852,-37.7215],[144.9853,-37.7214],[144.9831,-37.7212],[144.9804,-37.7225],[144.9801,-37.7225],[144.9786,-37.7239],[144.9788,-37.7239],[144.9786,-37.7248],[144.9789,-37.7248],[144.9784,-37.7273],[144.979,-37.7282],[144.9796,-37.7277],[144.9811,-37.7277],[144.9815,-37.7254],[144.9814,-37.7246],[144.981,-37.7246],[144.9807,-37.7249],[144.9803,-37.7249],[144.9797,-37.7244],[144.9797,-37.7241],[144.9817,-37.7224],[144.9831,-37.7226],[144.9833,-37.7224],[144.9834,-37.722],[144.9841,-37.7217],[144.9852,-37.7215]]]}},{"type":"Feature","id":"way/293839020","properties":{"PARK_NAME":"Queens Park"},"geometry":{"type":"Polygon","coordinates":[[[145.5274,-37.6572],[145.5246,-37.6532],[145.5239,-37.6535],[145.5232,-37.6531],[145.5242,-37.6526],[145.5239,-37.6522],[145.5234,-37.6528],[145.523,-37.6531],[145.5227,-37.6529],[145.523,-37.6526],[145.5228,-37.6524],[145.5224,-37.6523],[145.5219,-37.6525],[145.5214,-37.6522],[145.5209,-37.6525],[145.5196,-37.6531],[145.5218,-37.6539],[145.5243,-37.6558],[145.5263,-37.6577],[145.5274,-37.6572]]]}},{"type":"Feature","id":"way/294119190","properties":{"PARK_NAME":"Greenvale Drive Linear Trail"},"geometry":{"type":"Polygon","coordinates":[[[144.9037,-37.6538],[144.9036,-37.6541],[144.9043,-37.6546],[144.9049,-37.6518],[144.9047,-37.6518],[144.9046,-37.6521],[144.9043,-37.6522],[144.9044,-37.6525],[144.9038,-37.6527],[144.9029,-37.6516],[144.9018,-37.6507],[144.9004,-37.6504],[144.8975,-37.6486],[144.8973,-37.6488],[144.8976,-37.6489],[144.8973,-37.6493],[144.8975,-37.6494],[144.8977,-37.649],[144.9001,-37.6505],[144.8999,-37.6507],[144.9,-37.6509],[144.9008,-37.6508],[144.9015,-37.6511],[144.9034,-37.6531],[144.9037,-37.6538]]]}},{"type":"Feature","id":"way/301068776","properties":{"PARK_NAME":"Binnak Park"},"geometry":{"type":"Polygon","coordinates":[[[145.0798,-37.6981],[145.0821,-37.6984],[145.0823,-37.6972],[145.0827,-37.6971],[145.0828,-37.697],[145.0826,-37.6967],[145.0823,-37.6967],[145.0826,-37.6952],[145.0839,-37.6953],[145.0832,-37.695],[145.0827,-37.6944],[145.0829,-37.6936],[145.0827,-37.6933],[145.082,-37.693],[145.0815,-37.6919],[145.0809,-37.6912],[145.0808,-37.6922],[145.0807,-37.6922],[145.08,-37.6921],[145.0797,-37.6918],[145.0794,-37.6918],[145.0798,-37.6924],[145.0805,-37.6928],[145.0809,-37.6927],[145.081,-37.6931],[145.0805,-37.6959],[145.0802,-37.6959],[145.0798,-37.6981]]]}},{"type":"Feature","id":"way/306599316","properties":{"PARK_NAME":"Marriott Waters Recreation Reserve"},"geometry":{"type":"Polygon","coordinates":[[[145.2469,-38.0707],[145.2468,-38.071],[145.2463,-38.0733],[145.2461,-38.0738],[145.2487,-38.074],[145.25,-38.0745],[145.2508,-38.0751],[145.2514,-38.076],[145.2527,-38.0758],[145.2529,-38.0748],[145.2524,-38.074],[145.2526,-38.0739],[145.2524,-38.0737],[145.2539,-38.0731],[145.2533,-38.0723],[145.2484,-38.0712],[145.2469,-38.0707]]]}},{"type":"Feature","id":"way/307998959","properties":{"PARK_NAME":"Taylors Lakes Linear Park"},"geometry":{"type":"Polygon","coordinates":[[[144.7969,-37.7044],[144.7969,-37.7048],[144.7971,-37.7048],[144.7971,-37.7044],[144.7989,-37.7045],[144.7995,-37.705],[144.7991,-37.7052],[144.7992,-37.7053],[144.7997,-37.7051],[144.8005,-37.7057],[144.8015,-37.7047],[144.8014,-37.7039],[144.8013,-37.7037],[144.799,-37.7034],[144.7981,-37.7028],[144.7977,-37.7031],[144.7981,-37.7035],[144.7968,-37.7038],[144.7964,-37.7035],[144.7958,-37.7025],[144.7929,-37.7005],[144.7918,-37.7003],[144.7893,-37.7004],[144.7872,-37.6999],[144.7861,-37.6998],[144.7859,-37.7],[144.7843,-37.6997],[144.7844,-37.6993],[144.7848,-37.6993],[144.7844,-37.6993],[144.7843,-37.6991],[144.7845,-37.6983],[144.7844,-37.6983],[144.7838,-37.6997],[144.7807,-37.6997],[144.7806,-37.6999],[144.7807,-37.7001],[144.7805,-37.7002],[144.7829,-37.7004],[144.7829,-37.7008],[144.7837,-37.7008],[144.7837,-37.7004],[144.7858,-37.7007],[144.786,-37.7006],[144.7861,-37.7008],[144.7871,-37.7009],[144.787,-37.7011],[144.7872,-37.7009],[144.788,-37.701],[144.788,-37.7013],[144.7885,-37.7011],[144.7892,-37.7012],[144.7892,-37.7014],[144.7892,-37.7012],[144.7906,-37.7014],[144.7906,-37.7017],[144.7906,-37.7014],[144.7908,-37.7014],[144.7917,-37.7023],[144.7916,-37.7026],[144.7932,-37.7031],[144.7945,-37.7046],[144.7947,-37.7046],[144.7949,-37.7041],[144.7956,-37.7044],[144.7969,-37.7044]]]}},{"type":"Feature","id":"way/310927579","properties":{"PARK_NAME":"Stony Creek Reserve"},"geometry":{"type":"Polygon","coordinates":[[[144.8953,-37.8244],[144.8911,-37.8239],[144.8911,-37.8235],[144.8906,-37.8237],[144.89,-37.8236],[144.89,-37.8239],[144.8887,-37.8235],[144.8882,-37.8228],[144.8882,-37.8224],[144.8875,-37.825],[144.8892,-37.8252],[144.8922,-37.8261],[144.8923,-37.826],[144.8947,-37.8272],[144.8953,-37.8244]]]}},{"type":"Feature","id":"way/334483292","properties":{"PARK_NAME":"Moonee Ponds Creek"},"geometry":{"type":"Polygon","coordinates":[[[144.8957,-37.6808],[144.8959,-37.6799],[144.8961,-37.6797],[144.8963,-37.679],[144.8962,-37.6789],[144.8964,-37.6786],[144.8963,-37.6785],[144.895,-37.6783],[144.8949,-37.6786],[144.8941,-37.6786],[144.8941,-37.679],[144.8946,-37.6792],[144.8945,-37.6799],[144.8939,-37.6798],[144.8939,-37.6802],[144.8931,-37.6801],[144.893,-37.6803],[144.8924,-37.6802],[144.8918,-37.6799],[144.892,-37.6788],[144.8913,-37.6786],[144.8904,-37.6772],[144.8891,-37.6771],[144.8889,-37.6774],[144.8883,-37.6774],[144.8883,-37.677],[144.8884,-37.6769],[144.888,-37.6764],[144.8877,-37.6765],[144.8879,-37.6768],[144.8877,-37.6771],[144.8878,-37.6776],[144.8876,-37.6777],[144.8877,-37.6777],[144.8878,-37.6779],[144.8888,-37.6784],[144.8903,-37.6786],[144.8901,-37.6797],[144.8909,-37.6799],[144.8912,-37.6801],[144.8909,-37.6803],[144.8911,-37.6806],[144.8934,-37.6808],[144.8957,-37.6808]]]}},{"type":"Feature","id":"way/334488616","properties":{"PARK_NAME":"Attwood Creek Reserve"},"geometry":{"type":"Polygon","coordinates":[[[144.8904,-37.677],[144.8912,-37.6768],[144.8914,-37.6753],[144.892,-37.6747],[144.8945,-37.675],[144.8947,-37.6743],[144.8951,-37.6742],[144.8947,-37.6741],[144.8951,-37.6722],[144.8957,-37.6714],[144.896,-37.6716],[144.8957,-37.6714],[144.896,-37.6711],[144.8965,-37.671],[144.8974,-37.6711],[144.8976,-37.6709],[144.8979,-37.6712],[144.898,-37.6711],[144.8979,-37.6708],[144.8983,-37.6706],[144.8985,-37.6704],[144.898,-37.6701],[144.8978,-37.6704],[144.8971,-37.6703],[144.8959,-37.6705],[144.8954,-37.6709],[144.8954,-37.6704],[144.8951,-37.6704],[144.8951,-37.6715],[144.8945,-37.6719],[144.8943,-37.6722],[144.8942,-37.6738],[144.8941,-37.6741],[144.8937,-37.6743],[144.8924,-37.6744],[144.8921,-37.6741],[144.8921,-37.6737],[144.8919,-37.6737],[144.8919,-37.6744],[144.8916,-37.6746],[144.8912,-37.6745],[144.8914,-37.6747],[144.8911,-37.6754],[144.891,-37.6761],[144.8909,-37.6758],[144.8912,-37.6748],[144.8911,-37.6747],[144.8908,-37.6762],[144.8906,-37.6762],[144.8904,-37.677]]]}},{"type":"Feature","id":"way/334848847","properties":{"PARK_NAME":"Yuroke Creek Reserve"},"geometry":{"type":"Polygon","coordinates":[[[144.9044,-37.6458],[144.905,-37.6447],[144.9055,-37.6442],[144.9041,-37.6438],[144.9035,-37.6433],[144.9025,-37.6428],[144.9019,-37.6423],[144.9014,-37.6411],[144.9015,-37.6406],[144.9017,-37.6402],[144.9013,-37.64],[144.9015,-37.6396],[144.9013,-37.6392],[144.9014,-37.6389],[144.9012,-37.6384],[144.9004,-37.6382],[144.9,-37.6375],[144.8983,-37.6374],[144.8983,-37.6377],[144.9003,-37.6389],[144.9003,-37.6422],[144.902,-37.6436],[144.9023,-37.6442],[144.9024,-37.6441],[144.9044,-37.6458]]]}},{"type":"Feature","id":"way/336934595","properties":{"PARK_NAME":"Berwick Springs Parkland"},"geometry":{"type":"Polygon","coordinates":[[[145.3311,-38.0682],[145.3296,-38.0663],[145.3294,-38.0657],[145.3294,-38.0653],[145.3307,-38.0632],[145.3312,-38.062],[145.3334,-38.0606],[145.334,-38.0598],[145.3341,-38.0595],[145.3297,-38.0589],[145.3257,-38.0586],[145.3252,-38.0588],[145.3248,-38.0596],[145.3245,-38.0599],[145.3222,-38.0611],[145.3225,-38.0616],[145.3226,-38.0623],[145.3231,-38.0629],[145.3258,-38.0638],[145.3257,-38.0655],[145.3262,-38.0664],[145.3262,-38.0671],[145.326,-38.0678],[145.3249,-38.0692],[145.3258,-38.0695],[145.3272,-38.0705],[145.3287,-38.0707],[145.3294,-38.0715],[145.3343,-38.0721],[145.3344,-38.0724],[145.3356,-38.0727],[145.3361,-38.0703],[145.3338,-38.0702],[145.3318,-38.0697],[145.3308,-38.0691],[145.3308,-38.0685],[145.3311,-38.0685],[145.3311,-38.0682]]]}},{"type":"Feature","id":"way/340259618","properties":{"PARK_NAME":"Hillside Linear Reserve"},"geometry":{"type":"Polygon","coordinates":[[[144.7249,-37.6893],[144.7248,-37.6896],[144.726,-37.6897],[144.7286,-37.677],[144.7309,-37.6757],[144.7277,-37.6755],[144.7249,-37.6893]]]}},{"type":"Feature","id":"way/353078678","properties":{"PARK_NAME":"National Water Sports Centre"},"geometry":{"type":"Polygon","coordinates":[[[145.1502,-38.0559],[145.171,-38.0456],[145.1708,-38.0453],[145.1547,-38.0533],[145.1542,-38.0527],[145.1524,-38.0536],[145.1527,-38.054],[145.1514,-38.0547],[145.1513,-38.0545],[145.1501,-38.0551],[145.1499,-38.0548],[145.1495,-38.0551],[145.1502,-38.0559]]]}},{"type":"Feature","id":"way/358443483","properties":{"PARK_NAME":"MacPherson Park"},"geometry":{"type":"Polygon","coordinates":[[[144.558,-37.636],[144.5592,-37.641],[144.5747,-37.6386],[144.573,-37.6337],[144.558,-37.636]]]}},{"type":"Feature","id":"way/366803241","properties":{"PARK_NAME":"Kiloran Park"},"geometry":{"type":"Polygon","coordinates":[[[145.308,-37.7939],[145.3088,-37.7939],[145.3089,-37.7935],[145.3109,-37.7938],[145.3105,-37.7956],[145.3129,-37.7959],[145.313,-37.7952],[145.3135,-37.7953],[145.3136,-37.7948],[145.3131,-37.7947],[145.3133,-37.7939],[145.3119,-37.7936],[145.3114,-37.7933],[145.311,-37.7929],[145.3108,-37.7919],[145.3103,-37.7912],[145.3101,-37.7905],[145.3099,-37.7905],[145.3101,-37.7912],[145.3093,-37.7916],[145.3096,-37.7921],[145.3096,-37.7925],[145.3091,-37.7925],[145.309,-37.7928],[145.308,-37.7939]]]}},{"type":"Feature","id":"way/369450436","properties":{"PARK_NAME":"Tirhatuan Park"},"geometry":{"type":"Polygon","coordinates":[[[145.2265,-37.9522],[145.2268,-37.9521],[145.227,-37.9507],[145.226,-37.9501],[145.2257,-37.9498],[145.2257,-37.9489],[145.226,-37.9483],[145.2249,-37.9475],[145.2249,-37.947],[145.2245,-37.9468],[145.2242,-37.9463],[145.2235,-37.9463],[145.2229,-37.9457],[145.2228,-37.945],[145.2223,-37.9446],[145.2225,-37.9441],[145.2224,-37.9436],[145.2222,-37.9434],[145.221,-37.9433],[145.2204,-37.9424],[145.2206,-37.9421],[145.2193,-37.9417],[145.2198,-37.9411],[145.2197,-37.9409],[145.219,-37.9408],[145.2193,-37.9402],[145.2154,-37.9397],[145.2167,-37.9407],[145.2199,-37.9423],[145.2205,-37.943],[145.2205,-37.9437],[145.2202,-37.9443],[145.2187,-37.9456],[145.2191,-37.9464],[145.2198,-37.9467],[145.2215,-37.9469],[145.2225,-37.9476],[145.2227,-37.9483],[145.2222,-37.9499],[145.2224,-37.9501],[145.222,-37.9503],[145.2222,-37.9506],[145.2226,-37.9504],[145.2241,-37.9503],[145.225,-37.9505],[145.2265,-37.9522]]]}},{"type":"Feature","id":"way/372835809","properties":{"PARK_NAME":"Pepi's Land"},"geometry":{"type":"Polygon","coordinates":[[[145.4477,-37.9325],[145.4468,-37.9321],[145.4443,-37.9341],[145.4424,-37.9348],[145.4424,-37.9361],[145.4422,-37.9379],[145.4438,-37.9379],[145.4456,-37.9391],[145.4471,-37.938],[145.4461,-37.9374],[145.4485,-37.9346],[145.4485,-37.9339],[145.4474,-37.9333],[145.4477,-37.9325]]]}},{"type":"Feature","id":"way/382368096","properties":{"PARK_NAME":"Peppertree Park"},"geometry":{"type":"Polygon","coordinates":[[[144.4296,-37.6806],[144.4293,-37.6802],[144.4285,-37.6802],[144.4278,-37.6799],[144.4278,-37.6797],[144.4266,-37.6793],[144.4268,-37.6779],[144.4265,-37.677],[144.426,-37.6763],[144.4244,-37.6768],[144.4242,-37.6772],[144.4242,-37.6777],[144.4239,-37.6779],[144.4235,-37.6776],[144.4233,-37.6769],[144.4233,-37.6765],[144.4238,-37.6759],[144.4236,-37.6758],[144.4235,-37.6756],[144.4239,-37.6751],[144.4237,-37.675],[144.4226,-37.6763],[144.422,-37.6791],[144.4214,-37.6803],[144.4219,-37.6801],[144.4229,-37.6793],[144.4235,-37.6789],[144.4241,-37.6787],[144.4263,-37.6802],[144.4285,-37.6808],[144.4317,-37.6814],[144.4322,-37.6822],[144.4327,-37.6824],[144.434,-37.6826],[144.4343,-37.6813],[144.431,-37.6808],[144.4309,-37.6806],[144.4302,-37.6808],[144.4296,-37.6806]]]}},{"type":"Feature","id":"way/382972228","properties":{"PARK_NAME":"Gembrook Park"},"geometry":{"type":"Polygon","coordinates":[[[145.5511,-37.955],[145.5501,-37.954],[145.5496,-37.9533],[145.5494,-37.9549],[145.548,-37.9546],[145.5471,-37.9546],[145.5433,-37.9542],[145.5432,-37.9542],[145.5423,-37.9581],[145.5447,-37.9583],[145.546,-37.9594],[145.5472,-37.9602],[145.5476,-37.9598],[145.5476,-37.9596],[145.5468,-37.959],[145.5467,-37.9586],[145.5487,-37.9571],[145.5512,-37.9562],[145.5513,-37.956],[145.5511,-37.955]]]}},{"type":"Feature","id":"way/420431427","properties":{"PARK_NAME":"Wally Tew Reserve"},"geometry":{"type":"Polygon","coordinates":[[[145.2892,-37.8894],[145.2893,-37.8897],[145.2902,-37.8906],[145.2903,-37.8902],[145.2917,-37.8911],[145.291,-37.8924],[145.2915,-37.893],[145.2922,-37.893],[145.2922,-37.8926],[145.2935,-37.8926],[145.2951,-37.8896],[145.2938,-37.8898],[145.2914,-37.8896],[145.2907,-37.8894],[145.2907,-37.8892],[145.2912,-37.8888],[145.2909,-37.8888],[145.2891,-37.889],[145.2879,-37.8888],[145.2878,-37.889],[145.288,-37.8893],[145.2892,-37.8894]]]}},{"type":"Feature","id":"way/455008921","properties":{"PARK_NAME":"Esplanade Public Park"},"geometry":{"type":"Polygon","coordinates":[[[144.9052,-37.8714],[144.9048,-37.8711],[144.904,-37.872],[144.9032,-37.8722],[144.9027,-37.8721],[144.9019,-37.8717],[144.9017,-37.8713],[144.901,-37.8713],[144.8941,-37.868],[144.894,-37.8683],[144.8957,-37.87],[144.8964,-37.8701],[144.8972,-37.8704],[144.8985,-37.8707],[144.8994,-37.8715],[144.901,-37.8723],[144.9029,-37.8727],[144.9038,-37.8726],[144.9045,-37.8724],[144.9049,-37.8721],[144.9052,-37.8714]]]}},{"type":"Feature","id":"way/456870916","properties":{"PARK_NAME":"Bayview Park"},"geometry":{"type":"Polygon","coordinates":[[[145.3266,-38.0046],[145.3303,-38.0051],[145.3301,-38.0058],[145.3299,-38.0057],[145.3311,-38.0069],[145.3316,-38.0065],[145.3325,-38.0066],[145.3339,-37.9995],[145.3233,-37.9982],[145.3234,-37.9987],[145.3241,-37.9997],[145.3245,-38.0001],[145.3256,-38.0016],[145.3264,-38.0023],[145.3265,-38.0025],[145.3261,-38.0041],[145.3266,-38.0046]]]}},{"type":"Feature","id":"way/474067518","properties":{"PARK_NAME":"Tree Conservation area"},"geometry":{"type":"Polygon","coordinates":[[[145.2753,-37.9158],[145.2751,-37.9159],[145.2817,-37.9222],[145.2822,-37.9224],[145.2753,-37.9158]]]}},{"type":"Feature","id":"way/474077444","properties":{"PARK_NAME":"Cascades on Clyde Wetlands"},"geometry":{"type":"Polygon","coordinates":[[[145.3227,-38.0997],[145.3236,-38.1],[145.3234,-38.1019],[145.3226,-38.1018],[145.3226,-38.1026],[145.3244,-38.103],[145.3264,-38.1032],[145.3286,-38.1028],[145.3301,-38.1027],[145.3303,-38.1023],[145.3304,-38.1022],[145.3299,-38.1021],[145.3299,-38.1019],[145.3277,-38.1016],[145.3271,-38.1006],[145.3261,-38.1005],[145.3253,-38.0998],[145.3245,-38.0995],[145.323,-38.0994],[145.3228,-38.0995],[145.3227,-38.0997]]]}},{"type":"Feature","id":"way/474104094","properties":{"PARK_NAME":"Berwick Waters Wetlands Park"},"geometry":{"type":"Polygon","coordinates":[[[145.3425,-38.0769],[145.3421,-38.0771],[145.3413,-38.0763],[145.3414,-38.0756],[145.3427,-38.0757],[145.3426,-38.0761],[145.343,-38.0761],[145.3429,-38.0756],[145.3385,-38.0751],[145.3381,-38.0754],[145.343,-38.0808],[145.3429,-38.0815],[145.3417,-38.0822],[145.3416,-38.0827],[145.3446,-38.0831],[145.3452,-38.0804],[145.343,-38.0781],[145.3436,-38.0776],[145.343,-38.0768],[145.3424,-38.0767],[145.3425,-38.0769]]]}},{"type":"Feature","id":"way/478365467","properties":{"PARK_NAME":"R.J Hamer Arboretum"},"geometry":{"type":"Polygon","coordinates":[[[145.3851,-37.8454],[145.3783,-37.8483],[145.3782,-37.8487],[145.3771,-37.8507],[145.377,-37.8512],[145.3781,-37.8521],[145.3794,-37.8529],[145.3794,-37.8531],[145.3793,-37.8534],[145.3781,-37.854],[145.3768,-37.8543],[145.3763,-37.8546],[145.3748,-37.8562],[145.3753,-37.857],[145.3757,-37.8574],[145.3788,-37.859],[145.3805,-37.8602],[145.3825,-37.8601],[145.3852,-37.8607],[145.3882,-37.8608],[145.3893,-37.8594],[145.3893,-37.8573],[145.3892,-37.8558],[145.3888,-37.8551],[145.3888,-37.8546],[145.3849,-37.854],[145.3852,-37.8526],[145.3848,-37.8499],[145.385,-37.8495],[145.3859,-37.8487],[145.3861,-37.848],[145.3859,-37.8472],[145.3852,-37.8466],[145.3851,-37.8454]]]}},{"type":"Feature","id":"way/478365468","properties":{"PARK_NAME":"Former Olinda Golf Course Park"},"geometry":{"type":"Polygon","coordinates":[[[145.3777,-37.8474],[145.3769,-37.8482],[145.3746,-37.8497],[145.3738,-37.8505],[145.373,-37.8508],[145.3713,-37.8508],[145.3716,-37.854],[145.3723,-37.8539],[145.3743,-37.8555],[145.3748,-37.8562],[145.3763,-37.8546],[145.3768,-37.8543],[145.3781,-37.854],[145.3793,-37.8534],[145.3794,-37.8531],[145.3794,-37.8529],[145.3781,-37.8521],[145.377,-37.8512],[145.3771,-37.8507],[145.3782,-37.8487],[145.3783,-37.8478],[145.3777,-37.8474]]]}},{"type":"Feature","id":"way/482579226","properties":{"PARK_NAME":"Sydney Pargeter Recreation Area"},"geometry":{"type":"Polygon","coordinates":[[[145.2484,-37.9625],[145.2443,-37.9649],[145.2438,-37.9655],[145.244,-37.9655],[145.2438,-37.9663],[145.2439,-37.9665],[145.2459,-37.9668],[145.2473,-37.966],[145.2516,-37.9665],[145.2518,-37.9657],[145.2534,-37.9647],[145.2494,-37.9628],[145.2484,-37.9625]]]}},{"type":"Feature","id":"way/504484187","properties":{"PARK_NAME":"J.K Grant Reserve"},"geometry":{"type":"Polygon","coordinates":[[[144.8273,-37.8596],[144.8257,-37.8588],[144.825,-37.8588],[144.8253,-37.8592],[144.8247,-37.8627],[144.8255,-37.8624],[144.8269,-37.8625],[144.8267,-37.8639],[144.8268,-37.8639],[144.8321,-37.8645],[144.8321,-37.8641],[144.833,-37.8642],[144.8334,-37.8622],[144.8273,-37.8596]]]}},{"type":"Feature","id":"way/505475954","properties":{"PARK_NAME":"Presidents Park"},"geometry":{"type":"Polygon","coordinates":[[[144.632,-37.8849],[144.6317,-37.886],[144.6317,-37.8864],[144.6319,-37.8865],[144.6345,-37.8868],[144.6352,-37.8867],[144.6415,-37.8875],[144.641,-37.8864],[144.6399,-37.8836],[144.6396,-37.8822],[144.6397,-37.881],[144.6415,-37.879],[144.6423,-37.8785],[144.6403,-37.8783],[144.6342,-37.8772],[144.632,-37.8849]]]}},{"type":"Feature","id":"way/511882234","properties":{"PARK_NAME":"Chelsea Bicentennial Park"},"geometry":{"type":"Polygon","coordinates":[[[145.125,-38.0483],[145.1262,-38.0506],[145.1273,-38.0503],[145.1281,-38.0519],[145.1282,-38.0518],[145.1287,-38.0526],[145.1296,-38.0523],[145.1303,-38.0536],[145.1332,-38.0527],[145.1299,-38.0465],[145.1286,-38.0468],[145.1251,-38.048],[145.125,-38.0483]]]}},{"type":"Feature","id":"way/547378268","properties":{"PARK_NAME":"Broadmeadows Valley Park"},"geometry":{"type":"Polygon","coordinates":[[[144.9132,-37.6389],[144.9104,-37.6385],[144.9097,-37.6425],[144.9086,-37.6441],[144.9079,-37.6458],[144.9078,-37.6467],[144.9079,-37.6509],[144.9097,-37.6506],[144.9098,-37.6489],[144.9109,-37.6426],[144.9122,-37.641],[144.913,-37.639],[144.9132,-37.6389]]]}},{"type":"Feature","id":"way/561345786","properties":{"PARK_NAME":"Bridge Road Recreation Reserve"},"geometry":{"type":"Polygon","coordinates":[[[144.5878,-37.7174],[144.588,-37.7166],[144.5884,-37.7166],[144.5886,-37.7159],[144.589,-37.716],[144.5891,-37.7154],[144.588,-37.7152],[144.5857,-37.715],[144.5852,-37.7151],[144.5841,-37.7148],[144.5815,-37.7153],[144.5803,-37.7153],[144.58,-37.7163],[144.5801,-37.7168],[144.5807,-37.7173],[144.581,-37.7186],[144.5817,-37.7189],[144.5832,-37.7183],[144.5876,-37.718],[144.5878,-37.7174]]]}},{"type":"Feature","id":"way/562599785","properties":{"PARK_NAME":"Caroline Springs Linear Reserve"},"geometry":{"type":"Polygon","coordinates":[[[144.738,-37.7524],[144.7382,-37.7524],[144.7383,-37.752],[144.7383,-37.7513],[144.7381,-37.75],[144.7367,-37.7488],[144.7364,-37.7486],[144.7361,-37.7487],[144.7355,-37.7483],[144.7362,-37.7474],[144.7359,-37.7472],[144.7351,-37.7475],[144.7352,-37.748],[144.7344,-37.7483],[144.734,-37.7483],[144.7332,-37.7472],[144.7331,-37.7465],[144.7321,-37.7461],[144.7325,-37.7456],[144.7332,-37.7459],[144.7338,-37.7457],[144.7339,-37.745],[144.7343,-37.7449],[144.7344,-37.7443],[144.7346,-37.7443],[144.7345,-37.744],[144.7345,-37.7433],[144.7343,-37.7433],[144.7342,-37.7437],[144.7336,-37.7446],[144.7336,-37.7448],[144.7332,-37.7447],[144.7327,-37.7448],[144.7328,-37.7452],[144.7324,-37.7453],[144.7319,-37.7453],[144.732,-37.7449],[144.7315,-37.7442],[144.7313,-37.7443],[144.731,-37.7439],[144.7307,-37.744],[144.731,-37.7449],[144.7308,-37.7452],[144.7309,-37.7454],[144.7302,-37.7457],[144.7287,-37.7457],[144.7275,-37.7475],[144.7274,-37.7485],[144.7285,-37.7486],[144.7288,-37.7477],[144.7287,-37.7475],[144.7283,-37.7475],[144.7284,-37.7467],[144.7288,-37.7467],[144.7287,-37.7466],[144.729,-37.7463],[144.7295,-37.7462],[144.7307,-37.7461],[144.7314,-37.7462],[144.7317,-37.7466],[144.7324,-37.7467],[144.7328,-37.7475],[144.7326,-37.7476],[144.7327,-37.748],[144.7326,-37.7483],[144.7327,-37.7485],[144.7331,-37.7484],[144.7333,-37.7486],[144.7346,-37.7487],[144.7348,-37.7494],[144.7344,-37.7498],[144.7349,-37.7501],[144.7355,-37.7492],[144.7371,-37.7499],[144.7372,-37.7508],[144.7377,-37.7509],[144.7376,-37.7522],[144.738,-37.7524]]]}},{"type":"Feature","id":"way/562606250","properties":{"PARK_NAME":"Kororoit Creek Linear Reserve"},"geometry":{"type":"Polygon","coordinates":[[[144.7282,-37.7351],[144.7289,-37.7352],[144.7293,-37.7355],[144.7294,-37.736],[144.729,-37.7371],[144.7277,-37.738],[144.7279,-37.7389],[144.7275,-37.7389],[144.7276,-37.7395],[144.7254,-37.7396],[144.7244,-37.7439],[144.7243,-37.7442],[144.7247,-37.7443],[144.7257,-37.7401],[144.7269,-37.7401],[144.7275,-37.7399],[144.7282,-37.74],[144.7286,-37.7382],[144.7288,-37.7381],[144.729,-37.7377],[144.7293,-37.7375],[144.7297,-37.7376],[144.7297,-37.7374],[144.7294,-37.7374],[144.7296,-37.7363],[144.7299,-37.7361],[144.7301,-37.7354],[144.7309,-37.7349],[144.7316,-37.7337],[144.7327,-37.7339],[144.7331,-37.7337],[144.733,-37.7332],[144.7319,-37.7329],[144.7318,-37.7317],[144.7315,-37.7314],[144.7312,-37.7306],[144.7316,-37.7303],[144.7331,-37.7303],[144.7337,-37.7305],[144.7335,-37.7311],[144.7335,-37.7318],[144.7337,-37.7324],[144.7341,-37.7328],[144.7342,-37.7336],[144.7346,-37.7337],[144.7338,-37.7351],[144.7339,-37.7359],[144.7341,-37.7365],[144.735,-37.7367],[144.7353,-37.737],[144.7352,-37.7374],[144.7359,-37.7376],[144.7371,-37.7383],[144.738,-37.7387],[144.7384,-37.7384],[144.7401,-37.7387],[144.7412,-37.7387],[144.743,-37.7384],[144.7434,-37.7379],[144.7446,-37.7371],[144.7457,-37.7372],[144.746,-37.7374],[144.7463,-37.7381],[144.7466,-37.7385],[144.7468,-37.7391],[144.7462,-37.7409],[144.7452,-37.7408],[144.745,-37.7412],[144.7446,-37.7414],[144.745,-37.7415],[144.7454,-37.741],[144.7462,-37.7414],[144.7459,-37.7419],[144.7471,-37.742],[144.7471,-37.7416],[144.7479,-37.7417],[144.7493,-37.7417],[144.7491,-37.7407],[144.7483,-37.7387],[144.7481,-37.7377],[144.747,-37.737],[144.7467,-37.7358],[144.7469,-37.7342],[144.7474,-37.7329],[144.7473,-37.7321],[144.747,-37.7325],[144.7471,-37.7329],[144.7468,-37.734],[144.7465,-37.7339],[144.7463,-37.7354],[144.7457,-37.7352],[144.7456,-37.7354],[144.7448,-37.7353],[144.7441,-37.7363],[144.7439,-37.7363],[144.7438,-37.7365],[144.7436,-37.7365],[144.7436,-37.7369],[144.7413,-37.7378],[144.7392,-37.7377],[144.7389,-37.7376],[144.739,-37.7375],[144.7378,-37.7371],[144.7371,-37.7366],[144.7359,-37.7356],[144.7358,-37.7351],[144.7355,-37.735],[144.7352,-37.7348],[144.7354,-37.7342],[144.7354,-37.733],[144.7354,-37.7328],[144.7349,-37.7323],[144.735,-37.7321],[144.7349,-37.7316],[144.7353,-37.7306],[144.7353,-37.7301],[144.7349,-37.7295],[144.7348,-37.7288],[144.7342,-37.7287],[144.734,-37.729],[144.7338,-37.7292],[144.732,-37.7291],[144.7314,-37.7288],[144.731,-37.7281],[144.7307,-37.7281],[144.7301,-37.7284],[144.7302,-37.7289],[144.7297,-37.7303],[144.7304,-37.7322],[144.73,-37.7339],[144.7285,-37.7343],[144.7282,-37.7351]]]}},{"type":"Feature","id":"way/566497202","properties":{"PARK_NAME":"Arnolds Creek Reserve"},"geometry":{"type":"Polygon","coordinates":[[[144.5544,-37.7088],[144.5532,-37.7087],[144.5519,-37.7089],[144.55,-37.7104],[144.5505,-37.7085],[144.5512,-37.7079],[144.5515,-37.7051],[144.5526,-37.7051],[144.5513,-37.705],[144.5507,-37.7041],[144.5509,-37.7009],[144.5503,-37.7008],[144.5501,-37.7002],[144.5493,-37.7001],[144.5503,-37.703],[144.5502,-37.7041],[144.5509,-37.7051],[144.551,-37.7059],[144.5504,-37.7072],[144.549,-37.7084],[144.548,-37.7082],[144.5478,-37.7086],[144.5479,-37.7094],[144.5467,-37.7105],[144.5464,-37.7119],[144.5458,-37.7128],[144.5451,-37.7134],[144.5443,-37.7133],[144.5442,-37.7137],[144.5469,-37.7147],[144.5479,-37.7154],[144.5486,-37.7146],[144.5496,-37.7123],[144.5515,-37.7111],[144.5523,-37.7101],[144.5537,-37.7098],[144.5559,-37.7104],[144.5577,-37.7091],[144.5574,-37.7081],[144.5579,-37.7076],[144.5588,-37.7071],[144.562,-37.7057],[144.5625,-37.7053],[144.5647,-37.7026],[144.5647,-37.7019],[144.5624,-37.7016],[144.5622,-37.7025],[144.5622,-37.7033],[144.5618,-37.7034],[144.5618,-37.7036],[144.562,-37.7038],[144.5619,-37.7045],[144.5607,-37.7054],[144.5598,-37.7057],[144.5581,-37.7064],[144.5564,-37.7073],[144.5559,-37.709],[144.5547,-37.7088],[144.5544,-37.7082],[144.5544,-37.7088]]]}},{"type":"Feature","id":"way/581531202","properties":{"PARK_NAME":"Foreshore Reserve"},"geometry":{"type":"Polygon","coordinates":[[[144.403,-38.0717],[144.4019,-38.0717],[144.4003,-38.0725],[144.3967,-38.0738],[144.3901,-38.0754],[144.3889,-38.0761],[144.3879,-38.0771],[144.3885,-38.0777],[144.3888,-38.0772],[144.3895,-38.0766],[144.3928,-38.0752],[144.3968,-38.0742],[144.3986,-38.0735],[144.4026,-38.0727],[144.4035,-38.0724],[144.403,-38.0717]]]}},{"type":"Feature","id":"way/582274185","properties":{"PARK_NAME":"Hendersons Creek Wetlands"},"geometry":{"type":"Polygon","coordinates":[[[145.0714,-37.6417],[145.0758,-37.6419],[145.0762,-37.6399],[145.0745,-37.6396],[145.0742,-37.6399],[145.072,-37.6402],[145.072,-37.64],[145.0736,-37.6391],[145.073,-37.6387],[145.0714,-37.6383],[145.0694,-37.6374],[145.0696,-37.6369],[145.0695,-37.6366],[145.0685,-37.6366],[145.0683,-37.6374],[145.0678,-37.6379],[145.0672,-37.638],[145.0689,-37.6417],[145.0691,-37.642],[145.0694,-37.642],[145.0714,-37.6417]]]}},{"type":"Feature","id":"way/583619844","properties":{"PARK_NAME":"Stony Creek Linear Reserve"},"geometry":{"type":"Polygon","coordinates":[[[144.8697,-37.8107],[144.8697,-37.8105],[144.8687,-37.8101],[144.8687,-37.81],[144.8681,-37.8098],[144.8676,-37.8093],[144.8669,-37.8086],[144.8671,-37.8081],[144.8648,-37.8069],[144.8645,-37.8064],[144.8638,-37.8058],[144.8618,-37.805],[144.8617,-37.8053],[144.8625,-37.8055],[144.8634,-37.806],[144.8647,-37.8072],[144.8657,-37.8078],[144.8663,-37.8079],[144.8666,-37.8086],[144.8669,-37.8089],[144.8668,-37.8093],[144.8673,-37.8094],[144.8675,-37.8097],[144.868,-37.81],[144.8697,-37.8107]]]}},{"type":"Feature","id":"way/586155205","properties":{"PARK_NAME":"Brimbank Park"},"geometry":{"type":"Polygon","coordinates":[[[144.835,-37.7416],[144.837,-37.7413],[144.8382,-37.7423],[144.8387,-37.7432],[144.8389,-37.7455],[144.8393,-37.7468],[144.8399,-37.7473],[144.8404,-37.7475],[144.8412,-37.7474],[144.8446,-37.7465],[144.8453,-37.7467],[144.8454,-37.7471],[144.846,-37.7472],[144.8523,-37.7405],[144.8504,-37.7403],[144.8477,-37.7424],[144.8431,-37.745],[144.8427,-37.7451],[144.8422,-37.7449],[144.842,-37.745],[144.8417,-37.7447],[144.8422,-37.7441],[144.8467,-37.7418],[144.8487,-37.7402],[144.8455,-37.7399],[144.8435,-37.7404],[144.8421,-37.7393],[144.8461,-37.7362],[144.8487,-37.7357],[144.849,-37.7351],[144.8486,-37.7348],[144.8504,-37.7332],[144.8505,-37.7325],[144.8504,-37.7324],[144.8506,-37.7323],[144.8508,-37.7309],[144.8507,-37.73],[144.8494,-37.7278],[144.8492,-37.727],[144.8479,-37.7263],[144.8464,-37.7258],[144.8445,-37.7256],[144.843,-37.7258],[144.8429,-37.7256],[144.8416,-37.7254],[144.841,-37.725],[144.8401,-37.7238],[144.8391,-37.7229],[144.8371,-37.725],[144.8378,-37.7265],[144.8381,-37.7267],[144.8398,-37.7277],[144.8415,-37.7281],[144.8413,-37.7285],[144.8391,-37.728],[144.8367,-37.7269],[144.8366,-37.7266],[144.8362,-37.7267],[144.8358,-37.7264],[144.8363,-37.7261],[144.8363,-37.726],[144.8361,-37.726],[144.8358,-37.7258],[144.8354,-37.7252],[144.8332,-37.7237],[144.8335,-37.7234],[144.8321,-37.7232],[144.8299,-37.7234],[144.8292,-37.7246],[144.8269,-37.7242],[144.8268,-37.725],[144.8266,-37.7249],[144.8254,-37.7259],[144.8232,-37.7268],[144.8234,-37.7269],[144.8229,-37.727],[144.8247,-37.7275],[144.8262,-37.7285],[144.8263,-37.7287],[144.8262,-37.7289],[144.8266,-37.7292],[144.8268,-37.7299],[144.8263,-37.7309],[144.8266,-37.7322],[144.8274,-37.734],[144.8295,-37.7356],[144.8324,-37.7363],[144.8329,-37.7369],[144.8321,-37.738],[144.8303,-37.7393],[144.8297,-37.7396],[144.8277,-37.7398],[144.828,-37.74],[144.8288,-37.7401],[144.8292,-37.7403],[144.8298,-37.7402],[144.8301,-37.7403],[144.8316,-37.74],[144.833,-37.7399],[144.8331,-37.7405],[144.8325,-37.7405],[144.8326,-37.7412],[144.833,-37.7415],[144.8336,-37.7419],[144.8345,-37.742],[144.8348,-37.742],[144.835,-37.7416]]]}},{"type":"Feature","id":"way/586156293","properties":{"PARK_NAME":"Caroline Chisholm Reserve"},"geometry":{"type":"Polygon","coordinates":[[[144.8404,-37.7239],[144.8407,-37.7232],[144.8401,-37.7227],[144.8402,-37.7222],[144.8397,-37.7215],[144.8397,-37.7211],[144.8409,-37.7201],[144.8417,-37.7197],[144.842,-37.7189],[144.842,-37.7183],[144.8423,-37.7175],[144.8423,-37.7172],[144.842,-37.7169],[144.8415,-37.7171],[144.8412,-37.7175],[144.8406,-37.7178],[144.8405,-37.7182],[144.84,-37.7188],[144.8406,-37.7196],[144.8404,-37.7201],[144.8398,-37.7205],[144.8388,-37.7201],[144.8383,-37.7206],[144.8388,-37.7209],[144.8385,-37.7212],[144.838,-37.7209],[144.8379,-37.721],[144.8398,-37.723],[144.8404,-37.7239]]]}},{"type":"Feature","id":"way/599488537","properties":{"PARK_NAME":"Fergusons Paddock"},"geometry":{"type":"Polygon","coordinates":[[[145.1936,-37.6374],[145.1932,-37.637],[145.1934,-37.6368],[145.1941,-37.637],[145.197,-37.6362],[145.1971,-37.6366],[145.1976,-37.6365],[145.197,-37.6352],[145.1972,-37.6345],[145.1998,-37.6348],[145.2001,-37.6354],[145.2005,-37.6353],[145.2007,-37.6357],[145.2021,-37.6346],[145.2015,-37.6345],[145.2007,-37.635],[145.1999,-37.6347],[145.1995,-37.6343],[145.1992,-37.6344],[145.1984,-37.634],[145.1979,-37.6341],[145.1976,-37.6339],[145.1959,-37.6341],[145.1948,-37.6346],[145.1945,-37.6345],[145.1945,-37.6342],[145.1941,-37.6341],[145.1938,-37.6344],[145.1929,-37.6346],[145.1929,-37.6351],[145.1924,-37.6355],[145.1923,-37.6359],[145.1917,-37.6362],[145.1919,-37.6366],[145.1923,-37.6369],[145.1922,-37.6371],[145.1918,-37.6372],[145.1912,-37.6372],[145.1913,-37.6374],[145.1915,-37.6375],[145.1928,-37.6373],[145.1927,-37.637],[145.193,-37.637],[145.193,-37.6374],[145.1936,-37.6374]]]}},{"type":"Feature","id":"way/599489518","properties":{"PARK_NAME":"Hurstbridge Memorial Park"},"geometry":{"type":"Polygon","coordinates":[[[145.1913,-37.6394],[145.1933,-37.6375],[145.1926,-37.6374],[145.1929,-37.6377],[145.1927,-37.6379],[145.1924,-37.6378],[145.1925,-37.6381],[145.1921,-37.6382],[145.1913,-37.6378],[145.1913,-37.6379],[145.1904,-37.638],[145.1898,-37.6378],[145.1897,-37.6375],[145.1894,-37.6376],[145.1892,-37.638],[145.1888,-37.6381],[145.1881,-37.6389],[145.1872,-37.6394],[145.1869,-37.6407],[145.187,-37.6421],[145.1876,-37.6428],[145.1881,-37.6429],[145.1888,-37.6434],[145.1904,-37.6436],[145.1901,-37.641],[145.1906,-37.6403],[145.1901,-37.6407],[145.1897,-37.6403],[145.1899,-37.6401],[145.1903,-37.6403],[145.1913,-37.6394]]]}},{"type":"Feature","id":"way/616276236","properties":{"PARK_NAME":"Eltham North Reserve"},"geometry":{"type":"Polygon","coordinates":[[[145.1526,-37.6917],[145.1517,-37.6919],[145.1519,-37.6923],[145.1513,-37.6924],[145.1512,-37.6925],[145.1513,-37.6929],[145.152,-37.6936],[145.152,-37.6938],[145.1517,-37.6937],[145.151,-37.693],[145.1508,-37.6925],[145.1509,-37.6929],[145.1513,-37.6934],[145.1509,-37.694],[145.1502,-37.6941],[145.1486,-37.6946],[145.1482,-37.6942],[145.1479,-37.6945],[145.1483,-37.6954],[145.149,-37.6957],[145.1494,-37.6962],[145.1502,-37.6976],[145.1514,-37.6988],[145.1517,-37.6998],[145.1521,-37.6997],[145.1523,-37.7006],[145.1527,-37.7006],[145.1529,-37.7012],[145.1529,-37.702],[145.1531,-37.7023],[145.1532,-37.7028],[145.1541,-37.703],[145.1547,-37.7024],[145.155,-37.7018],[145.1551,-37.701],[145.1551,-37.7001],[145.1544,-37.6988],[145.1524,-37.6969],[145.1521,-37.6961],[145.1524,-37.695],[145.1543,-37.6919],[145.1526,-37.6917]]]}},{"type":"Feature","id":"way/617928207","properties":{"PARK_NAME":"Mullum Mullum Creek Linear Park"},"geometry":{"type":"Polygon","coordinates":[[[145.189,-37.7765],[145.189,-37.7767],[145.1898,-37.7764],[145.1902,-37.777],[145.1903,-37.7775],[145.1899,-37.7776],[145.1898,-37.7779],[145.1894,-37.7782],[145.1883,-37.7785],[145.1877,-37.7795],[145.1897,-37.7798],[145.1898,-37.7795],[145.1896,-37.7795],[145.1896,-37.7793],[145.19,-37.7787],[145.1904,-37.7786],[145.192,-37.7793],[145.1922,-37.7796],[145.1917,-37.7802],[145.1925,-37.7801],[145.1929,-37.7803],[145.1931,-37.7807],[145.1927,-37.7814],[145.1937,-37.7815],[145.1936,-37.7823],[145.1937,-37.7829],[145.1943,-37.7834],[145.1942,-37.7839],[145.1948,-37.7853],[145.196,-37.7863],[145.1971,-37.7864],[145.1988,-37.7869],[145.1984,-37.7878],[145.1989,-37.7879],[145.1996,-37.7874],[145.2005,-37.7875],[145.2004,-37.7873],[145.1993,-37.7865],[145.1982,-37.7863],[145.1985,-37.7858],[145.1994,-37.7852],[145.1994,-37.785],[145.2,-37.7845],[145.1999,-37.7843],[145.1997,-37.7842],[145.198,-37.7855],[145.1966,-37.7857],[145.1959,-37.7849],[145.1953,-37.7836],[145.1953,-37.7831],[145.1949,-37.7826],[145.1949,-37.7819],[145.1973,-37.7818],[145.1929,-37.7777],[145.192,-37.7783],[145.1915,-37.7782],[145.1913,-37.7777],[145.1915,-37.7774],[145.1913,-37.7763],[145.1909,-37.7759],[145.189,-37.7765]]]}},{"type":"Feature","id":"way/629702221","properties":{"PARK_NAME":"Darebin Creek Parklands"},"geometry":{"type":"Polygon","coordinates":[[[145.0321,-37.7413],[145.0337,-37.7421],[145.0346,-37.7436],[145.0345,-37.7439],[145.0331,-37.745],[145.0328,-37.7449],[145.0326,-37.7451],[145.033,-37.7451],[145.0329,-37.7456],[145.0337,-37.7462],[145.035,-37.746],[145.0357,-37.7465],[145.0357,-37.7471],[145.0353,-37.7478],[145.0335,-37.7486],[145.0329,-37.7484],[145.0329,-37.7486],[145.0338,-37.749],[145.0346,-37.7492],[145.0359,-37.7491],[145.0364,-37.7486],[145.037,-37.7473],[145.0367,-37.7455],[145.0362,-37.7456],[145.0361,-37.7446],[145.0362,-37.7411],[145.0358,-37.741],[145.0357,-37.7418],[145.0349,-37.7418],[145.0348,-37.7409],[145.0342,-37.7409],[145.0343,-37.7412],[145.0339,-37.7413],[145.0338,-37.7409],[145.0321,-37.7413]]]}},{"type":"Feature","id":"way/649334376","properties":{"PARK_NAME":"Emerald Lake Park"},"geometry":{"type":"Polygon","coordinates":[[[145.4516,-37.9295],[145.4497,-37.9295],[145.4498,-37.9318],[145.4506,-37.9319],[145.4514,-37.9324],[145.4524,-37.9333],[145.4527,-37.9342],[145.4526,-37.9355],[145.4528,-37.9359],[145.4534,-37.936],[145.4545,-37.9353],[145.4545,-37.9348],[145.4551,-37.9336],[145.4566,-37.932],[145.4573,-37.9317],[145.4579,-37.9318],[145.459,-37.9332],[145.4593,-37.9347],[145.4603,-37.9349],[145.4615,-37.9337],[145.4615,-37.9333],[145.4611,-37.9329],[145.4605,-37.9327],[145.4597,-37.9315],[145.4629,-37.9319],[145.4628,-37.9274],[145.4609,-37.9275],[145.46,-37.9278],[145.4595,-37.9274],[145.4588,-37.9275],[145.4569,-37.9284],[145.4554,-37.9295],[145.454,-37.9302],[145.4528,-37.93],[145.4516,-37.9295]]]}},{"type":"Feature","id":"way/651863691","properties":{"PARK_NAME":"Henry Street Reserve"},"geometry":{"type":"Polygon","coordinates":[[[145.0886,-37.9545],[145.0894,-37.9509],[145.0977,-37.9519],[145.0978,-37.9517],[145.0888,-37.9506],[145.0881,-37.9544],[145.0886,-37.9545]]]}},{"type":"Feature","id":"way/727702256","properties":{"PARK_NAME":"Yarrambat Park"},"geometry":{"type":"Polygon","coordinates":[[[145.1228,-37.6248],[145.1306,-37.6249],[145.1317,-37.626],[145.1327,-37.6256],[145.1332,-37.6259],[145.1344,-37.6261],[145.1354,-37.6214],[145.134,-37.6212],[145.1331,-37.6214],[145.1318,-37.6212],[145.1305,-37.6215],[145.128,-37.6232],[145.1257,-37.6229],[145.1234,-37.6246],[145.1228,-37.6248]]]}},{"type":"Feature","id":"way/738383242","properties":{"PARK_NAME":"Burndap Park"},"geometry":{"type":"Polygon","coordinates":[[[144.9014,-37.7869],[144.9016,-37.7869],[144.9016,-37.7863],[144.9004,-37.7861],[144.9003,-37.7859],[144.9004,-37.7855],[144.9012,-37.7851],[144.9009,-37.7842],[144.9003,-37.7837],[144.8981,-37.7827],[144.8987,-37.7821],[144.8995,-37.7823],[144.9006,-37.7829],[144.9011,-37.7834],[144.9021,-37.7838],[144.9022,-37.7842],[144.9029,-37.7848],[144.9038,-37.7851],[144.9035,-37.7845],[144.9021,-37.7835],[144.9014,-37.7829],[144.8977,-37.7808],[144.8969,-37.7795],[144.8968,-37.7786],[144.8944,-37.7781],[144.8944,-37.7804],[144.8941,-37.7804],[144.894,-37.7801],[144.8936,-37.78],[144.8933,-37.7801],[144.8933,-37.7804],[144.8944,-37.781],[144.8949,-37.7809],[144.895,-37.7812],[144.8959,-37.7811],[144.8962,-37.7812],[144.8967,-37.7827],[144.8965,-37.7829],[144.8955,-37.7831],[144.8955,-37.7832],[144.8978,-37.7828],[144.8981,-37.7831],[144.8982,-37.783],[144.8992,-37.7834],[144.8996,-37.7841],[144.9002,-37.7839],[144.901,-37.7849],[144.9,-37.7854],[144.9001,-37.7861],[144.9001,-37.7862],[144.9014,-37.7864],[144.9015,-37.7865],[144.9013,-37.7867],[144.9014,-37.7869]]]}},{"type":"Feature","id":"way/743544476","properties":{"PARK_NAME":"Beacon Point Reserve"},"geometry":{"type":"Polygon","coordinates":[[[144.5768,-38.1422],[144.5766,-38.1431],[144.5784,-38.145],[144.5801,-38.144],[144.5782,-38.142],[144.5795,-38.1413],[144.5807,-38.1403],[144.5816,-38.1414],[144.5859,-38.1439],[144.5866,-38.1445],[144.5873,-38.1446],[144.5884,-38.1451],[144.5887,-38.1455],[144.5895,-38.1455],[144.5903,-38.1459],[144.5908,-38.1459],[144.5874,-38.1443],[144.5869,-38.1443],[144.5855,-38.1433],[144.5836,-38.1423],[144.5821,-38.1412],[144.5817,-38.1405],[144.5814,-38.1407],[144.5802,-38.1395],[144.5792,-38.1406],[144.5784,-38.1411],[144.578,-38.1411],[144.5769,-38.1417],[144.5768,-38.1422]]]}},{"type":"Feature","id":"way/775216662","properties":{"PARK_NAME":"Cambridge Reserve"},"geometry":{"type":"Polygon","coordinates":[[[144.6746,-37.8765],[144.6754,-37.8765],[144.6752,-37.8761],[144.6747,-37.8757],[144.675,-37.8755],[144.6749,-37.8754],[144.6746,-37.8756],[144.6734,-37.8747],[144.6733,-37.8742],[144.6742,-37.8731],[144.6745,-37.8734],[144.6746,-37.8733],[144.6744,-37.8729],[144.6755,-37.872],[144.6767,-37.8721],[144.677,-37.8716],[144.6768,-37.8712],[144.6774,-37.8706],[144.6774,-37.8688],[144.6776,-37.8686],[144.6789,-37.8686],[144.6787,-37.8681],[144.6783,-37.8681],[144.678,-37.8665],[144.6782,-37.8662],[144.678,-37.866],[144.6777,-37.8661],[144.6776,-37.8664],[144.6779,-37.8677],[144.6765,-37.8684],[144.6753,-37.8684],[144.6753,-37.8685],[144.6757,-37.8686],[144.6757,-37.8688],[144.6755,-37.8699],[144.6747,-37.8702],[144.6746,-37.8708],[144.6741,-37.8708],[144.6739,-37.8709],[144.6745,-37.8719],[144.6745,-37.8722],[144.6737,-37.8729],[144.6731,-37.8731],[144.6726,-37.8727],[144.6719,-37.8726],[144.6719,-37.8727],[144.6719,-37.873],[144.6724,-37.8732],[144.6726,-37.8743],[144.6722,-37.8744],[144.6727,-37.8744],[144.6728,-37.875],[144.6734,-37.8755],[144.6734,-37.8759],[144.6741,-37.8759],[144.6746,-37.8765]]]}},{"type":"Feature","id":"way/965320219","properties":{"PARK_NAME":"Haining Farm"},"geometry":{"type":"Polygon","coordinates":[[[145.5849,-37.7705],[145.5851,-37.7705],[145.5859,-37.7657],[145.5855,-37.7646],[145.5842,-37.7635],[145.5835,-37.7622],[145.5835,-37.7614],[145.5841,-37.7599],[145.579,-37.7594],[145.5785,-37.7614],[145.5791,-37.7615],[145.578,-37.7668],[145.5784,-37.7669],[145.5784,-37.7671],[145.5768,-37.7676],[145.5765,-37.7678],[145.5766,-37.768],[145.5764,-37.7683],[145.5765,-37.7685],[145.5781,-37.7684],[145.5791,-37.7686],[145.5793,-37.7685],[145.5797,-37.7677],[145.5809,-37.7675],[145.5816,-37.7676],[145.5819,-37.7682],[145.5817,-37.7687],[145.5806,-37.7691],[145.5802,-37.7694],[145.5804,-37.7697],[145.5809,-37.7699],[145.5816,-37.7699],[145.5825,-37.7693],[145.5828,-37.7689],[145.5833,-37.7687],[145.5837,-37.7687],[145.5839,-37.7692],[145.5834,-37.7694],[145.5832,-37.7696],[145.5832,-37.7703],[145.5849,-37.7705]]]}},{"type":"Feature","id":"way/974478305","properties":{"PARK_NAME":"Bacchus Marsh Racecourse and Recreation Reserve"},"geometry":{"type":"Polygon","coordinates":[[[144.405,-37.7046],[144.4093,-37.6961],[144.4053,-37.6949],[144.4029,-37.695],[144.4018,-37.6947],[144.3994,-37.6945],[144.3978,-37.7039],[144.405,-37.7046]]]}},{"type":"Feature","id":"way/983596326","properties":{"PARK_NAME":"Challenger Street Reserve"},"geometry":{"type":"Polygon","coordinates":[[[145.1521,-37.6849],[145.1529,-37.6836],[145.1528,-37.6833],[145.1533,-37.6828],[145.1519,-37.6813],[145.1511,-37.681],[145.151,-37.6804],[145.1486,-37.6802],[145.1486,-37.6806],[145.1468,-37.6804],[145.1464,-37.6828],[145.1468,-37.6828],[145.1467,-37.6837],[145.1503,-37.6843],[145.1521,-37.6849]]]}},{"type":"Feature","id":"way/989270004","properties":{"PARK_NAME":"Steele Creek Reserve"},"geometry":{"type":"Polygon","coordinates":[[[144.8876,-37.7564],[144.8875,-37.7559],[144.8863,-37.7558],[144.8857,-37.7553],[144.883,-37.7549],[144.8824,-37.7551],[144.8822,-37.7549],[144.8821,-37.755],[144.8816,-37.755],[144.8819,-37.7533],[144.8824,-37.7533],[144.8824,-37.7532],[144.877,-37.7526],[144.8768,-37.7536],[144.8758,-37.7546],[144.8754,-37.7542],[144.875,-37.7543],[144.875,-37.7545],[144.8755,-37.7548],[144.8737,-37.7564],[144.8739,-37.7565],[144.8736,-37.7576],[144.8739,-37.7584],[144.8755,-37.7604],[144.8782,-37.759],[144.8801,-37.7575],[144.8812,-37.7561],[144.882,-37.7557],[144.8831,-37.7556],[144.8849,-37.7558],[144.8854,-37.7559],[144.8859,-37.7564],[144.8863,-37.7562],[144.8867,-37.7564],[144.8876,-37.7564]]]}},{"type":"Feature","id":"way/1000635766","properties":{"PARK_NAME":"Joan Phillips Reserve"},"geometry":{"type":"Polygon","coordinates":[[[145.2746,-37.9649],[145.2804,-37.9688],[145.2806,-37.9689],[145.2807,-37.9683],[145.2813,-37.9676],[145.2788,-37.966],[145.2784,-37.9664],[145.2752,-37.9643],[145.2746,-37.9649]]]}},{"type":"Feature","id":"way/1010839771","properties":{"PARK_NAME":"Canterbury Road Light Rail Linear Reserve"},"geometry":{"type":"Polygon","coordinates":[[[144.9708,-37.854],[144.971,-37.8539],[144.9672,-37.8511],[144.9648,-37.849],[144.9662,-37.8505],[144.9708,-37.854]]]}},{"type":"Feature","id":"way/1024365273","properties":{"PARK_NAME":"Seaford Wetland"},"geometry":{"type":"Polygon","coordinates":[[[145.1358,-38.1056],[145.1389,-38.1059],[145.1395,-38.1026],[145.1401,-38.1021],[145.1398,-38.1021],[145.1397,-38.102],[145.1402,-38.1003],[145.1404,-38.1001],[145.1405,-38.0997],[145.1422,-38.0999],[145.1441,-38.0971],[145.1435,-38.097],[145.1438,-38.0967],[145.1428,-38.0966],[145.1429,-38.0961],[145.1431,-38.096],[145.1433,-38.0956],[145.1434,-38.0951],[145.1453,-38.0953],[145.1454,-38.0952],[145.1468,-38.0885],[145.1461,-38.0884],[145.1463,-38.087],[145.1471,-38.087],[145.1477,-38.0837],[145.1477,-38.0834],[145.1473,-38.0839],[145.1472,-38.0846],[145.1462,-38.0855],[145.146,-38.0866],[145.1453,-38.0883],[145.1446,-38.0917],[145.1434,-38.0951],[145.1431,-38.095],[145.1421,-38.0975],[145.1397,-38.1],[145.1396,-38.1012],[145.1385,-38.1038],[145.1387,-38.1046],[145.1382,-38.1057],[145.1355,-38.1055],[145.1357,-38.1049],[145.1349,-38.1049],[145.1336,-38.1042],[145.134,-38.1019],[145.1342,-38.1018],[145.1346,-38.1002],[145.1348,-38.1],[145.1347,-38.0998],[145.1351,-38.098],[145.1355,-38.094],[145.1353,-38.0939],[145.1346,-38.0995],[145.1343,-38.0995],[145.1332,-38.1048],[145.1329,-38.1046],[145.1329,-38.1048],[145.1352,-38.1052],[145.1351,-38.1055],[145.1358,-38.1056]]]}},{"type":"Feature","id":"way/1038924100","properties":{"PARK_NAME":"Elation Park North"},"geometry":{"type":"Polygon","coordinates":[[[145.1242,-37.6117],[145.1245,-37.6122],[145.1237,-37.6127],[145.1242,-37.6134],[145.1236,-37.6138],[145.1226,-37.6143],[145.1224,-37.6141],[145.1218,-37.6143],[145.1214,-37.6139],[145.1217,-37.6137],[145.1212,-37.6131],[145.1201,-37.6137],[145.1202,-37.6142],[145.1193,-37.6146],[145.1208,-37.6164],[145.1207,-37.6162],[145.1209,-37.616],[145.1207,-37.6155],[145.1212,-37.6153],[145.1211,-37.615],[145.1218,-37.6148],[145.1219,-37.6151],[145.1223,-37.615],[145.1226,-37.6154],[145.1228,-37.6154],[145.123,-37.6147],[145.124,-37.6148],[145.1243,-37.6145],[145.126,-37.6147],[145.1266,-37.6141],[145.1269,-37.613],[145.1281,-37.6119],[145.1284,-37.6094],[145.1279,-37.6094],[145.128,-37.6098],[145.1278,-37.6111],[145.1272,-37.6112],[145.1269,-37.6117],[145.1245,-37.6115],[145.1242,-37.6117]]]}},{"type":"Feature","id":"way/1049284095","properties":{"PARK_NAME":"Werribee Park"},"geometry":{"type":"Polygon","coordinates":[[[144.6628,-37.9351],[144.6628,-37.9338],[144.6657,-37.9334],[144.6689,-37.9343],[144.6695,-37.9349],[144.6718,-37.9342],[144.6733,-37.936],[144.6736,-37.9354],[144.673,-37.9345],[144.6734,-37.9343],[144.6722,-37.9327],[144.6746,-37.9315],[144.6762,-37.9303],[144.6766,-37.9306],[144.6768,-37.9312],[144.6775,-37.9303],[144.677,-37.9301],[144.676,-37.9298],[144.6754,-37.9292],[144.6752,-37.9283],[144.6747,-37.9274],[144.6737,-37.9264],[144.6739,-37.9253],[144.6738,-37.9245],[144.6745,-37.922],[144.6771,-37.9213],[144.6784,-37.9213],[144.6808,-37.9217],[144.681,-37.922],[144.6811,-37.9212],[144.6814,-37.9211],[144.682,-37.919],[144.6744,-37.9214],[144.6716,-37.9217],[144.6701,-37.9222],[144.6696,-37.9236],[144.6686,-37.9249],[144.668,-37.924],[144.6671,-37.9245],[144.6669,-37.9251],[144.6671,-37.9257],[144.6676,-37.9261],[144.6679,-37.927],[144.6672,-37.9292],[144.6628,-37.9326],[144.6613,-37.9327],[144.6603,-37.9326],[144.6597,-37.9328],[144.6591,-37.9335],[144.6628,-37.9351]]]}},{"type":"Feature","id":"way/1112423929","properties":{"PARK_NAME":"Diamond Creek Linear Reserve"},"geometry":{"type":"Polygon","coordinates":[[[145.1698,-37.6684],[145.1704,-37.6684],[145.1708,-37.6682],[145.1706,-37.6678],[145.1709,-37.6674],[145.1714,-37.6674],[145.1719,-37.6678],[145.1721,-37.6675],[145.1719,-37.6672],[145.1726,-37.6671],[145.1723,-37.6663],[145.1729,-37.6661],[145.1734,-37.6662],[145.1745,-37.666],[145.175,-37.6665],[145.175,-37.6672],[145.1754,-37.6673],[145.1756,-37.6676],[145.1758,-37.6676],[145.1762,-37.6675],[145.177,-37.6676],[145.178,-37.6673],[145.1779,-37.6668],[145.1781,-37.6662],[145.1795,-37.666],[145.1796,-37.6657],[145.1794,-37.6644],[145.1804,-37.6641],[145.1805,-37.6637],[145.1807,-37.6635],[145.1812,-37.6636],[145.1812,-37.663],[145.1815,-37.6624],[145.1811,-37.6621],[145.1804,-37.6623],[145.1798,-37.6634],[145.1791,-37.6639],[145.1787,-37.6654],[145.178,-37.6656],[145.1776,-37.6663],[145.177,-37.6668],[145.1763,-37.6669],[145.1744,-37.6657],[145.1734,-37.6658],[145.1726,-37.6656],[145.1723,-37.666],[145.1716,-37.6661],[145.1713,-37.6663],[145.1711,-37.6671],[145.1705,-37.6672],[145.1703,-37.6676],[145.1704,-37.6678],[145.1702,-37.668],[145.1695,-37.668],[145.1691,-37.6685],[145.1682,-37.6688],[145.1676,-37.6688],[145.1672,-37.6685],[145.1667,-37.6686],[145.1665,-37.6684],[145.166,-37.6683],[145.1658,-37.6681],[145.1652,-37.668],[145.165,-37.6682],[145.1647,-37.6692],[145.1648,-37.6695],[145.1654,-37.6698],[145.1653,-37.67],[145.1646,-37.6701],[145.1642,-37.6704],[145.163,-37.6706],[145.1627,-37.6708],[145.1635,-37.6709],[145.1632,-37.6717],[145.1633,-37.6717],[145.1633,-37.672],[145.1638,-37.6723],[145.164,-37.6721],[145.1638,-37.6713],[145.1641,-37.6707],[145.1647,-37.6705],[145.1653,-37.6709],[145.1654,-37.6704],[145.166,-37.6705],[145.1662,-37.6703],[145.166,-37.6701],[145.1659,-37.6695],[145.1657,-37.6693],[145.1651,-37.6693],[145.1654,-37.6691],[145.1652,-37.6688],[145.1654,-37.6683],[145.1662,-37.6688],[145.1684,-37.6691],[145.1695,-37.6688],[145.1698,-37.6684]]]}},{"type":"Feature","id":"way/1112423934","properties":{"PARK_NAME":"Diamond Creek Linear Reserve"},"geometry":{"type":"Polygon","coordinates":[[[145.1873,-37.6517],[145.1868,-37.6516],[145.1867,-37.6517],[145.1869,-37.6521],[145.1867,-37.6521],[145.1868,-37.6523],[145.1872,-37.6526],[145.1871,-37.6531],[145.1855,-37.6532],[145.185,-37.6537],[145.1853,-37.6543],[145.1861,-37.6551],[145.1858,-37.6562],[145.1845,-37.6556],[145.1841,-37.6558],[145.1833,-37.6557],[145.183,-37.6559],[145.1824,-37.6571],[145.1823,-37.6581],[145.1832,-37.6594],[145.1826,-37.6594],[145.1816,-37.6591],[145.1812,-37.6592],[145.1817,-37.6592],[145.1816,-37.6596],[145.1821,-37.6598],[145.1829,-37.6598],[145.184,-37.6595],[145.184,-37.6594],[145.1832,-37.659],[145.1833,-37.6586],[145.1827,-37.6582],[145.1829,-37.6572],[145.1836,-37.6568],[145.183,-37.6566],[145.1833,-37.6561],[145.1837,-37.6561],[145.1841,-37.6563],[145.1843,-37.656],[145.1846,-37.6559],[145.1853,-37.6564],[145.186,-37.6566],[145.1865,-37.6563],[145.1863,-37.6559],[145.1868,-37.6547],[145.1858,-37.6545],[145.1853,-37.6539],[145.1854,-37.6535],[145.1858,-37.6534],[145.187,-37.6535],[145.1875,-37.6534],[145.1876,-37.6527],[145.1873,-37.6524],[145.1877,-37.6516],[145.1873,-37.6517]]]}},{"type":"Feature","id":"way/1180579581","properties":{"PARK_NAME":"Victory Road Reserve"},"geometry":{"type":"Polygon","coordinates":[[[145.1135,-37.9486],[145.1095,-37.9481],[145.1092,-37.948],[145.1092,-37.9477],[145.106,-37.9473],[145.1054,-37.9506],[145.1057,-37.9515],[145.1073,-37.9517],[145.1077,-37.9493],[145.1096,-37.9496],[145.1091,-37.9519],[145.1143,-37.9526],[145.115,-37.9488],[145.1135,-37.9486]]]}},{"type":"Feature","id":"way/1189955002","properties":{"PARK_NAME":"The Briars Park"},"geometry":{"type":"Polygon","coordinates":[[[145.0511,-38.2695],[145.0518,-38.269],[145.0528,-38.2687],[145.0537,-38.2677],[145.0549,-38.2669],[145.0564,-38.2668],[145.0578,-38.266],[145.0586,-38.2658],[145.0573,-38.2655],[145.0574,-38.2653],[145.0571,-38.2654],[145.0444,-38.2622],[145.0427,-38.2633],[145.0412,-38.2637],[145.0423,-38.265],[145.0427,-38.2668],[145.0425,-38.2666],[145.042,-38.2665],[145.0415,-38.2652],[145.0407,-38.2653],[145.04,-38.2648],[145.04,-38.2643],[145.0397,-38.264],[145.0392,-38.2639],[145.0389,-38.264],[145.0389,-38.2642],[145.0386,-38.2642],[145.038,-38.2639],[145.0374,-38.2641],[145.0376,-38.2657],[145.0351,-38.271],[145.0344,-38.2718],[145.0335,-38.2734],[145.0333,-38.2744],[145.0411,-38.2754],[145.0408,-38.2764],[145.0449,-38.2777],[145.0455,-38.2767],[145.0457,-38.2765],[145.0506,-38.2772],[145.0511,-38.2755],[145.0573,-38.2754],[145.0572,-38.2752],[145.0574,-38.2749],[145.0571,-38.2744],[145.0571,-38.274],[145.0567,-38.274],[145.0559,-38.273],[145.0546,-38.2723],[145.0538,-38.2713],[145.0538,-38.271],[145.0525,-38.2698],[145.0519,-38.2698],[145.0517,-38.2696],[145.0511,-38.2695]]]}},{"type":"Feature","id":"way/1222675847","properties":{"PARK_NAME":"Plenty River Walk"},"geometry":{"type":"Polygon","coordinates":[[[145.1001,-37.6895],[145.1008,-37.6883],[145.1023,-37.6876],[145.1028,-37.6871],[145.103,-37.6865],[145.1042,-37.6864],[145.104,-37.6863],[145.1029,-37.6863],[145.1027,-37.6858],[145.1034,-37.6855],[145.1031,-37.6853],[145.1032,-37.685],[145.1035,-37.685],[145.1032,-37.6849],[145.1031,-37.6842],[145.1037,-37.6839],[145.1042,-37.6831],[145.1047,-37.6829],[145.105,-37.6826],[145.106,-37.6825],[145.1062,-37.682],[145.1064,-37.6819],[145.1072,-37.6822],[145.1072,-37.6824],[145.1073,-37.6822],[145.1079,-37.6818],[145.1071,-37.6819],[145.1064,-37.6815],[145.1055,-37.6823],[145.1045,-37.6823],[145.1044,-37.6828],[145.1036,-37.6829],[145.1038,-37.6832],[145.1036,-37.6835],[145.102,-37.6839],[145.1021,-37.6841],[145.1025,-37.6844],[145.1026,-37.6848],[145.102,-37.6859],[145.1021,-37.6869],[145.1018,-37.6875],[145.1005,-37.6882],[145.0997,-37.6895],[145.1001,-37.6895]]]}},{"type":"Feature","id":"way/1247535638","properties":{"PARK_NAME":"Mt Atkinson Nature Reserve"},"geometry":{"type":"Polygon","coordinates":[[[144.6871,-37.7585],[144.6886,-37.7573],[144.6897,-37.7555],[144.6894,-37.7545],[144.6893,-37.7533],[144.689,-37.753],[144.6882,-37.7529],[144.6881,-37.7536],[144.6875,-37.7541],[144.6858,-37.7542],[144.6852,-37.7548],[144.6842,-37.7553],[144.6822,-37.7551],[144.6804,-37.7553],[144.6794,-37.7549],[144.6792,-37.758],[144.6794,-37.7591],[144.679,-37.7616],[144.6808,-37.7625],[144.6821,-37.7628],[144.6822,-37.7623],[144.6828,-37.7616],[144.6832,-37.7613],[144.6837,-37.7614],[144.6845,-37.7603],[144.6871,-37.7585]]]}},{"type":"Feature","id":"way/1310797291","properties":{"PARK_NAME":"Merri Creek Water Frontage"},"geometry":{"type":"Polygon","coordinates":[[[144.9707,-37.6457],[144.9716,-37.646],[144.9727,-37.6461],[144.9715,-37.6453],[144.9714,-37.6447],[144.9714,-37.644],[144.971,-37.6432],[144.9699,-37.6433],[144.9692,-37.6432],[144.9693,-37.6426],[144.9702,-37.6405],[144.9699,-37.6397],[144.9687,-37.6384],[144.967,-37.6383],[144.9667,-37.638],[144.9663,-37.6371],[144.9654,-37.637],[144.9662,-37.6387],[144.9675,-37.6389],[144.9689,-37.6395],[144.9691,-37.6406],[144.9691,-37.6411],[144.9686,-37.6422],[144.9682,-37.6424],[144.9679,-37.6428],[144.9678,-37.6436],[144.9684,-37.6442],[144.9702,-37.6441],[144.9707,-37.6457]]]}},{"type":"Feature","id":"way/1312162720","properties":{"PARK_NAME":"Frank Pellicano Reserve"},"geometry":{"type":"Polygon","coordinates":[[[145.2342,-38.0377],[145.2336,-38.0404],[145.2411,-38.0416],[145.2382,-38.0353],[145.2377,-38.0381],[145.2342,-38.0377]]]}},{"type":"Feature","id":"way/1382520197","properties":{"PARK_NAME":"Seabrook Reserve"},"geometry":{"type":"Polygon","coordinates":[[[144.9384,-37.682],[144.9327,-37.6813],[144.9322,-37.6835],[144.9368,-37.6841],[144.9359,-37.6872],[144.9375,-37.6874],[144.9384,-37.682]]]}},{"type":"Feature","id":"way/1424841759","properties":{"PARK_NAME":"Quarry Hills Bushland Park"},"geometry":{"type":"Polygon","coordinates":[[[145.053,-37.6216],[145.0611,-37.6224],[145.0627,-37.6131],[145.0629,-37.6116],[145.0581,-37.6111],[145.057,-37.6121],[145.0563,-37.6137],[145.0535,-37.6157],[145.0528,-37.6172],[145.0533,-37.6176],[145.0534,-37.618],[145.0527,-37.6191],[145.0526,-37.6198],[145.0526,-37.6206],[145.053,-37.6216]]]}},{"type":"Feature","id":"way/1425800605","properties":{"PARK_NAME":"Kingsford Smith Ulm Reserve"},"geometry":{"type":"Polygon","coordinates":[[[144.8978,-37.709],[144.8979,-37.7093],[144.8977,-37.7094],[144.8978,-37.7095],[144.8957,-37.7097],[144.8957,-37.7099],[144.8959,-37.7099],[144.8959,-37.71],[144.899,-37.7103],[144.9013,-37.7126],[144.9016,-37.7135],[144.9019,-37.7138],[144.9029,-37.7145],[144.9031,-37.7144],[144.9029,-37.7141],[144.9031,-37.714],[144.9023,-37.7135],[144.9018,-37.7123],[144.9034,-37.7124],[144.9035,-37.7122],[144.9028,-37.7113],[144.9025,-37.7104],[144.9027,-37.7091],[144.9041,-37.7084],[144.904,-37.708],[144.9012,-37.7086],[144.8978,-37.709]]]}},{"type":"Feature","id":"way/1430884903","properties":{"PARK_NAME":"Mount Cottrell Recreation Reserve"},"geometry":{"type":"Polygon","coordinates":[[[144.6379,-37.7596],[144.629,-37.7584],[144.6284,-37.7631],[144.6372,-37.7642],[144.6379,-37.7596]]]}},{"type":"Feature","id":"way/1433193856","properties":{"PARK_NAME":"Liverpool Road Retarding Basin"},"geometry":{"type":"Polygon","coordinates":[[[145.3164,-37.8454],[145.3166,-37.8455],[145.3172,-37.8449],[145.3177,-37.8443],[145.3177,-37.8439],[145.3105,-37.8429],[145.3102,-37.8442],[145.3106,-37.8447],[145.3102,-37.8468],[145.3107,-37.8474],[145.312,-37.8476],[145.3156,-37.846],[145.3164,-37.8454]]]}},{"type":"Feature","id":"way/1462523737","properties":{"PARK_NAME":"Lilium Estate Reserve"},"geometry":{"type":"Polygon","coordinates":[[[145.3539,-38.1292],[145.3536,-38.1306],[145.3594,-38.1313],[145.3595,-38.1311],[145.3582,-38.13],[145.3582,-38.1276],[145.3579,-38.1272],[145.3572,-38.1268],[145.3566,-38.1269],[145.3559,-38.128],[145.3554,-38.1282],[145.3549,-38.1281],[145.3544,-38.1276],[145.354,-38.1275],[145.3533,-38.1276],[145.3526,-38.1279],[145.3522,-38.1284],[145.352,-38.129],[145.3539,-38.1292]]]}}]}