{
    "type": "FeatureCollection",
    "features": [
        {
            "type": "Feature",
            "id": "way/4759069",
            "properties": {},
            "geometry": {
                "type": "LineString",
                "coordinates": [
                    [
                        144.9685,
                        -37.8198
                    ],
                    [
                        144.968,
                        -37.8188
                    ]
                ]
            }
        },
        {
            "type": "Feature",
            "id": "way/8038165",
            "properties": {},
            "geometry": {
                "type": "LineString",
                "coordinates": [
                    [
                        144.9901,
                        -37.8174
                    ],
                    [
                        144.9989,
                        -37.8185
                    ],
                    [
                        145.0131,
                        -37.82
                    ]
                ]
            }
        },
        {
            "type": "Feature",
            "id": "way/19814335",
            "properties": {},
            "geometry": {
                "type": "LineString",
                "coordinates": [
                    [
                        144.9333,
                        -37.8402
                    ],
                    [
                        144.9327,
                        -37.841
                    ]
                ]
            }
        },
        {
            "type": "Feature",
            "id": "way/19981166",
            "properties": {},
            "geometry": {
                "type": "LineString",
                "coordinates": [
                    [
                        144.9495,
                        -37.7952
                    ],
                    [
                        144.9567,
                        -37.8009
                    ]
                ]
            }
        },
        {
            "type": "Feature",
            "id": "way/22237007",
            "properties": {},
            "geometry": {
                "type": "LineString",
                "coordinates": [
                    [
                        144.9567,
                        -37.8009
                    ],
                    [
                        144.9574,
                        -37.8017
                    ]
                ]
            }
        },
        {
            "type": "Feature",
            "id": "way/24591065",
            "properties": {},
            "geometry": {
                "type": "LineString",
                "coordinates": [
                    [
                        144.9825,
                        -37.8554
                    ],
                    [
                        144.9828,
                        -37.8556
                    ]
                ]
            }
        },
        {
            "type": "Feature",
            "id": "way/24591069",
            "properties": {},
            "geometry": {
                "type": "LineString",
                "coordinates": [
                    [
                        144.9827,
                        -37.8557
                    ],
                    [
                        144.9828,
                        -37.8561
                    ]
                ]
            }
        },
        {
            "type": "Feature",
            "id": "way/24591373",
            "properties": {},
            "geometry": {
                "type": "LineString",
                "coordinates": [
                    [
                        144.9828,
                        -37.8556
                    ],
                    [
                        144.983,
                        -37.8556
                    ]
                ]
            }
        },
        {
            "type": "Feature",
            "id": "way/24591388",
            "properties": {},
            "geometry": {
                "type": "LineString",
                "coordinates": [
                    [
                        144.9936,
                        -37.8579
                    ],
                    [
                        144.994,
                        -37.858
                    ]
                ]
            }
        },
        {
            "type": "Feature",
            "id": "way/24677270",
            "properties": {},
            "geometry": {
                "type": "LineString",
                "coordinates": [
                    [
                        144.8903,
                        -37.7798
                    ],
                    [
                        144.89,
                        -37.7798
                    ]
                ]
            }
        },
        {
            "type": "Feature",
            "id": "way/27507767",
            "properties": {},
            "geometry": {
                "type": "LineString",
                "coordinates": [
                    [
                        144.9637,
                        -37.7276
                    ],
                    [
                        144.9637,
                        -37.7282
                    ]
                ]
            }
        },
        {
            "type": "Feature",
            "id": "way/27704668",
            "properties": {},
            "geometry": {
                "type": "LineString",
                "coordinates": [
                    [
                        144.9494,
                        -37.8051
                    ],
                    [
                        144.9593,
                        -37.8062
                    ],
                    [
                        144.9596,
                        -37.8064
                    ]
                ]
            }
        },
        {
            "type": "Feature",
            "id": "way/27989157",
            "properties": {},
            "geometry": {
                "type": "LineString",
                "coordinates": [
                    [
                        144.9449,
                        -37.8148
                    ],
                    [
                        144.9453,
                        -37.8149
                    ]
                ]
            }
        },
        {
            "type": "Feature",
            "id": "way/27989158",
            "properties": {},
            "geometry": {
                "type": "LineString",
                "coordinates": [
                    [
                        144.9512,
                        -37.8132
                    ],
                    [
                        144.9502,
                        -37.8135
                    ]
                ]
            }
        },
        {
            "type": "Feature",
            "id": "way/34285606",
            "properties": {},
            "geometry": {
                "type": "LineString",
                "coordinates": [
                    [
                        144.9569,
                        -37.8251
                    ],
                    [
                        144.9561,
                        -37.8234
                    ]
                ]
            }
        },
        {
            "type": "Feature",
            "id": "way/34913118",
            "properties": {},
            "geometry": {
                "type": "LineString",
                "coordinates": [
                    [
                        144.9825,
                        -37.8554
                    ],
                    [
                        144.9827,
                        -37.8557
                    ]
                ]
            }
        },
        {
            "type": "Feature",
            "id": "way/35607911",
            "properties": {},
            "geometry": {
                "type": "LineString",
                "coordinates": [
                    [
                        144.9735,
                        -37.8079
                    ],
                    [
                        144.9755,
                        -37.8081
                    ]
                ]
            }
        },
        {
            "type": "Feature",
            "id": "way/36925354",
            "properties": {},
            "geometry": {
                "type": "LineString",
                "coordinates": [
                    [
                        144.9526,
                        -37.828
                    ],
                    [
                        144.9522,
                        -37.828
                    ]
                ]
            }
        },
        {
            "type": "Feature",
            "id": "way/36925356",
            "properties": {},
            "geometry": {
                "type": "LineString",
                "coordinates": [
                    [
                        144.9499,
                        -37.8292
                    ],
                    [
                        144.9509,
                        -37.8287
                    ]
                ]
            }
        },
        {
            "type": "Feature",
            "id": "way/38133636",
            "properties": {},
            "geometry": {
                "type": "LineString",
                "coordinates": [
                    [
                        145.0273,
                        -37.8866
                    ],
                    [
                        145.0271,
                        -37.8862
                    ],
                    [
                        145.0263,
                        -37.8861
                    ]
                ]
            }
        },
        {
            "type": "Feature",
            "id": "way/39585518",
            "properties": {},
            "geometry": {
                "type": "LineString",
                "coordinates": [
                    [
                        144.9398,
                        -37.7869
                    ],
                    [
                        144.94,
                        -37.7872
                    ]
                ]
            }
        },
        {
            "type": "Feature",
            "id": "way/41383215",
            "properties": {},
            "geometry": {
                "type": "LineString",
                "coordinates": [
                    [
                        144.953,
                        -37.8194
                    ],
                    [
                        144.9544,
                        -37.819
                    ]
                ]
            }
        },
        {
            "type": "Feature",
            "id": "way/41383222",
            "properties": {},
            "geometry": {
                "type": "LineString",
                "coordinates": [
                    [
                        144.9496,
                        -37.8204
                    ],
                    [
                        144.953,
                        -37.8194
                    ]
                ]
            }
        },
        {
            "type": "Feature",
            "id": "way/41889937",
            "properties": {},
            "geometry": {
                "type": "LineString",
                "coordinates": [
                    [
                        145.0158,
                        -37.82
                    ],
                    [
                        145.0164,
                        -37.82
                    ]
                ]
            }
        },
        {
            "type": "Feature",
            "id": "way/44158348",
            "properties": {},
            "geometry": {
                "type": "LineString",
                "coordinates": [
                    [
                        144.9496,
                        -37.8204
                    ],
                    [
                        144.9454,
                        -37.8215
                    ],
                    [
                        144.9428,
                        -37.821
                    ]
                ]
            }
        },
        {
            "type": "Feature",
            "id": "way/44626823",
            "properties": {},
            "geometry": {
                "type": "LineString",
                "coordinates": [
                    [
                        145.0693,
                        -37.6803
                    ],
                    [
                        145.0685,
                        -37.6848
                    ],
                    [
                        145.0678,
                        -37.6866
                    ],
                    [
                        145.0669,
                        -37.6879
                    ],
                    [
                        145.0611,
                        -37.6938
                    ],
                    [
                        145.0598,
                        -37.6954
                    ],
                    [
                        145.0595,
                        -37.6961
                    ],
                    [
                        145.0579,
                        -37.7014
                    ],
                    [
                        145.0573,
                        -37.7024
                    ],
                    [
                        145.0495,
                        -37.7102
                    ],
                    [
                        145.0452,
                        -37.7135
                    ],
                    [
                        145.0429,
                        -37.7171
                    ],
                    [
                        145.0423,
                        -37.7178
                    ],
                    [
                        145.0403,
                        -37.7188
                    ],
                    [
                        145.0349,
                        -37.7208
                    ]
                ]
            }
        },
        {
            "type": "Feature",
            "id": "way/44626824",
            "properties": {},
            "geometry": {
                "type": "LineString",
                "coordinates": [
                    [
                        145.0696,
                        -37.679
                    ],
                    [
                        145.0694,
                        -37.68
                    ]
                ]
            }
        },
        {
            "type": "Feature",
            "id": "way/44626847",
            "properties": {},
            "geometry": {
                "type": "LineString",
                "coordinates": [
                    [
                        145.0557,
                        -37.704
                    ],
                    [
                        145.0571,
                        -37.7026
                    ],
                    [
                        145.0577,
                        -37.7018
                    ],
                    [
                        145.0595,
                        -37.6961
                    ],
                    [
                        145.0598,
                        -37.6954
                    ],
                    [
                        145.0611,
                        -37.6938
                    ],
                    [
                        145.0668,
                        -37.6879
                    ],
                    [
                        145.0677,
                        -37.6866
                    ],
                    [
                        145.0684,
                        -37.6848
                    ],
                    [
                        145.0693,
                        -37.6803
                    ]
                ]
            }
        },
        {
            "type": "Feature",
            "id": "way/45367584",
            "properties": {},
            "geometry": {
                "type": "LineString",
                "coordinates": [
                    [
                        144.9868,
                        -37.8237
                    ],
                    [
                        144.9867,
                        -37.8235
                    ],
                    [
                        144.984,
                        -37.8226
                    ]
                ]
            }
        },
        {
            "type": "Feature",
            "id": "way/45367678",
            "properties": {},
            "geometry": {
                "type": "LineString",
                "coordinates": [
                    [
                        144.9837,
                        -37.8225
                    ],
                    [
                        144.984,
                        -37.8226
                    ]
                ]
            }
        },
        {
            "type": "Feature",
            "id": "way/45367796",
            "properties": {},
            "geometry": {
                "type": "LineString",
                "coordinates": [
                    [
                        144.984,
                        -37.8226
                    ],
                    [
                        144.9837,
                        -37.8226
                    ]
                ]
            }
        },
        {
            "type": "Feature",
            "id": "way/45368571",
            "properties": {},
            "geometry": {
                "type": "LineString",
                "coordinates": [
                    [
                        144.9746,
                        -37.8178
                    ],
                    [
                        144.9735,
                        -37.8172
                    ],
                    [
                        144.9729,
                        -37.8167
                    ]
                ]
            }
        },
        {
            "type": "Feature",
            "id": "way/45762320",
            "properties": {},
            "geometry": {
                "type": "LineString",
                "coordinates": [
                    [
                        144.9795,
                        -37.8198
                    ],
                    [
                        144.9792,
                        -37.8197
                    ]
                ]
            }
        },
        {
            "type": "Feature",
            "id": "way/45762908",
            "properties": {},
            "geometry": {
                "type": "LineString",
                "coordinates": [
                    [
                        144.9729,
                        -37.8167
                    ],
                    [
                        144.9734,
                        -37.8171
                    ],
                    [
                        144.9747,
                        -37.8178
                    ]
                ]
            }
        },
        {
            "type": "Feature",
            "id": "way/46225513",
            "properties": {},
            "geometry": {
                "type": "LineString",
                "coordinates": [
                    [
                        144.9587,
                        -37.82
                    ],
                    [
                        144.9584,
                        -37.8201
                    ]
                ]
            }
        },
        {
            "type": "Feature",
            "id": "way/46226540",
            "properties": {},
            "geometry": {
                "type": "LineString",
                "coordinates": [
                    [
                        144.955,
                        -37.8209
                    ],
                    [
                        144.9553,
                        -37.821
                    ]
                ]
            }
        },
        {
            "type": "Feature",
            "id": "way/46228157",
            "properties": {},
            "geometry": {
                "type": "LineString",
                "coordinates": [
                    [
                        144.954,
                        -37.8214
                    ],
                    [
                        144.9543,
                        -37.8213
                    ]
                ]
            }
        },
        {
            "type": "Feature",
            "id": "way/46228158",
            "properties": {},
            "geometry": {
                "type": "LineString",
                "coordinates": [
                    [
                        144.9478,
                        -37.8224
                    ],
                    [
                        144.9472,
                        -37.8202
                    ],
                    [
                        144.9449,
                        -37.8148
                    ]
                ]
            }
        },
        {
            "type": "Feature",
            "id": "way/46228159",
            "properties": {},
            "geometry": {
                "type": "LineString",
                "coordinates": [
                    [
                        144.9553,
                        -37.821
                    ],
                    [
                        144.9549,
                        -37.8209
                    ]
                ]
            }
        },
        {
            "type": "Feature",
            "id": "way/46228166",
            "properties": {},
            "geometry": {
                "type": "LineString",
                "coordinates": [
                    [
                        144.9553,
                        -37.8215
                    ],
                    [
                        144.9558,
                        -37.8226
                    ]
                ]
            }
        },
        {
            "type": "Feature",
            "id": "way/46228454",
            "properties": {},
            "geometry": {
                "type": "LineString",
                "coordinates": [
                    [
                        144.9529,
                        -37.8218
                    ],
                    [
                        144.9531,
                        -37.8216
                    ]
                ]
            }
        },
        {
            "type": "Feature",
            "id": "way/46277262",
            "properties": {},
            "geometry": {
                "type": "LineString",
                "coordinates": [
                    [
                        144.9571,
                        -37.8254
                    ],
                    [
                        144.9615,
                        -37.835
                    ]
                ]
            }
        },
        {
            "type": "Feature",
            "id": "way/46278440",
            "properties": {},
            "geometry": {
                "type": "LineString",
                "coordinates": [
                    [
                        144.957,
                        -37.8253
                    ],
                    [
                        144.9568,
                        -37.8257
                    ],
                    [
                        144.9558,
                        -37.8264
                    ]
                ]
            }
        },
        {
            "type": "Feature",
            "id": "way/46314589",
            "properties": {},
            "geometry": {
                "type": "LineString",
                "coordinates": [
                    [
                        144.9639,
                        -37.8185
                    ],
                    [
                        144.9637,
                        -37.8186
                    ]
                ]
            }
        },
        {
            "type": "Feature",
            "id": "way/48570748",
            "properties": {},
            "geometry": {
                "type": "LineString",
                "coordinates": [
                    [
                        144.9468,
                        -37.8311
                    ],
                    [
                        144.9486,
                        -37.8301
                    ]
                ]
            }
        },
        {
            "type": "Feature",
            "id": "way/48570749",
            "properties": {},
            "geometry": {
                "type": "LineString",
                "coordinates": [
                    [
                        144.9493,
                        -37.8296
                    ],
                    [
                        144.9499,
                        -37.8292
                    ]
                ]
            }
        },
        {
            "type": "Feature",
            "id": "way/48570750",
            "properties": {},
            "geometry": {
                "type": "LineString",
                "coordinates": [
                    [
                        144.949,
                        -37.8298
                    ],
                    [
                        144.9493,
                        -37.8296
                    ]
                ]
            }
        },
        {
            "type": "Feature",
            "id": "way/48570757",
            "properties": {},
            "geometry": {
                "type": "LineString",
                "coordinates": [
                    [
                        144.9497,
                        -37.8293
                    ],
                    [
                        144.9522,
                        -37.8282
                    ]
                ]
            }
        },
        {
            "type": "Feature",
            "id": "way/48570776",
            "properties": {},
            "geometry": {
                "type": "LineString",
                "coordinates": [
                    [
                        144.9508,
                        -37.8286
                    ],
                    [
                        144.9503,
                        -37.8289
                    ]
                ]
            }
        },
        {
            "type": "Feature",
            "id": "way/48570777",
            "properties": {},
            "geometry": {
                "type": "LineString",
                "coordinates": [
                    [
                        144.9508,
                        -37.8287
                    ],
                    [
                        144.9518,
                        -37.8283
                    ]
                ]
            }
        },
        {
            "type": "Feature",
            "id": "way/48570779",
            "properties": {},
            "geometry": {
                "type": "LineString",
                "coordinates": [
                    [
                        144.9508,
                        -37.8287
                    ],
                    [
                        144.9502,
                        -37.829
                    ]
                ]
            }
        },
        {
            "type": "Feature",
            "id": "way/48570781",
            "properties": {},
            "geometry": {
                "type": "LineString",
                "coordinates": [
                    [
                        144.9504,
                        -37.8288
                    ],
                    [
                        144.9506,
                        -37.8286
                    ]
                ]
            }
        },
        {
            "type": "Feature",
            "id": "way/48570782",
            "properties": {},
            "geometry": {
                "type": "LineString",
                "coordinates": [
                    [
                        144.9507,
                        -37.8286
                    ],
                    [
                        144.9517,
                        -37.8282
                    ]
                ]
            }
        },
        {
            "type": "Feature",
            "id": "way/49958011",
            "properties": {},
            "geometry": {
                "type": "LineString",
                "coordinates": [
                    [
                        144.9367,
                        -37.8152
                    ],
                    [
                        144.9376,
                        -37.8148
                    ]
                ]
            }
        },
        {
            "type": "Feature",
            "id": "way/49960648",
            "properties": {},
            "geometry": {
                "type": "LineString",
                "coordinates": [
                    [
                        144.9388,
                        -37.8144
                    ],
                    [
                        144.9429,
                        -37.8128
                    ]
                ]
            }
        },
        {
            "type": "Feature",
            "id": "way/49960774",
            "properties": {},
            "geometry": {
                "type": "LineString",
                "coordinates": [
                    [
                        144.9384,
                        -37.8146
                    ],
                    [
                        144.9376,
                        -37.8149
                    ]
                ]
            }
        },
        {
            "type": "Feature",
            "id": "way/50042541",
            "properties": {},
            "geometry": {
                "type": "LineString",
                "coordinates": [
                    [
                        144.9376,
                        -37.8149
                    ],
                    [
                        144.9367,
                        -37.8152
                    ]
                ]
            }
        },
        {
            "type": "Feature",
            "id": "way/50042542",
            "properties": {},
            "geometry": {
                "type": "LineString",
                "coordinates": [
                    [
                        144.9378,
                        -37.8148
                    ],
                    [
                        144.9388,
                        -37.8144
                    ]
                ]
            }
        },
        {
            "type": "Feature",
            "id": "way/54674386",
            "properties": {},
            "geometry": {
                "type": "LineString",
                "coordinates": [
                    [
                        144.995,
                        -37.752
                    ],
                    [
                        144.9948,
                        -37.7525
                    ],
                    [
                        144.9949,
                        -37.753
                    ],
                    [
                        144.9942,
                        -37.7551
                    ],
                    [
                        144.9916,
                        -37.7682
                    ],
                    [
                        144.9911,
                        -37.7695
                    ],
                    [
                        144.9898,
                        -37.7761
                    ],
                    [
                        144.9896,
                        -37.7766
                    ],
                    [
                        144.9892,
                        -37.7771
                    ]
                ]
            }
        },
        {
            "type": "Feature",
            "id": "way/56723838",
            "properties": {},
            "geometry": {
                "type": "LineString",
                "coordinates": [
                    [
                        144.9449,
                        -37.8148
                    ],
                    [
                        144.9472,
                        -37.8202
                    ],
                    [
                        144.9478,
                        -37.8223
                    ]
                ]
            }
        },
        {
            "type": "Feature",
            "id": "way/57018319",
            "properties": {},
            "geometry": {
                "type": "LineString",
                "coordinates": [
                    [
                        144.9453,
                        -37.8149
                    ],
                    [
                        144.945,
                        -37.8149
                    ],
                    [
                        144.9449,
                        -37.8148
                    ]
                ]
            }
        },
        {
            "type": "Feature",
            "id": "way/57018326",
            "properties": {},
            "geometry": {
                "type": "LineString",
                "coordinates": [
                    [
                        144.9453,
                        -37.8149
                    ],
                    [
                        144.9451,
                        -37.8151
                    ],
                    [
                        144.9451,
                        -37.8153
                    ]
                ]
            }
        },
        {
            "type": "Feature",
            "id": "way/57018333",
            "properties": {},
            "geometry": {
                "type": "LineString",
                "coordinates": [
                    [
                        144.945,
                        -37.8152
                    ],
                    [
                        144.9451,
                        -37.815
                    ],
                    [
                        144.9453,
                        -37.8149
                    ]
                ]
            }
        },
        {
            "type": "Feature",
            "id": "way/59339783",
            "properties": {},
            "geometry": {
                "type": "LineString",
                "coordinates": [
                    [
                        144.9828,
                        -37.8561
                    ],
                    [
                        144.983,
                        -37.8568
                    ],
                    [
                        144.9831,
                        -37.8574
                    ],
                    [
                        144.9836,
                        -37.8583
                    ],
                    [
                        144.9863,
                        -37.8665
                    ],
                    [
                        144.9869,
                        -37.8677
                    ]
                ]
            }
        },
        {
            "type": "Feature",
            "id": "way/61511687",
            "properties": {},
            "geometry": {
                "type": "LineString",
                "coordinates": [
                    [
                        144.9424,
                        -37.7896
                    ],
                    [
                        144.9472,
                        -37.7934
                    ]
                ]
            }
        },
        {
            "type": "Feature",
            "id": "way/61512486",
            "properties": {},
            "geometry": {
                "type": "LineString",
                "coordinates": [
                    [
                        144.9736,
                        -37.808
                    ],
                    [
                        144.9733,
                        -37.808
                    ],
                    [
                        144.9732,
                        -37.8082
                    ]
                ]
            }
        },
        {
            "type": "Feature",
            "id": "way/61512563",
            "properties": {},
            "geometry": {
                "type": "LineString",
                "coordinates": [
                    [
                        144.9728,
                        -37.8079
                    ],
                    [
                        144.9731,
                        -37.808
                    ],
                    [
                        144.9732,
                        -37.8082
                    ]
                ]
            }
        },
        {
            "type": "Feature",
            "id": "way/61515709",
            "properties": {},
            "geometry": {
                "type": "LineString",
                "coordinates": [
                    [
                        144.9731,
                        -37.8082
                    ],
                    [
                        144.9732,
                        -37.808
                    ],
                    [
                        144.9735,
                        -37.8079
                    ]
                ]
            }
        },
        {
            "type": "Feature",
            "id": "way/61515723",
            "properties": {},
            "geometry": {
                "type": "LineString",
                "coordinates": [
                    [
                        144.9728,
                        -37.8079
                    ],
                    [
                        144.9731,
                        -37.8078
                    ],
                    [
                        144.9732,
                        -37.8076
                    ]
                ]
            }
        },
        {
            "type": "Feature",
            "id": "way/61515725",
            "properties": {},
            "geometry": {
                "type": "LineString",
                "coordinates": [
                    [
                        144.9733,
                        -37.8076
                    ],
                    [
                        144.9731,
                        -37.8078
                    ],
                    [
                        144.9728,
                        -37.8079
                    ]
                ]
            }
        },
        {
            "type": "Feature",
            "id": "way/62106357",
            "properties": {},
            "geometry": {
                "type": "LineString",
                "coordinates": [
                    [
                        144.9574,
                        -37.8017
                    ],
                    [
                        144.9596,
                        -37.8064
                    ]
                ]
            }
        },
        {
            "type": "Feature",
            "id": "way/62106476",
            "properties": {},
            "geometry": {
                "type": "LineString",
                "coordinates": [
                    [
                        144.9596,
                        -37.8065
                    ],
                    [
                        144.9574,
                        -37.8017
                    ]
                ]
            }
        },
        {
            "type": "Feature",
            "id": "way/62107051",
            "properties": {},
            "geometry": {
                "type": "LineString",
                "coordinates": [
                    [
                        144.9583,
                        -37.8062
                    ],
                    [
                        144.9587,
                        -37.8062
                    ]
                ]
            }
        },
        {
            "type": "Feature",
            "id": "way/62207597",
            "properties": {},
            "geometry": {
                "type": "LineString",
                "coordinates": [
                    [
                        144.9592,
                        -37.8062
                    ],
                    [
                        144.9627,
                        -37.8066
                    ],
                    [
                        144.9628,
                        -37.8067
                    ],
                    [
                        144.9629,
                        -37.8068
                    ]
                ]
            }
        },
        {
            "type": "Feature",
            "id": "way/62208091",
            "properties": {},
            "geometry": {
                "type": "LineString",
                "coordinates": [
                    [
                        144.9608,
                        -37.8064
                    ],
                    [
                        144.9611,
                        -37.8064
                    ]
                ]
            }
        },
        {
            "type": "Feature",
            "id": "way/62208107",
            "properties": {},
            "geometry": {
                "type": "LineString",
                "coordinates": [
                    [
                        144.9591,
                        -37.8055
                    ],
                    [
                        144.9593,
                        -37.8057
                    ]
                ]
            }
        },
        {
            "type": "Feature",
            "id": "way/62211480",
            "properties": {},
            "geometry": {
                "type": "LineString",
                "coordinates": [
                    [
                        144.9521,
                        -37.8281
                    ],
                    [
                        144.9525,
                        -37.8281
                    ]
                ]
            }
        },
        {
            "type": "Feature",
            "id": "way/62211481",
            "properties": {},
            "geometry": {
                "type": "LineString",
                "coordinates": [
                    [
                        144.9519,
                        -37.8281
                    ],
                    [
                        144.9517,
                        -37.8282
                    ]
                ]
            }
        },
        {
            "type": "Feature",
            "id": "way/62211482",
            "properties": {},
            "geometry": {
                "type": "LineString",
                "coordinates": [
                    [
                        144.9517,
                        -37.8282
                    ],
                    [
                        144.9508,
                        -37.8287
                    ]
                ]
            }
        },
        {
            "type": "Feature",
            "id": "way/62211483",
            "properties": {},
            "geometry": {
                "type": "LineString",
                "coordinates": [
                    [
                        144.9487,
                        -37.83
                    ],
                    [
                        144.949,
                        -37.8298
                    ]
                ]
            }
        },
        {
            "type": "Feature",
            "id": "way/62211485",
            "properties": {},
            "geometry": {
                "type": "LineString",
                "coordinates": [
                    [
                        144.9517,
                        -37.8282
                    ],
                    [
                        144.9508,
                        -37.8286
                    ]
                ]
            }
        },
        {
            "type": "Feature",
            "id": "way/62211486",
            "properties": {},
            "geometry": {
                "type": "LineString",
                "coordinates": [
                    [
                        144.9493,
                        -37.8296
                    ],
                    [
                        144.9497,
                        -37.8293
                    ]
                ]
            }
        },
        {
            "type": "Feature",
            "id": "way/62211487",
            "properties": {},
            "geometry": {
                "type": "LineString",
                "coordinates": [
                    [
                        144.949,
                        -37.8298
                    ],
                    [
                        144.9493,
                        -37.8296
                    ]
                ]
            }
        },
        {
            "type": "Feature",
            "id": "way/62211488",
            "properties": {},
            "geometry": {
                "type": "LineString",
                "coordinates": [
                    [
                        144.9516,
                        -37.8281
                    ],
                    [
                        144.9506,
                        -37.8286
                    ]
                ]
            }
        },
        {
            "type": "Feature",
            "id": "way/62211489",
            "properties": {},
            "geometry": {
                "type": "LineString",
                "coordinates": [
                    [
                        144.9469,
                        -37.8311
                    ],
                    [
                        144.9486,
                        -37.8301
                    ]
                ]
            }
        },
        {
            "type": "Feature",
            "id": "way/62259735",
            "properties": {},
            "geometry": {
                "type": "LineString",
                "coordinates": [
                    [
                        144.9567,
                        -37.8009
                    ],
                    [
                        144.9568,
                        -37.8012
                    ],
                    [
                        144.9555,
                        -37.8086
                    ],
                    [
                        144.9555,
                        -37.8096
                    ]
                ]
            }
        },
        {
            "type": "Feature",
            "id": "way/62263492",
            "properties": {},
            "geometry": {
                "type": "LineString",
                "coordinates": [
                    [
                        144.9574,
                        -37.8017
                    ],
                    [
                        144.9566,
                        -37.8009
                    ]
                ]
            }
        },
        {
            "type": "Feature",
            "id": "way/62623958",
            "properties": {},
            "geometry": {
                "type": "LineString",
                "coordinates": [
                    [
                        144.9566,
                        -37.8026
                    ],
                    [
                        144.9566,
                        -37.8023
                    ]
                ]
            }
        },
        {
            "type": "Feature",
            "id": "way/62623983",
            "properties": {},
            "geometry": {
                "type": "LineString",
                "coordinates": [
                    [
                        144.9566,
                        -37.8009
                    ],
                    [
                        144.9476,
                        -37.7937
                    ]
                ]
            }
        },
        {
            "type": "Feature",
            "id": "way/65085682",
            "properties": {},
            "geometry": {
                "type": "LineString",
                "coordinates": [
                    [
                        144.9731,
                        -37.8082
                    ],
                    [
                        144.9731,
                        -37.808
                    ],
                    [
                        144.9728,
                        -37.8079
                    ]
                ]
            }
        },
        {
            "type": "Feature",
            "id": "way/67502664",
            "properties": {},
            "geometry": {
                "type": "LineString",
                "coordinates": [
                    [
                        145.0131,
                        -37.82
                    ],
                    [
                        144.9989,
                        -37.8186
                    ],
                    [
                        144.9899,
                        -37.8175
                    ]
                ]
            }
        },
        {
            "type": "Feature",
            "id": "way/70811382",
            "properties": {},
            "geometry": {
                "type": "LineString",
                "coordinates": [
                    [
                        144.9495,
                        -37.8204
                    ],
                    [
                        144.9493,
                        -37.8205
                    ]
                ]
            }
        },
        {
            "type": "Feature",
            "id": "way/70811737",
            "properties": {},
            "geometry": {
                "type": "LineString",
                "coordinates": [
                    [
                        144.953,
                        -37.8194
                    ],
                    [
                        144.9496,
                        -37.8204
                    ]
                ]
            }
        },
        {
            "type": "Feature",
            "id": "way/70811748",
            "properties": {},
            "geometry": {
                "type": "LineString",
                "coordinates": [
                    [
                        144.9736,
                        -37.8134
                    ],
                    [
                        144.9544,
                        -37.819
                    ]
                ]
            }
        },
        {
            "type": "Feature",
            "id": "way/70955299",
            "properties": {},
            "geometry": {
                "type": "LineString",
                "coordinates": [
                    [
                        144.968,
                        -37.8188
                    ],
                    [
                        144.9675,
                        -37.8176
                    ]
                ]
            }
        },
        {
            "type": "Feature",
            "id": "way/70955790",
            "properties": {},
            "geometry": {
                "type": "LineString",
                "coordinates": [
                    [
                        144.9681,
                        -37.8188
                    ],
                    [
                        144.9685,
                        -37.8198
                    ]
                ]
            }
        },
        {
            "type": "Feature",
            "id": "way/71079920",
            "properties": {},
            "geometry": {
                "type": "LineString",
                "coordinates": [
                    [
                        144.9687,
                        -37.8202
                    ],
                    [
                        144.9698,
                        -37.8225
                    ]
                ]
            }
        },
        {
            "type": "Feature",
            "id": "way/71079934",
            "properties": {},
            "geometry": {
                "type": "LineString",
                "coordinates": [
                    [
                        144.969,
                        -37.8237
                    ],
                    [
                        144.9678,
                        -37.8235
                    ]
                ]
            }
        },
        {
            "type": "Feature",
            "id": "way/71079935",
            "properties": {},
            "geometry": {
                "type": "LineString",
                "coordinates": [
                    [
                        144.97,
                        -37.8231
                    ],
                    [
                        144.9687,
                        -37.8203
                    ]
                ]
            }
        },
        {
            "type": "Feature",
            "id": "way/71079998",
            "properties": {},
            "geometry": {
                "type": "LineString",
                "coordinates": [
                    [
                        144.9691,
                        -37.8211
                    ],
                    [
                        144.9692,
                        -37.8213
                    ]
                ]
            }
        },
        {
            "type": "Feature",
            "id": "way/71079999",
            "properties": {},
            "geometry": {
                "type": "LineString",
                "coordinates": [
                    [
                        144.9692,
                        -37.8213
                    ],
                    [
                        144.9691,
                        -37.8211
                    ]
                ]
            }
        },
        {
            "type": "Feature",
            "id": "way/71080002",
            "properties": {},
            "geometry": {
                "type": "LineString",
                "coordinates": [
                    [
                        144.9687,
                        -37.8202
                    ],
                    [
                        144.9688,
                        -37.8205
                    ]
                ]
            }
        },
        {
            "type": "Feature",
            "id": "way/71080003",
            "properties": {},
            "geometry": {
                "type": "LineString",
                "coordinates": [
                    [
                        144.9688,
                        -37.8205
                    ],
                    [
                        144.9687,
                        -37.8202
                    ]
                ]
            }
        },
        {
            "type": "Feature",
            "id": "way/71188883",
            "properties": {},
            "geometry": {
                "type": "LineString",
                "coordinates": [
                    [
                        144.9691,
                        -37.8236
                    ],
                    [
                        144.9693,
                        -37.8235
                    ]
                ]
            }
        },
        {
            "type": "Feature",
            "id": "way/75375022",
            "properties": {},
            "geometry": {
                "type": "LineString",
                "coordinates": [
                    [
                        145.0585,
                        -37.8772
                    ],
                    [
                        145.0455,
                        -37.8757
                    ],
                    [
                        145.0448,
                        -37.8759
                    ]
                ]
            }
        },
        {
            "type": "Feature",
            "id": "way/75377233",
            "properties": {},
            "geometry": {
                "type": "LineString",
                "coordinates": [
                    [
                        145.0431,
                        -37.8756
                    ],
                    [
                        145.0445,
                        -37.8759
                    ]
                ]
            }
        },
        {
            "type": "Feature",
            "id": "way/75500811",
            "properties": {},
            "geometry": {
                "type": "LineString",
                "coordinates": [
                    [
                        145.0591,
                        -37.8773
                    ],
                    [
                        145.0585,
                        -37.8772
                    ]
                ]
            }
        },
        {
            "type": "Feature",
            "id": "way/91207846",
            "properties": {},
            "geometry": {
                "type": "LineString",
                "coordinates": [
                    [
                        144.9869,
                        -37.8678
                    ],
                    [
                        144.9863,
                        -37.8666
                    ],
                    [
                        144.9835,
                        -37.8582
                    ],
                    [
                        144.9831,
                        -37.8575
                    ],
                    [
                        144.9828,
                        -37.8561
                    ]
                ]
            }
        },
        {
            "type": "Feature",
            "id": "way/91213464",
            "properties": {},
            "geometry": {
                "type": "LineString",
                "coordinates": [
                    [
                        144.9825,
                        -37.8568
                    ],
                    [
                        144.9787,
                        -37.859
                    ]
                ]
            }
        },
        {
            "type": "Feature",
            "id": "way/91365769",
            "properties": {},
            "geometry": {
                "type": "LineString",
                "coordinates": [
                    [
                        144.9828,
                        -37.8561
                    ],
                    [
                        144.9826,
                        -37.8557
                    ]
                ]
            }
        },
        {
            "type": "Feature",
            "id": "way/97790707",
            "properties": {},
            "geometry": {
                "type": "LineString",
                "coordinates": [
                    [
                        144.946,
                        -37.8173
                    ],
                    [
                        144.9458,
                        -37.8171
                    ]
                ]
            }
        },
        {
            "type": "Feature",
            "id": "way/97792355",
            "properties": {},
            "geometry": {
                "type": "LineString",
                "coordinates": [
                    [
                        144.9478,
                        -37.8223
                    ],
                    [
                        144.948,
                        -37.8225
                    ],
                    [
                        144.9485,
                        -37.8225
                    ],
                    [
                        144.9514,
                        -37.8218
                    ],
                    [
                        144.9522,
                        -37.8218
                    ]
                ]
            }
        },
        {
            "type": "Feature",
            "id": "way/97792364",
            "properties": {},
            "geometry": {
                "type": "LineString",
                "coordinates": [
                    [
                        144.9449,
                        -37.8148
                    ],
                    [
                        144.9445,
                        -37.8139
                    ],
                    [
                        144.944,
                        -37.8134
                    ]
                ]
            }
        },
        {
            "type": "Feature",
            "id": "way/97795603",
            "properties": {},
            "geometry": {
                "type": "LineString",
                "coordinates": [
                    [
                        144.9427,
                        -37.8126
                    ],
                    [
                        144.9406,
                        -37.8114
                    ]
                ]
            }
        },
        {
            "type": "Feature",
            "id": "way/97795605",
            "properties": {},
            "geometry": {
                "type": "LineString",
                "coordinates": [
                    [
                        144.9418,
                        -37.8121
                    ],
                    [
                        144.9421,
                        -37.8122
                    ]
                ]
            }
        },
        {
            "type": "Feature",
            "id": "way/97795608",
            "properties": {},
            "geometry": {
                "type": "LineString",
                "coordinates": [
                    [
                        144.9406,
                        -37.8114
                    ],
                    [
                        144.9428,
                        -37.8126
                    ]
                ]
            }
        },
        {
            "type": "Feature",
            "id": "way/97795762",
            "properties": {},
            "geometry": {
                "type": "LineString",
                "coordinates": [
                    [
                        144.9406,
                        -37.8114
                    ],
                    [
                        144.9403,
                        -37.8112
                    ]
                ]
            }
        },
        {
            "type": "Feature",
            "id": "way/98438081",
            "properties": {},
            "geometry": {
                "type": "LineString",
                "coordinates": [
                    [
                        144.9496,
                        -37.8295
                    ],
                    [
                        144.9522,
                        -37.8282
                    ]
                ]
            }
        },
        {
            "type": "Feature",
            "id": "way/105444197",
            "properties": {},
            "geometry": {
                "type": "LineString",
                "coordinates": [
                    [
                        144.9871,
                        -37.868
                    ],
                    [
                        144.9969,
                        -37.8836
                    ]
                ]
            }
        },
        {
            "type": "Feature",
            "id": "way/105444202",
            "properties": {},
            "geometry": {
                "type": "LineString",
                "coordinates": [
                    [
                        144.9874,
                        -37.868
                    ],
                    [
                        144.9995,
                        -37.8695
                    ]
                ]
            }
        },
        {
            "type": "Feature",
            "id": "way/105685849",
            "properties": {},
            "geometry": {
                "type": "LineString",
                "coordinates": [
                    [
                        144.9869,
                        -37.8677
                    ],
                    [
                        144.9874,
                        -37.868
                    ]
                ]
            }
        },
        {
            "type": "Feature",
            "id": "way/105685852",
            "properties": {},
            "geometry": {
                "type": "LineString",
                "coordinates": [
                    [
                        144.9874,
                        -37.868
                    ],
                    [
                        144.9869,
                        -37.8678
                    ]
                ]
            }
        },
        {
            "type": "Feature",
            "id": "way/105689903",
            "properties": {},
            "geometry": {
                "type": "LineString",
                "coordinates": [
                    [
                        144.9898,
                        -37.8712
                    ],
                    [
                        144.9925,
                        -37.8565
                    ]
                ]
            }
        },
        {
            "type": "Feature",
            "id": "way/105689905",
            "properties": {},
            "geometry": {
                "type": "LineString",
                "coordinates": [
                    [
                        144.9994,
                        -37.8695
                    ],
                    [
                        144.9874,
                        -37.868
                    ]
                ]
            }
        },
        {
            "type": "Feature",
            "id": "way/105689908",
            "properties": {},
            "geometry": {
                "type": "LineString",
                "coordinates": [
                    [
                        144.9925,
                        -37.8565
                    ],
                    [
                        144.9898,
                        -37.8714
                    ]
                ]
            }
        },
        {
            "type": "Feature",
            "id": "way/105689910",
            "properties": {},
            "geometry": {
                "type": "LineString",
                "coordinates": [
                    [
                        144.9901,
                        -37.8683
                    ],
                    [
                        144.9904,
                        -37.8682
                    ]
                ]
            }
        },
        {
            "type": "Feature",
            "id": "way/105689968",
            "properties": {},
            "geometry": {
                "type": "LineString",
                "coordinates": [
                    [
                        144.9904,
                        -37.8682
                    ],
                    [
                        144.9901,
                        -37.8684
                    ]
                ]
            }
        },
        {
            "type": "Feature",
            "id": "way/105690161",
            "properties": {},
            "geometry": {
                "type": "LineString",
                "coordinates": [
                    [
                        144.9898,
                        -37.8714
                    ],
                    [
                        144.9898,
                        -37.8712
                    ]
                ]
            }
        },
        {
            "type": "Feature",
            "id": "way/105690793",
            "properties": {},
            "geometry": {
                "type": "LineString",
                "coordinates": [
                    [
                        144.9897,
                        -37.8722
                    ],
                    [
                        144.9897,
                        -37.8718
                    ]
                ]
            }
        },
        {
            "type": "Feature",
            "id": "way/105692076",
            "properties": {},
            "geometry": {
                "type": "LineString",
                "coordinates": [
                    [
                        144.9898,
                        -37.8714
                    ],
                    [
                        144.9898,
                        -37.8716
                    ]
                ]
            }
        },
        {
            "type": "Feature",
            "id": "way/105692079",
            "properties": {},
            "geometry": {
                "type": "LineString",
                "coordinates": [
                    [
                        144.9897,
                        -37.8718
                    ],
                    [
                        144.9897,
                        -37.8722
                    ]
                ]
            }
        },
        {
            "type": "Feature",
            "id": "way/105692086",
            "properties": {},
            "geometry": {
                "type": "LineString",
                "coordinates": [
                    [
                        144.99,
                        -37.8726
                    ],
                    [
                        144.9898,
                        -37.8724
                    ]
                ]
            }
        },
        {
            "type": "Feature",
            "id": "way/106482384",
            "properties": {},
            "geometry": {
                "type": "LineString",
                "coordinates": [
                    [
                        144.9923,
                        -37.8577
                    ],
                    [
                        144.99,
                        -37.8566
                    ],
                    [
                        144.9852,
                        -37.8559
                    ]
                ]
            }
        },
        {
            "type": "Feature",
            "id": "way/106599115",
            "properties": {},
            "geometry": {
                "type": "LineString",
                "coordinates": [
                    [
                        144.9922,
                        -37.8584
                    ],
                    [
                        144.9922,
                        -37.8582
                    ]
                ]
            }
        },
        {
            "type": "Feature",
            "id": "way/106603844",
            "properties": {},
            "geometry": {
                "type": "LineString",
                "coordinates": [
                    [
                        144.994,
                        -37.858
                    ],
                    [
                        145.0115,
                        -37.8603
                    ]
                ]
            }
        },
        {
            "type": "Feature",
            "id": "way/106603847",
            "properties": {},
            "geometry": {
                "type": "LineString",
                "coordinates": [
                    [
                        144.994,
                        -37.858
                    ],
                    [
                        144.9937,
                        -37.858
                    ]
                ]
            }
        },
        {
            "type": "Feature",
            "id": "way/106603853",
            "properties": {},
            "geometry": {
                "type": "LineString",
                "coordinates": [
                    [
                        144.9933,
                        -37.8579
                    ],
                    [
                        144.9935,
                        -37.8579
                    ]
                ]
            }
        },
        {
            "type": "Feature",
            "id": "way/106605323",
            "properties": {},
            "geometry": {
                "type": "LineString",
                "coordinates": [
                    [
                        145.0258,
                        -37.8655
                    ],
                    [
                        145.0152,
                        -37.8609
                    ]
                ]
            }
        },
        {
            "type": "Feature",
            "id": "way/112444787",
            "properties": {},
            "geometry": {
                "type": "LineString",
                "coordinates": [
                    [
                        144.9009,
                        -37.8015
                    ],
                    [
                        144.9009,
                        -37.8011
                    ]
                ]
            }
        },
        {
            "type": "Feature",
            "id": "way/112651736",
            "properties": {},
            "geometry": {
                "type": "LineString",
                "coordinates": [
                    [
                        144.9497,
                        -37.7883
                    ],
                    [
                        144.9487,
                        -37.7842
                    ],
                    [
                        144.9487,
                        -37.7835
                    ],
                    [
                        144.9489,
                        -37.783
                    ],
                    [
                        144.9495,
                        -37.7821
                    ],
                    [
                        144.9496,
                        -37.7811
                    ],
                    [
                        144.9499,
                        -37.781
                    ],
                    [
                        144.9512,
                        -37.7808
                    ],
                    [
                        144.9513,
                        -37.7806
                    ],
                    [
                        144.9513,
                        -37.78
                    ],
                    [
                        144.9512,
                        -37.7792
                    ],
                    [
                        144.9509,
                        -37.7785
                    ],
                    [
                        144.9489,
                        -37.7762
                    ],
                    [
                        144.9488,
                        -37.7757
                    ]
                ]
            }
        },
        {
            "type": "Feature",
            "id": "way/112651742",
            "properties": {},
            "geometry": {
                "type": "LineString",
                "coordinates": [
                    [
                        144.9503,
                        -37.7809
                    ],
                    [
                        144.95,
                        -37.781
                    ]
                ]
            }
        },
        {
            "type": "Feature",
            "id": "way/112660446",
            "properties": {},
            "geometry": {
                "type": "LineString",
                "coordinates": [
                    [
                        144.948,
                        -37.7931
                    ],
                    [
                        144.9482,
                        -37.7929
                    ]
                ]
            }
        },
        {
            "type": "Feature",
            "id": "way/113113518",
            "properties": {},
            "geometry": {
                "type": "LineString",
                "coordinates": [
                    [
                        144.9644,
                        -37.7975
                    ],
                    [
                        144.9645,
                        -37.7973
                    ]
                ]
            }
        },
        {
            "type": "Feature",
            "id": "way/113113519",
            "properties": {},
            "geometry": {
                "type": "LineString",
                "coordinates": [
                    [
                        144.9646,
                        -37.797
                    ],
                    [
                        144.9645,
                        -37.7973
                    ]
                ]
            }
        },
        {
            "type": "Feature",
            "id": "way/113113520",
            "properties": {},
            "geometry": {
                "type": "LineString",
                "coordinates": [
                    [
                        144.9645,
                        -37.7973
                    ],
                    [
                        144.9645,
                        -37.7975
                    ]
                ]
            }
        },
        {
            "type": "Feature",
            "id": "way/131709926",
            "properties": {},
            "geometry": {
                "type": "LineString",
                "coordinates": [
                    [
                        144.9869,
                        -37.8165
                    ],
                    [
                        144.9867,
                        -37.8166
                    ]
                ]
            }
        },
        {
            "type": "Feature",
            "id": "way/131710566",
            "properties": {},
            "geometry": {
                "type": "LineString",
                "coordinates": [
                    [
                        144.9873,
                        -37.8166
                    ],
                    [
                        144.9895,
                        -37.8168
                    ]
                ]
            }
        },
        {
            "type": "Feature",
            "id": "way/131710569",
            "properties": {},
            "geometry": {
                "type": "LineString",
                "coordinates": [
                    [
                        144.9895,
                        -37.8168
                    ],
                    [
                        144.9898,
                        -37.8169
                    ]
                ]
            }
        },
        {
            "type": "Feature",
            "id": "way/131710572",
            "properties": {},
            "geometry": {
                "type": "LineString",
                "coordinates": [
                    [
                        144.9894,
                        -37.8168
                    ],
                    [
                        144.9873,
                        -37.8166
                    ]
                ]
            }
        },
        {
            "type": "Feature",
            "id": "way/131714613",
            "properties": {},
            "geometry": {
                "type": "LineString",
                "coordinates": [
                    [
                        144.9752,
                        -37.8153
                    ],
                    [
                        144.9749,
                        -37.8153
                    ]
                ]
            }
        },
        {
            "type": "Feature",
            "id": "way/131724917",
            "properties": {},
            "geometry": {
                "type": "LineString",
                "coordinates": [
                    [
                        144.9722,
                        -37.8161
                    ],
                    [
                        144.9725,
                        -37.8161
                    ]
                ]
            }
        },
        {
            "type": "Feature",
            "id": "way/131724922",
            "properties": {},
            "geometry": {
                "type": "LineString",
                "coordinates": [
                    [
                        144.9736,
                        -37.8134
                    ],
                    [
                        144.9739,
                        -37.8134
                    ],
                    [
                        144.9741,
                        -37.8135
                    ]
                ]
            }
        },
        {
            "type": "Feature",
            "id": "way/131724929",
            "properties": {},
            "geometry": {
                "type": "LineString",
                "coordinates": [
                    [
                        144.9752,
                        -37.8153
                    ],
                    [
                        144.9749,
                        -37.8152
                    ],
                    [
                        144.9748,
                        -37.8151
                    ]
                ]
            }
        },
        {
            "type": "Feature",
            "id": "way/131724937",
            "properties": {},
            "geometry": {
                "type": "LineString",
                "coordinates": [
                    [
                        144.9741,
                        -37.8136
                    ],
                    [
                        144.9739,
                        -37.8134
                    ],
                    [
                        144.9736,
                        -37.8134
                    ]
                ]
            }
        },
        {
            "type": "Feature",
            "id": "way/131724939",
            "properties": {},
            "geometry": {
                "type": "LineString",
                "coordinates": [
                    [
                        144.9746,
                        -37.8153
                    ],
                    [
                        144.9752,
                        -37.8152
                    ]
                ]
            }
        },
        {
            "type": "Feature",
            "id": "way/131724948",
            "properties": {},
            "geometry": {
                "type": "LineString",
                "coordinates": [
                    [
                        144.9748,
                        -37.815
                    ],
                    [
                        144.9748,
                        -37.8152
                    ],
                    [
                        144.9746,
                        -37.8154
                    ]
                ]
            }
        },
        {
            "type": "Feature",
            "id": "way/131724950",
            "properties": {},
            "geometry": {
                "type": "LineString",
                "coordinates": [
                    [
                        144.9722,
                        -37.8161
                    ],
                    [
                        144.9746,
                        -37.8153
                    ]
                ]
            }
        },
        {
            "type": "Feature",
            "id": "way/131724953",
            "properties": {},
            "geometry": {
                "type": "LineString",
                "coordinates": [
                    [
                        144.9741,
                        -37.8135
                    ],
                    [
                        144.9748,
                        -37.815
                    ]
                ]
            }
        },
        {
            "type": "Feature",
            "id": "way/131724957",
            "properties": {},
            "geometry": {
                "type": "LineString",
                "coordinates": [
                    [
                        144.9748,
                        -37.8151
                    ],
                    [
                        144.9741,
                        -37.8136
                    ]
                ]
            }
        },
        {
            "type": "Feature",
            "id": "way/131724958",
            "properties": {},
            "geometry": {
                "type": "LineString",
                "coordinates": [
                    [
                        144.9748,
                        -37.815
                    ],
                    [
                        144.9752,
                        -37.8152
                    ]
                ]
            }
        },
        {
            "type": "Feature",
            "id": "way/131724959",
            "properties": {},
            "geometry": {
                "type": "LineString",
                "coordinates": [
                    [
                        144.9746,
                        -37.8153
                    ],
                    [
                        144.9747,
                        -37.8152
                    ],
                    [
                        144.9748,
                        -37.8151
                    ]
                ]
            }
        },
        {
            "type": "Feature",
            "id": "way/131724965",
            "properties": {},
            "geometry": {
                "type": "LineString",
                "coordinates": [
                    [
                        144.9724,
                        -37.8161
                    ],
                    [
                        144.9721,
                        -37.8161
                    ]
                ]
            }
        },
        {
            "type": "Feature",
            "id": "way/131724966",
            "properties": {},
            "geometry": {
                "type": "LineString",
                "coordinates": [
                    [
                        144.9739,
                        -37.8131
                    ],
                    [
                        144.9752,
                        -37.811
                    ]
                ]
            }
        },
        {
            "type": "Feature",
            "id": "way/131724970",
            "properties": {},
            "geometry": {
                "type": "LineString",
                "coordinates": [
                    [
                        144.9746,
                        -37.8154
                    ],
                    [
                        144.9721,
                        -37.8161
                    ]
                ]
            }
        },
        {
            "type": "Feature",
            "id": "way/132087618",
            "properties": {},
            "geometry": {
                "type": "LineString",
                "coordinates": [
                    [
                        145.0995,
                        -37.8507
                    ],
                    [
                        145.0993,
                        -37.8507
                    ]
                ]
            }
        },
        {
            "type": "Feature",
            "id": "way/132511294",
            "properties": {},
            "geometry": {
                "type": "LineString",
                "coordinates": [
                    [
                        145.0243,
                        -37.8272
                    ],
                    [
                        145.025,
                        -37.8275
                    ]
                ]
            }
        },
        {
            "type": "Feature",
            "id": "way/132511296",
            "properties": {},
            "geometry": {
                "type": "LineString",
                "coordinates": [
                    [
                        145.0243,
                        -37.8272
                    ],
                    [
                        145.025,
                        -37.8274
                    ]
                ]
            }
        },
        {
            "type": "Feature",
            "id": "way/132521287",
            "properties": {},
            "geometry": {
                "type": "LineString",
                "coordinates": [
                    [
                        145.0546,
                        -37.8299
                    ],
                    [
                        145.0538,
                        -37.8292
                    ]
                ]
            }
        },
        {
            "type": "Feature",
            "id": "way/132521288",
            "properties": {},
            "geometry": {
                "type": "LineString",
                "coordinates": [
                    [
                        145.0547,
                        -37.8298
                    ],
                    [
                        145.0539,
                        -37.8291
                    ]
                ]
            }
        },
        {
            "type": "Feature",
            "id": "way/132521290",
            "properties": {},
            "geometry": {
                "type": "LineString",
                "coordinates": [
                    [
                        145.0545,
                        -37.83
                    ],
                    [
                        145.0537,
                        -37.8293
                    ]
                ]
            }
        },
        {
            "type": "Feature",
            "id": "way/132521291",
            "properties": {},
            "geometry": {
                "type": "LineString",
                "coordinates": [
                    [
                        145.0546,
                        -37.8299
                    ],
                    [
                        145.0538,
                        -37.8292
                    ]
                ]
            }
        },
        {
            "type": "Feature",
            "id": "way/132521292",
            "properties": {},
            "geometry": {
                "type": "LineString",
                "coordinates": [
                    [
                        145.0545,
                        -37.83
                    ],
                    [
                        145.0537,
                        -37.8293
                    ]
                ]
            }
        },
        {
            "type": "Feature",
            "id": "way/132521294",
            "properties": {},
            "geometry": {
                "type": "LineString",
                "coordinates": [
                    [
                        145.0546,
                        -37.8299
                    ],
                    [
                        145.0537,
                        -37.8292
                    ]
                ]
            }
        },
        {
            "type": "Feature",
            "id": "way/132600976",
            "properties": {},
            "geometry": {
                "type": "LineString",
                "coordinates": [
                    [
                        145.0158,
                        -37.82
                    ],
                    [
                        145.0147,
                        -37.8202
                    ]
                ]
            }
        },
        {
            "type": "Feature",
            "id": "way/132924138",
            "properties": {},
            "geometry": {
                "type": "LineString",
                "coordinates": [
                    [
                        145.0173,
                        -37.8204
                    ],
                    [
                        145.017,
                        -37.8203
                    ]
                ]
            }
        },
        {
            "type": "Feature",
            "id": "way/132924149",
            "properties": {},
            "geometry": {
                "type": "LineString",
                "coordinates": [
                    [
                        145.0164,
                        -37.82
                    ],
                    [
                        145.0158,
                        -37.82
                    ]
                ]
            }
        },
        {
            "type": "Feature",
            "id": "way/132924153",
            "properties": {},
            "geometry": {
                "type": "LineString",
                "coordinates": [
                    [
                        145.0147,
                        -37.8202
                    ],
                    [
                        145.0158,
                        -37.82
                    ]
                ]
            }
        },
        {
            "type": "Feature",
            "id": "way/132924178",
            "properties": {},
            "geometry": {
                "type": "LineString",
                "coordinates": [
                    [
                        145.0122,
                        -37.8199
                    ],
                    [
                        145.0119,
                        -37.8199
                    ]
                ]
            }
        },
        {
            "type": "Feature",
            "id": "way/134621262",
            "properties": {},
            "geometry": {
                "type": "LineString",
                "coordinates": [
                    [
                        144.9721,
                        -37.8161
                    ],
                    [
                        144.9553,
                        -37.821
                    ]
                ]
            }
        },
        {
            "type": "Feature",
            "id": "way/134621264",
            "properties": {},
            "geometry": {
                "type": "LineString",
                "coordinates": [
                    [
                        144.9553,
                        -37.821
                    ],
                    [
                        144.9722,
                        -37.8161
                    ]
                ]
            }
        },
        {
            "type": "Feature",
            "id": "way/135952919",
            "properties": {},
            "geometry": {
                "type": "LineString",
                "coordinates": [
                    [
                        144.9514,
                        -37.813
                    ],
                    [
                        144.9516,
                        -37.8133
                    ]
                ]
            }
        },
        {
            "type": "Feature",
            "id": "way/135952920",
            "properties": {},
            "geometry": {
                "type": "LineString",
                "coordinates": [
                    [
                        144.9512,
                        -37.8126
                    ],
                    [
                        144.9514,
                        -37.813
                    ]
                ]
            }
        },
        {
            "type": "Feature",
            "id": "way/135952921",
            "properties": {},
            "geometry": {
                "type": "LineString",
                "coordinates": [
                    [
                        144.9521,
                        -37.813
                    ],
                    [
                        144.9524,
                        -37.8129
                    ]
                ]
            }
        },
        {
            "type": "Feature",
            "id": "way/135952924",
            "properties": {},
            "geometry": {
                "type": "LineString",
                "coordinates": [
                    [
                        144.9515,
                        -37.8133
                    ],
                    [
                        144.9512,
                        -37.8132
                    ]
                ]
            }
        },
        {
            "type": "Feature",
            "id": "way/135952925",
            "properties": {},
            "geometry": {
                "type": "LineString",
                "coordinates": [
                    [
                        144.9515,
                        -37.8133
                    ],
                    [
                        144.9514,
                        -37.813
                    ]
                ]
            }
        },
        {
            "type": "Feature",
            "id": "way/135952926",
            "properties": {},
            "geometry": {
                "type": "LineString",
                "coordinates": [
                    [
                        144.9517,
                        -37.8131
                    ],
                    [
                        144.9516,
                        -37.8133
                    ]
                ]
            }
        },
        {
            "type": "Feature",
            "id": "way/135952929",
            "properties": {},
            "geometry": {
                "type": "LineString",
                "coordinates": [
                    [
                        144.9728,
                        -37.8079
                    ],
                    [
                        144.9708,
                        -37.8076
                    ]
                ]
            }
        },
        {
            "type": "Feature",
            "id": "way/135952930",
            "properties": {},
            "geometry": {
                "type": "LineString",
                "coordinates": [
                    [
                        144.9515,
                        -37.8133
                    ],
                    [
                        144.9516,
                        -37.8131
                    ]
                ]
            }
        },
        {
            "type": "Feature",
            "id": "way/135952931",
            "properties": {},
            "geometry": {
                "type": "LineString",
                "coordinates": [
                    [
                        144.9512,
                        -37.8132
                    ],
                    [
                        144.9707,
                        -37.8076
                    ]
                ]
            }
        },
        {
            "type": "Feature",
            "id": "way/135952933",
            "properties": {},
            "geometry": {
                "type": "LineString",
                "coordinates": [
                    [
                        144.9516,
                        -37.8133
                    ],
                    [
                        144.9532,
                        -37.8169
                    ]
                ]
            }
        },
        {
            "type": "Feature",
            "id": "way/135952934",
            "properties": {},
            "geometry": {
                "type": "LineString",
                "coordinates": [
                    [
                        144.9512,
                        -37.8132
                    ],
                    [
                        144.9516,
                        -37.8133
                    ]
                ]
            }
        },
        {
            "type": "Feature",
            "id": "way/135952937",
            "properties": {},
            "geometry": {
                "type": "LineString",
                "coordinates": [
                    [
                        144.9502,
                        -37.8135
                    ],
                    [
                        144.9512,
                        -37.8132
                    ]
                ]
            }
        },
        {
            "type": "Feature",
            "id": "way/135952938",
            "properties": {},
            "geometry": {
                "type": "LineString",
                "coordinates": [
                    [
                        144.9517,
                        -37.8131
                    ],
                    [
                        144.9512,
                        -37.8132
                    ]
                ]
            }
        },
        {
            "type": "Feature",
            "id": "way/135953380",
            "properties": {},
            "geometry": {
                "type": "LineString",
                "coordinates": [
                    [
                        144.9521,
                        -37.8145
                    ],
                    [
                        144.9522,
                        -37.8147
                    ]
                ]
            }
        },
        {
            "type": "Feature",
            "id": "way/135955003",
            "properties": {},
            "geometry": {
                "type": "LineString",
                "coordinates": [
                    [
                        144.9643,
                        -37.7984
                    ],
                    [
                        144.9644,
                        -37.7981
                    ]
                ]
            }
        },
        {
            "type": "Feature",
            "id": "way/135955009",
            "properties": {},
            "geometry": {
                "type": "LineString",
                "coordinates": [
                    [
                        144.9642,
                        -37.7987
                    ],
                    [
                        144.9643,
                        -37.7984
                    ]
                ]
            }
        },
        {
            "type": "Feature",
            "id": "way/135955012",
            "properties": {},
            "geometry": {
                "type": "LineString",
                "coordinates": [
                    [
                        144.9643,
                        -37.7981
                    ],
                    [
                        144.9644,
                        -37.7978
                    ]
                ]
            }
        },
        {
            "type": "Feature",
            "id": "way/135955015",
            "properties": {},
            "geometry": {
                "type": "LineString",
                "coordinates": [
                    [
                        144.9643,
                        -37.7984
                    ],
                    [
                        144.9643,
                        -37.7987
                    ]
                ]
            }
        },
        {
            "type": "Feature",
            "id": "way/135984689",
            "properties": {},
            "geometry": {
                "type": "LineString",
                "coordinates": [
                    [
                        144.9634,
                        -37.8037
                    ],
                    [
                        144.9634,
                        -37.8038
                    ]
                ]
            }
        },
        {
            "type": "Feature",
            "id": "way/138917423",
            "properties": {},
            "geometry": {
                "type": "LineString",
                "coordinates": [
                    [
                        145.03,
                        -37.8071
                    ],
                    [
                        145.0297,
                        -37.8072
                    ]
                ]
            }
        },
        {
            "type": "Feature",
            "id": "way/141175958",
            "properties": {},
            "geometry": {
                "type": "LineString",
                "coordinates": [
                    [
                        144.9495,
                        -37.7952
                    ],
                    [
                        144.9492,
                        -37.7951
                    ]
                ]
            }
        },
        {
            "type": "Feature",
            "id": "way/141175963",
            "properties": {},
            "geometry": {
                "type": "LineString",
                "coordinates": [
                    [
                        144.9476,
                        -37.7937
                    ],
                    [
                        144.9472,
                        -37.7934
                    ]
                ]
            }
        },
        {
            "type": "Feature",
            "id": "way/141175969",
            "properties": {},
            "geometry": {
                "type": "LineString",
                "coordinates": [
                    [
                        144.9472,
                        -37.7934
                    ],
                    [
                        144.9476,
                        -37.7937
                    ]
                ]
            }
        },
        {
            "type": "Feature",
            "id": "way/141175975",
            "properties": {},
            "geometry": {
                "type": "LineString",
                "coordinates": [
                    [
                        144.9472,
                        -37.7934
                    ],
                    [
                        144.9424,
                        -37.7896
                    ]
                ]
            }
        },
        {
            "type": "Feature",
            "id": "way/160330366",
            "properties": {},
            "geometry": {
                "type": "LineString",
                "coordinates": [
                    [
                        145.0494,
                        -37.865
                    ],
                    [
                        145.0285,
                        -37.8624
                    ]
                ]
            }
        },
        {
            "type": "Feature",
            "id": "way/160330374",
            "properties": {},
            "geometry": {
                "type": "LineString",
                "coordinates": [
                    [
                        145.0248,
                        -37.8619
                    ],
                    [
                        145.0286,
                        -37.8624
                    ]
                ]
            }
        },
        {
            "type": "Feature",
            "id": "way/160905280",
            "properties": {},
            "geometry": {
                "type": "LineString",
                "coordinates": [
                    [
                        145.0326,
                        -37.8736
                    ],
                    [
                        145.0328,
                        -37.8736
                    ]
                ]
            }
        },
        {
            "type": "Feature",
            "id": "way/160932299",
            "properties": {},
            "geometry": {
                "type": "LineString",
                "coordinates": [
                    [
                        145.0152,
                        -37.8609
                    ],
                    [
                        145.0258,
                        -37.8655
                    ]
                ]
            }
        },
        {
            "type": "Feature",
            "id": "way/160932300",
            "properties": {},
            "geometry": {
                "type": "LineString",
                "coordinates": [
                    [
                        145.0249,
                        -37.8727
                    ],
                    [
                        145.0247,
                        -37.8725
                    ]
                ]
            }
        },
        {
            "type": "Feature",
            "id": "way/160932301",
            "properties": {},
            "geometry": {
                "type": "LineString",
                "coordinates": [
                    [
                        145.0247,
                        -37.8728
                    ],
                    [
                        145.0245,
                        -37.8726
                    ]
                ]
            }
        },
        {
            "type": "Feature",
            "id": "way/160932302",
            "properties": {},
            "geometry": {
                "type": "LineString",
                "coordinates": [
                    [
                        145.0247,
                        -37.8728
                    ],
                    [
                        145.025,
                        -37.8727
                    ]
                ]
            }
        },
        {
            "type": "Feature",
            "id": "way/160932303",
            "properties": {},
            "geometry": {
                "type": "LineString",
                "coordinates": [
                    [
                        145.0245,
                        -37.8726
                    ],
                    [
                        145.0247,
                        -37.8725
                    ]
                ]
            }
        },
        {
            "type": "Feature",
            "id": "way/160932304",
            "properties": {},
            "geometry": {
                "type": "LineString",
                "coordinates": [
                    [
                        145.0248,
                        -37.8725
                    ],
                    [
                        145.025,
                        -37.8727
                    ]
                ]
            }
        },
        {
            "type": "Feature",
            "id": "way/160932306",
            "properties": {},
            "geometry": {
                "type": "LineString",
                "coordinates": [
                    [
                        145.0248,
                        -37.8725
                    ],
                    [
                        145.0247,
                        -37.8728
                    ]
                ]
            }
        },
        {
            "type": "Feature",
            "id": "way/160932307",
            "properties": {},
            "geometry": {
                "type": "LineString",
                "coordinates": [
                    [
                        145.0249,
                        -37.8727
                    ],
                    [
                        145.0247,
                        -37.8728
                    ]
                ]
            }
        },
        {
            "type": "Feature",
            "id": "way/160932310",
            "properties": {},
            "geometry": {
                "type": "LineString",
                "coordinates": [
                    [
                        145.0245,
                        -37.8726
                    ],
                    [
                        145.0247,
                        -37.8728
                    ]
                ]
            }
        },
        {
            "type": "Feature",
            "id": "way/160932311",
            "properties": {},
            "geometry": {
                "type": "LineString",
                "coordinates": [
                    [
                        145.0247,
                        -37.8725
                    ],
                    [
                        145.026,
                        -37.8659
                    ]
                ]
            }
        },
        {
            "type": "Feature",
            "id": "way/160932312",
            "properties": {},
            "geometry": {
                "type": "LineString",
                "coordinates": [
                    [
                        145.0248,
                        -37.8725
                    ],
                    [
                        145.0245,
                        -37.8726
                    ]
                ]
            }
        },
        {
            "type": "Feature",
            "id": "way/160932313",
            "properties": {},
            "geometry": {
                "type": "LineString",
                "coordinates": [
                    [
                        145.0245,
                        -37.8726
                    ],
                    [
                        145.025,
                        -37.8727
                    ]
                ]
            }
        },
        {
            "type": "Feature",
            "id": "way/161050434",
            "properties": {},
            "geometry": {
                "type": "LineString",
                "coordinates": [
                    [
                        145.026,
                        -37.8659
                    ],
                    [
                        145.0248,
                        -37.8725
                    ]
                ]
            }
        },
        {
            "type": "Feature",
            "id": "way/161050436",
            "properties": {},
            "geometry": {
                "type": "LineString",
                "coordinates": [
                    [
                        145.0258,
                        -37.8655
                    ],
                    [
                        145.0264,
                        -37.8657
                    ]
                ]
            }
        },
        {
            "type": "Feature",
            "id": "way/161050439",
            "properties": {},
            "geometry": {
                "type": "LineString",
                "coordinates": [
                    [
                        145.027,
                        -37.866
                    ],
                    [
                        145.0267,
                        -37.8659
                    ]
                ]
            }
        },
        {
            "type": "Feature",
            "id": "way/161050441",
            "properties": {},
            "geometry": {
                "type": "LineString",
                "coordinates": [
                    [
                        145.0279,
                        -37.8648
                    ],
                    [
                        145.0284,
                        -37.8622
                    ]
                ]
            }
        },
        {
            "type": "Feature",
            "id": "way/161050445",
            "properties": {},
            "geometry": {
                "type": "LineString",
                "coordinates": [
                    [
                        145.0264,
                        -37.8658
                    ],
                    [
                        145.0258,
                        -37.8655
                    ]
                ]
            }
        },
        {
            "type": "Feature",
            "id": "way/163712091",
            "properties": {},
            "geometry": {
                "type": "LineString",
                "coordinates": [
                    [
                        145.0245,
                        -37.8726
                    ],
                    [
                        144.9994,
                        -37.8695
                    ]
                ]
            }
        },
        {
            "type": "Feature",
            "id": "way/165183151",
            "properties": {},
            "geometry": {
                "type": "LineString",
                "coordinates": [
                    [
                        144.882,
                        -37.7751
                    ],
                    [
                        144.8821,
                        -37.7739
                    ],
                    [
                        144.8829,
                        -37.7697
                    ],
                    [
                        144.883,
                        -37.7695
                    ],
                    [
                        144.8833,
                        -37.7693
                    ]
                ]
            }
        },
        {
            "type": "Feature",
            "id": "way/165294556",
            "properties": {},
            "geometry": {
                "type": "LineString",
                "coordinates": [
                    [
                        145.0279,
                        -37.865
                    ],
                    [
                        145.0279,
                        -37.8648
                    ]
                ]
            }
        },
        {
            "type": "Feature",
            "id": "way/165294573",
            "properties": {},
            "geometry": {
                "type": "LineString",
                "coordinates": [
                    [
                        145.0274,
                        -37.8662
                    ],
                    [
                        145.0277,
                        -37.866
                    ]
                ]
            }
        },
        {
            "type": "Feature",
            "id": "way/165294579",
            "properties": {},
            "geometry": {
                "type": "LineString",
                "coordinates": [
                    [
                        145.0278,
                        -37.866
                    ],
                    [
                        145.0276,
                        -37.8662
                    ],
                    [
                        145.0274,
                        -37.8662
                    ]
                ]
            }
        },
        {
            "type": "Feature",
            "id": "way/165294596",
            "properties": {},
            "geometry": {
                "type": "LineString",
                "coordinates": [
                    [
                        145.0284,
                        -37.8622
                    ],
                    [
                        145.028,
                        -37.8648
                    ]
                ]
            }
        },
        {
            "type": "Feature",
            "id": "way/165798075",
            "properties": {},
            "geometry": {
                "type": "LineString",
                "coordinates": [
                    [
                        145.0285,
                        -37.8624
                    ],
                    [
                        145.0284,
                        -37.8622
                    ]
                ]
            }
        },
        {
            "type": "Feature",
            "id": "way/165798080",
            "properties": {},
            "geometry": {
                "type": "LineString",
                "coordinates": [
                    [
                        145.0284,
                        -37.8622
                    ],
                    [
                        145.0286,
                        -37.8624
                    ]
                ]
            }
        },
        {
            "type": "Feature",
            "id": "way/165798082",
            "properties": {},
            "geometry": {
                "type": "LineString",
                "coordinates": [
                    [
                        145.0296,
                        -37.8625
                    ],
                    [
                        145.0293,
                        -37.8625
                    ]
                ]
            }
        },
        {
            "type": "Feature",
            "id": "way/165800585",
            "properties": {},
            "geometry": {
                "type": "LineString",
                "coordinates": [
                    [
                        145.0244,
                        -37.8618
                    ],
                    [
                        145.0248,
                        -37.8619
                    ]
                ]
            }
        },
        {
            "type": "Feature",
            "id": "way/165800590",
            "properties": {},
            "geometry": {
                "type": "LineString",
                "coordinates": [
                    [
                        145.0152,
                        -37.8609
                    ],
                    [
                        145.0159,
                        -37.8607
                    ],
                    [
                        145.0244,
                        -37.8618
                    ]
                ]
            }
        },
        {
            "type": "Feature",
            "id": "way/165800608",
            "properties": {},
            "geometry": {
                "type": "LineString",
                "coordinates": [
                    [
                        145.0248,
                        -37.8619
                    ],
                    [
                        145.0245,
                        -37.8619
                    ]
                ]
            }
        },
        {
            "type": "Feature",
            "id": "way/165800613",
            "properties": {},
            "geometry": {
                "type": "LineString",
                "coordinates": [
                    [
                        145.0245,
                        -37.8619
                    ],
                    [
                        145.0159,
                        -37.8608
                    ],
                    [
                        145.0152,
                        -37.8609
                    ]
                ]
            }
        },
        {
            "type": "Feature",
            "id": "way/165801243",
            "properties": {},
            "geometry": {
                "type": "LineString",
                "coordinates": [
                    [
                        145.0288,
                        -37.8588
                    ],
                    [
                        145.0287,
                        -37.8588
                    ]
                ]
            }
        },
        {
            "type": "Feature",
            "id": "way/165801244",
            "properties": {},
            "geometry": {
                "type": "LineString",
                "coordinates": [
                    [
                        145.0269,
                        -37.8585
                    ],
                    [
                        145.0284,
                        -37.8587
                    ]
                ]
            }
        },
        {
            "type": "Feature",
            "id": "way/165801245",
            "properties": {},
            "geometry": {
                "type": "LineString",
                "coordinates": [
                    [
                        145.0284,
                        -37.8587
                    ],
                    [
                        145.0286,
                        -37.8588
                    ]
                ]
            }
        },
        {
            "type": "Feature",
            "id": "way/165805437",
            "properties": {},
            "geometry": {
                "type": "LineString",
                "coordinates": [
                    [
                        145.0284,
                        -37.8588
                    ],
                    [
                        145.0281,
                        -37.859
                    ]
                ]
            }
        },
        {
            "type": "Feature",
            "id": "way/165805438",
            "properties": {},
            "geometry": {
                "type": "LineString",
                "coordinates": [
                    [
                        145.0269,
                        -37.8586
                    ],
                    [
                        145.0284,
                        -37.8587
                    ]
                ]
            }
        },
        {
            "type": "Feature",
            "id": "way/165805439",
            "properties": {},
            "geometry": {
                "type": "LineString",
                "coordinates": [
                    [
                        145.029,
                        -37.8586
                    ],
                    [
                        145.0288,
                        -37.8588
                    ]
                ]
            }
        },
        {
            "type": "Feature",
            "id": "way/165805441",
            "properties": {},
            "geometry": {
                "type": "LineString",
                "coordinates": [
                    [
                        145.0281,
                        -37.8584
                    ],
                    [
                        145.0279,
                        -37.8583
                    ]
                ]
            }
        },
        {
            "type": "Feature",
            "id": "way/165805442",
            "properties": {},
            "geometry": {
                "type": "LineString",
                "coordinates": [
                    [
                        145.0282,
                        -37.8584
                    ],
                    [
                        145.0279,
                        -37.8583
                    ]
                ]
            }
        },
        {
            "type": "Feature",
            "id": "way/165805443",
            "properties": {},
            "geometry": {
                "type": "LineString",
                "coordinates": [
                    [
                        145.0284,
                        -37.8586
                    ],
                    [
                        145.0283,
                        -37.8584
                    ],
                    [
                        145.0279,
                        -37.8584
                    ]
                ]
            }
        },
        {
            "type": "Feature",
            "id": "way/165805444",
            "properties": {},
            "geometry": {
                "type": "LineString",
                "coordinates": [
                    [
                        145.0283,
                        -37.8585
                    ],
                    [
                        145.0279,
                        -37.8584
                    ]
                ]
            }
        },
        {
            "type": "Feature",
            "id": "way/165805445",
            "properties": {},
            "geometry": {
                "type": "LineString",
                "coordinates": [
                    [
                        145.0284,
                        -37.8587
                    ],
                    [
                        145.0269,
                        -37.8585
                    ]
                ]
            }
        },
        {
            "type": "Feature",
            "id": "way/165805446",
            "properties": {},
            "geometry": {
                "type": "LineString",
                "coordinates": [
                    [
                        145.0288,
                        -37.8588
                    ],
                    [
                        145.0289,
                        -37.8586
                    ]
                ]
            }
        },
        {
            "type": "Feature",
            "id": "way/165805447",
            "properties": {},
            "geometry": {
                "type": "LineString",
                "coordinates": [
                    [
                        145.0279,
                        -37.8585
                    ],
                    [
                        145.0283,
                        -37.8585
                    ],
                    [
                        145.0284,
                        -37.8587
                    ]
                ]
            }
        },
        {
            "type": "Feature",
            "id": "way/165805448",
            "properties": {},
            "geometry": {
                "type": "LineString",
                "coordinates": [
                    [
                        145.0283,
                        -37.8589
                    ],
                    [
                        145.0281,
                        -37.859
                    ]
                ]
            }
        },
        {
            "type": "Feature",
            "id": "way/165805449",
            "properties": {},
            "geometry": {
                "type": "LineString",
                "coordinates": [
                    [
                        145.0289,
                        -37.859
                    ],
                    [
                        145.0288,
                        -37.8588
                    ]
                ]
            }
        },
        {
            "type": "Feature",
            "id": "way/165805450",
            "properties": {},
            "geometry": {
                "type": "LineString",
                "coordinates": [
                    [
                        145.0281,
                        -37.8589
                    ],
                    [
                        145.0283,
                        -37.8589
                    ]
                ]
            }
        },
        {
            "type": "Feature",
            "id": "way/165805452",
            "properties": {},
            "geometry": {
                "type": "LineString",
                "coordinates": [
                    [
                        145.0282,
                        -37.8589
                    ],
                    [
                        145.0281,
                        -37.859
                    ]
                ]
            }
        },
        {
            "type": "Feature",
            "id": "way/165805454",
            "properties": {},
            "geometry": {
                "type": "LineString",
                "coordinates": [
                    [
                        145.0282,
                        -37.8586
                    ],
                    [
                        145.0279,
                        -37.8585
                    ]
                ]
            }
        },
        {
            "type": "Feature",
            "id": "way/165805455",
            "properties": {},
            "geometry": {
                "type": "LineString",
                "coordinates": [
                    [
                        145.0287,
                        -37.8588
                    ],
                    [
                        145.0288,
                        -37.8588
                    ]
                ]
            }
        },
        {
            "type": "Feature",
            "id": "way/165805459",
            "properties": {},
            "geometry": {
                "type": "LineString",
                "coordinates": [
                    [
                        145.0281,
                        -37.8589
                    ],
                    [
                        145.0286,
                        -37.8588
                    ]
                ]
            }
        },
        {
            "type": "Feature",
            "id": "way/165805460",
            "properties": {},
            "geometry": {
                "type": "LineString",
                "coordinates": [
                    [
                        145.0284,
                        -37.8622
                    ],
                    [
                        145.0289,
                        -37.859
                    ]
                ]
            }
        },
        {
            "type": "Feature",
            "id": "way/165805461",
            "properties": {},
            "geometry": {
                "type": "LineString",
                "coordinates": [
                    [
                        145.0288,
                        -37.8588
                    ],
                    [
                        145.0289,
                        -37.859
                    ]
                ]
            }
        },
        {
            "type": "Feature",
            "id": "way/165805462",
            "properties": {},
            "geometry": {
                "type": "LineString",
                "coordinates": [
                    [
                        145.0283,
                        -37.8586
                    ],
                    [
                        145.0279,
                        -37.8585
                    ]
                ]
            }
        },
        {
            "type": "Feature",
            "id": "way/165805464",
            "properties": {},
            "geometry": {
                "type": "LineString",
                "coordinates": [
                    [
                        145.0282,
                        -37.8585
                    ],
                    [
                        145.0279,
                        -37.8584
                    ]
                ]
            }
        },
        {
            "type": "Feature",
            "id": "way/166121989",
            "properties": {},
            "geometry": {
                "type": "LineString",
                "coordinates": [
                    [
                        145.0108,
                        -37.8603
                    ],
                    [
                        144.994,
                        -37.858
                    ]
                ]
            }
        },
        {
            "type": "Feature",
            "id": "way/166122009",
            "properties": {},
            "geometry": {
                "type": "LineString",
                "coordinates": [
                    [
                        145.0115,
                        -37.8603
                    ],
                    [
                        145.0112,
                        -37.8603
                    ]
                ]
            }
        },
        {
            "type": "Feature",
            "id": "way/179770607",
            "properties": {},
            "geometry": {
                "type": "LineString",
                "coordinates": [
                    [
                        144.9826,
                        -37.8557
                    ],
                    [
                        144.9825,
                        -37.8554
                    ]
                ]
            }
        },
        {
            "type": "Feature",
            "id": "way/180073279",
            "properties": {},
            "geometry": {
                "type": "LineString",
                "coordinates": [
                    [
                        145.1109,
                        -37.8376
                    ],
                    [
                        145.1103,
                        -37.8376
                    ]
                ]
            }
        },
        {
            "type": "Feature",
            "id": "way/198989293",
            "properties": {},
            "geometry": {
                "type": "LineString",
                "coordinates": [
                    [
                        144.9544,
                        -37.819
                    ],
                    [
                        144.9736,
                        -37.8134
                    ]
                ]
            }
        },
        {
            "type": "Feature",
            "id": "way/200576119",
            "properties": {},
            "geometry": {
                "type": "LineString",
                "coordinates": [
                    [
                        144.94,
                        -37.7872
                    ],
                    [
                        144.941,
                        -37.7884
                    ],
                    [
                        144.9424,
                        -37.7896
                    ]
                ]
            }
        },
        {
            "type": "Feature",
            "id": "way/200577714",
            "properties": {},
            "geometry": {
                "type": "LineString",
                "coordinates": [
                    [
                        144.9424,
                        -37.7896
                    ],
                    [
                        144.941,
                        -37.7884
                    ],
                    [
                        144.94,
                        -37.7872
                    ]
                ]
            }
        },
        {
            "type": "Feature",
            "id": "way/200577716",
            "properties": {},
            "geometry": {
                "type": "LineString",
                "coordinates": [
                    [
                        144.9424,
                        -37.7896
                    ],
                    [
                        144.9419,
                        -37.7894
                    ],
                    [
                        144.9377,
                        -37.7889
                    ]
                ]
            }
        },
        {
            "type": "Feature",
            "id": "way/202757273",
            "properties": {},
            "geometry": {
                "type": "LineString",
                "coordinates": [
                    [
                        144.9995,
                        -37.8695
                    ],
                    [
                        145.0245,
                        -37.8726
                    ]
                ]
            }
        },
        {
            "type": "Feature",
            "id": "way/203360958",
            "properties": {},
            "geometry": {
                "type": "LineString",
                "coordinates": [
                    [
                        144.9502,
                        -37.8135
                    ],
                    [
                        144.9474,
                        -37.8144
                    ]
                ]
            }
        },
        {
            "type": "Feature",
            "id": "way/203360959",
            "properties": {},
            "geometry": {
                "type": "LineString",
                "coordinates": [
                    [
                        144.9474,
                        -37.8143
                    ],
                    [
                        144.9502,
                        -37.8135
                    ]
                ]
            }
        },
        {
            "type": "Feature",
            "id": "way/206105412",
            "properties": {},
            "geometry": {
                "type": "LineString",
                "coordinates": [
                    [
                        144.94,
                        -37.7872
                    ],
                    [
                        144.9398,
                        -37.7869
                    ]
                ]
            }
        },
        {
            "type": "Feature",
            "id": "way/206160116",
            "properties": {},
            "geometry": {
                "type": "LineString",
                "coordinates": [
                    [
                        144.925,
                        -37.7661
                    ],
                    [
                        144.9264,
                        -37.7582
                    ],
                    [
                        144.926,
                        -37.756
                    ]
                ]
            }
        },
        {
            "type": "Feature",
            "id": "way/207298904",
            "properties": {},
            "geometry": {
                "type": "LineString",
                "coordinates": [
                    [
                        144.9532,
                        -37.817
                    ],
                    [
                        144.9515,
                        -37.8133
                    ]
                ]
            }
        },
        {
            "type": "Feature",
            "id": "way/207300463",
            "properties": {},
            "geometry": {
                "type": "LineString",
                "coordinates": [
                    [
                        144.9533,
                        -37.8173
                    ],
                    [
                        144.9532,
                        -37.817
                    ]
                ]
            }
        },
        {
            "type": "Feature",
            "id": "way/207300464",
            "properties": {},
            "geometry": {
                "type": "LineString",
                "coordinates": [
                    [
                        144.9549,
                        -37.8209
                    ],
                    [
                        144.9542,
                        -37.8192
                    ]
                ]
            }
        },
        {
            "type": "Feature",
            "id": "way/207300465",
            "properties": {},
            "geometry": {
                "type": "LineString",
                "coordinates": [
                    [
                        144.9534,
                        -37.8173
                    ],
                    [
                        144.9543,
                        -37.8193
                    ]
                ]
            }
        },
        {
            "type": "Feature",
            "id": "way/207300468",
            "properties": {},
            "geometry": {
                "type": "LineString",
                "coordinates": [
                    [
                        144.9544,
                        -37.819
                    ],
                    [
                        144.953,
                        -37.8194
                    ]
                ]
            }
        },
        {
            "type": "Feature",
            "id": "way/207300471",
            "properties": {},
            "geometry": {
                "type": "LineString",
                "coordinates": [
                    [
                        144.9542,
                        -37.8192
                    ],
                    [
                        144.9542,
                        -37.8191
                    ],
                    [
                        144.9544,
                        -37.819
                    ]
                ]
            }
        },
        {
            "type": "Feature",
            "id": "way/207300473",
            "properties": {},
            "geometry": {
                "type": "LineString",
                "coordinates": [
                    [
                        144.9542,
                        -37.8192
                    ],
                    [
                        144.9533,
                        -37.8173
                    ]
                ]
            }
        },
        {
            "type": "Feature",
            "id": "way/207300475",
            "properties": {},
            "geometry": {
                "type": "LineString",
                "coordinates": [
                    [
                        144.9543,
                        -37.8193
                    ],
                    [
                        144.955,
                        -37.8209
                    ]
                ]
            }
        },
        {
            "type": "Feature",
            "id": "way/207300477",
            "properties": {},
            "geometry": {
                "type": "LineString",
                "coordinates": [
                    [
                        144.9544,
                        -37.819
                    ],
                    [
                        144.9543,
                        -37.8193
                    ]
                ]
            }
        },
        {
            "type": "Feature",
            "id": "way/207300478",
            "properties": {},
            "geometry": {
                "type": "LineString",
                "coordinates": [
                    [
                        144.9532,
                        -37.8169
                    ],
                    [
                        144.9534,
                        -37.8173
                    ]
                ]
            }
        },
        {
            "type": "Feature",
            "id": "way/207300916",
            "properties": {},
            "geometry": {
                "type": "LineString",
                "coordinates": [
                    [
                        144.9535,
                        -37.817
                    ],
                    [
                        144.9532,
                        -37.817
                    ]
                ]
            }
        },
        {
            "type": "Feature",
            "id": "way/207300917",
            "properties": {},
            "geometry": {
                "type": "LineString",
                "coordinates": [
                    [
                        144.9535,
                        -37.817
                    ],
                    [
                        144.9534,
                        -37.8173
                    ]
                ]
            }
        },
        {
            "type": "Feature",
            "id": "way/207300918",
            "properties": {},
            "geometry": {
                "type": "LineString",
                "coordinates": [
                    [
                        144.9533,
                        -37.8173
                    ],
                    [
                        144.9535,
                        -37.817
                    ]
                ]
            }
        },
        {
            "type": "Feature",
            "id": "way/207300920",
            "properties": {},
            "geometry": {
                "type": "LineString",
                "coordinates": [
                    [
                        144.9532,
                        -37.8169
                    ],
                    [
                        144.9535,
                        -37.817
                    ]
                ]
            }
        },
        {
            "type": "Feature",
            "id": "way/207641073",
            "properties": {},
            "geometry": {
                "type": "LineString",
                "coordinates": [
                    [
                        144.9728,
                        -37.8079
                    ],
                    [
                        144.9735,
                        -37.8079
                    ]
                ]
            }
        },
        {
            "type": "Feature",
            "id": "way/208029008",
            "properties": {},
            "geometry": {
                "type": "LineString",
                "coordinates": [
                    [
                        144.9675,
                        -37.8176
                    ],
                    [
                        144.9681,
                        -37.8188
                    ]
                ]
            }
        },
        {
            "type": "Feature",
            "id": "way/208033310",
            "properties": {},
            "geometry": {
                "type": "LineString",
                "coordinates": [
                    [
                        144.9642,
                        -37.7992
                    ],
                    [
                        144.9628,
                        -37.8074
                    ]
                ]
            }
        },
        {
            "type": "Feature",
            "id": "way/208033312",
            "properties": {},
            "geometry": {
                "type": "LineString",
                "coordinates": [
                    [
                        144.9629,
                        -37.8076
                    ],
                    [
                        144.9627,
                        -37.8072
                    ],
                    [
                        144.9628,
                        -37.8068
                    ],
                    [
                        144.9626,
                        -37.8067
                    ],
                    [
                        144.9592,
                        -37.8062
                    ]
                ]
            }
        },
        {
            "type": "Feature",
            "id": "way/208487488",
            "properties": {},
            "geometry": {
                "type": "LineString",
                "coordinates": [
                    [
                        144.9675,
                        -37.8176
                    ],
                    [
                        144.9637,
                        -37.8094
                    ]
                ]
            }
        },
        {
            "type": "Feature",
            "id": "way/208488227",
            "properties": {},
            "geometry": {
                "type": "LineString",
                "coordinates": [
                    [
                        144.9628,
                        -37.8074
                    ],
                    [
                        144.9638,
                        -37.8094
                    ]
                ]
            }
        },
        {
            "type": "Feature",
            "id": "way/208488229",
            "properties": {},
            "geometry": {
                "type": "LineString",
                "coordinates": [
                    [
                        144.9629,
                        -37.8076
                    ],
                    [
                        144.9628,
                        -37.8072
                    ],
                    [
                        144.9642,
                        -37.7988
                    ]
                ]
            }
        },
        {
            "type": "Feature",
            "id": "way/208644086",
            "properties": {},
            "geometry": {
                "type": "LineString",
                "coordinates": [
                    [
                        144.9551,
                        -37.8089
                    ],
                    [
                        144.955,
                        -37.8086
                    ]
                ]
            }
        },
        {
            "type": "Feature",
            "id": "way/208644088",
            "properties": {},
            "geometry": {
                "type": "LineString",
                "coordinates": [
                    [
                        144.9552,
                        -37.8091
                    ],
                    [
                        144.9554,
                        -37.8096
                    ]
                ]
            }
        },
        {
            "type": "Feature",
            "id": "way/208644089",
            "properties": {},
            "geometry": {
                "type": "LineString",
                "coordinates": [
                    [
                        144.9554,
                        -37.8096
                    ],
                    [
                        144.9551,
                        -37.8089
                    ]
                ]
            }
        },
        {
            "type": "Feature",
            "id": "way/208644092",
            "properties": {},
            "geometry": {
                "type": "LineString",
                "coordinates": [
                    [
                        144.9551,
                        -37.8089
                    ],
                    [
                        144.9552,
                        -37.8091
                    ]
                ]
            }
        },
        {
            "type": "Feature",
            "id": "way/208652065",
            "properties": {},
            "geometry": {
                "type": "LineString",
                "coordinates": [
                    [
                        144.9614,
                        -37.82
                    ],
                    [
                        144.9614,
                        -37.8209
                    ]
                ]
            }
        },
        {
            "type": "Feature",
            "id": "way/208652066",
            "properties": {},
            "geometry": {
                "type": "LineString",
                "coordinates": [
                    [
                        144.9614,
                        -37.8209
                    ],
                    [
                        144.9614,
                        -37.82
                    ]
                ]
            }
        },
        {
            "type": "Feature",
            "id": "way/208652067",
            "properties": {},
            "geometry": {
                "type": "LineString",
                "coordinates": [
                    [
                        144.9614,
                        -37.8209
                    ],
                    [
                        144.9613,
                        -37.8216
                    ],
                    [
                        144.9601,
                        -37.8254
                    ],
                    [
                        144.9603,
                        -37.8258
                    ]
                ]
            }
        },
        {
            "type": "Feature",
            "id": "way/208652430",
            "properties": {},
            "geometry": {
                "type": "LineString",
                "coordinates": [
                    [
                        144.9612,
                        -37.8197
                    ],
                    [
                        144.9611,
                        -37.8193
                    ]
                ]
            }
        },
        {
            "type": "Feature",
            "id": "way/208652444",
            "properties": {},
            "geometry": {
                "type": "LineString",
                "coordinates": [
                    [
                        144.9611,
                        -37.8193
                    ],
                    [
                        144.9613,
                        -37.8197
                    ]
                ]
            }
        },
        {
            "type": "Feature",
            "id": "way/208653173",
            "properties": {},
            "geometry": {
                "type": "LineString",
                "coordinates": [
                    [
                        144.9554,
                        -37.8096
                    ],
                    [
                        144.9554,
                        -37.8092
                    ],
                    [
                        144.9568,
                        -37.8013
                    ],
                    [
                        144.9566,
                        -37.8009
                    ]
                ]
            }
        },
        {
            "type": "Feature",
            "id": "way/208659264",
            "properties": {},
            "geometry": {
                "type": "LineString",
                "coordinates": [
                    [
                        144.9736,
                        -37.808
                    ],
                    [
                        144.9728,
                        -37.8079
                    ]
                ]
            }
        },
        {
            "type": "Feature",
            "id": "way/208659265",
            "properties": {},
            "geometry": {
                "type": "LineString",
                "coordinates": [
                    [
                        144.9755,
                        -37.8082
                    ],
                    [
                        144.9736,
                        -37.808
                    ]
                ]
            }
        },
        {
            "type": "Feature",
            "id": "way/208662273",
            "properties": {},
            "geometry": {
                "type": "LineString",
                "coordinates": [
                    [
                        144.9762,
                        -37.8083
                    ],
                    [
                        144.976,
                        -37.8083
                    ],
                    [
                        144.9759,
                        -37.8085
                    ],
                    [
                        144.9757,
                        -37.8097
                    ]
                ]
            }
        },
        {
            "type": "Feature",
            "id": "way/208662277",
            "properties": {},
            "geometry": {
                "type": "LineString",
                "coordinates": [
                    [
                        144.9765,
                        -37.8083
                    ],
                    [
                        144.9763,
                        -37.8083
                    ]
                ]
            }
        },
        {
            "type": "Feature",
            "id": "way/208663069",
            "properties": {},
            "geometry": {
                "type": "LineString",
                "coordinates": [
                    [
                        145.0017,
                        -37.8107
                    ],
                    [
                        145.0104,
                        -37.8115
                    ]
                ]
            }
        },
        {
            "type": "Feature",
            "id": "way/208663073",
            "properties": {},
            "geometry": {
                "type": "LineString",
                "coordinates": [
                    [
                        144.9765,
                        -37.8082
                    ],
                    [
                        144.9767,
                        -37.8082
                    ],
                    [
                        144.9768,
                        -37.808
                    ],
                    [
                        144.9804,
                        -37.7874
                    ]
                ]
            }
        },
        {
            "type": "Feature",
            "id": "way/208663077",
            "properties": {},
            "geometry": {
                "type": "LineString",
                "coordinates": [
                    [
                        144.9762,
                        -37.8082
                    ],
                    [
                        144.9765,
                        -37.8082
                    ]
                ]
            }
        },
        {
            "type": "Feature",
            "id": "way/208663079",
            "properties": {},
            "geometry": {
                "type": "LineString",
                "coordinates": [
                    [
                        144.9758,
                        -37.8085
                    ],
                    [
                        144.9759,
                        -37.8083
                    ],
                    [
                        144.9762,
                        -37.8082
                    ]
                ]
            }
        },
        {
            "type": "Feature",
            "id": "way/208663080",
            "properties": {},
            "geometry": {
                "type": "LineString",
                "coordinates": [
                    [
                        144.9775,
                        -37.8083
                    ],
                    [
                        144.9772,
                        -37.8083
                    ]
                ]
            }
        },
        {
            "type": "Feature",
            "id": "way/208663081",
            "properties": {},
            "geometry": {
                "type": "LineString",
                "coordinates": [
                    [
                        144.9775,
                        -37.8083
                    ],
                    [
                        144.9772,
                        -37.8084
                    ]
                ]
            }
        },
        {
            "type": "Feature",
            "id": "way/208663098",
            "properties": {},
            "geometry": {
                "type": "LineString",
                "coordinates": [
                    [
                        144.9755,
                        -37.8081
                    ],
                    [
                        144.9761,
                        -37.8081
                    ]
                ]
            }
        },
        {
            "type": "Feature",
            "id": "way/208676422",
            "properties": {},
            "geometry": {
                "type": "LineString",
                "coordinates": [
                    [
                        144.9732,
                        -37.8082
                    ],
                    [
                        144.9728,
                        -37.8103
                    ],
                    [
                        144.9729,
                        -37.8109
                    ]
                ]
            }
        },
        {
            "type": "Feature",
            "id": "way/208676424",
            "properties": {},
            "geometry": {
                "type": "LineString",
                "coordinates": [
                    [
                        144.973,
                        -37.8111
                    ],
                    [
                        144.9741,
                        -37.8135
                    ]
                ]
            }
        },
        {
            "type": "Feature",
            "id": "way/208676425",
            "properties": {},
            "geometry": {
                "type": "LineString",
                "coordinates": [
                    [
                        144.9731,
                        -37.8082
                    ],
                    [
                        144.9732,
                        -37.8077
                    ]
                ]
            }
        },
        {
            "type": "Feature",
            "id": "way/208676427",
            "properties": {},
            "geometry": {
                "type": "LineString",
                "coordinates": [
                    [
                        144.9535,
                        -37.817
                    ],
                    [
                        144.9728,
                        -37.8114
                    ],
                    [
                        144.9729,
                        -37.8111
                    ]
                ]
            }
        },
        {
            "type": "Feature",
            "id": "way/208676428",
            "properties": {},
            "geometry": {
                "type": "LineString",
                "coordinates": [
                    [
                        144.9729,
                        -37.8109
                    ],
                    [
                        144.9728,
                        -37.8103
                    ],
                    [
                        144.9731,
                        -37.8082
                    ]
                ]
            }
        },
        {
            "type": "Feature",
            "id": "way/208676431",
            "properties": {},
            "geometry": {
                "type": "LineString",
                "coordinates": [
                    [
                        144.9741,
                        -37.8136
                    ],
                    [
                        144.9729,
                        -37.8111
                    ]
                ]
            }
        },
        {
            "type": "Feature",
            "id": "way/208793847",
            "properties": {},
            "geometry": {
                "type": "LineString",
                "coordinates": [
                    [
                        144.9596,
                        -37.8064
                    ],
                    [
                        144.9645,
                        -37.8171
                    ]
                ]
            }
        },
        {
            "type": "Feature",
            "id": "way/208795167",
            "properties": {},
            "geometry": {
                "type": "LineString",
                "coordinates": [
                    [
                        144.9646,
                        -37.8173
                    ],
                    [
                        144.9644,
                        -37.8171
                    ]
                ]
            }
        },
        {
            "type": "Feature",
            "id": "way/208795168",
            "properties": {},
            "geometry": {
                "type": "LineString",
                "coordinates": [
                    [
                        144.9648,
                        -37.8179
                    ],
                    [
                        144.9645,
                        -37.8173
                    ]
                ]
            }
        },
        {
            "type": "Feature",
            "id": "way/208795169",
            "properties": {},
            "geometry": {
                "type": "LineString",
                "coordinates": [
                    [
                        144.9645,
                        -37.8171
                    ],
                    [
                        144.9645,
                        -37.8173
                    ]
                ]
            }
        },
        {
            "type": "Feature",
            "id": "way/208795170",
            "properties": {},
            "geometry": {
                "type": "LineString",
                "coordinates": [
                    [
                        144.9645,
                        -37.8173
                    ],
                    [
                        144.9596,
                        -37.8065
                    ]
                ]
            }
        },
        {
            "type": "Feature",
            "id": "way/208795171",
            "properties": {},
            "geometry": {
                "type": "LineString",
                "coordinates": [
                    [
                        144.9646,
                        -37.8173
                    ],
                    [
                        144.9649,
                        -37.818
                    ]
                ]
            }
        },
        {
            "type": "Feature",
            "id": "way/208801190",
            "properties": {},
            "geometry": {
                "type": "LineString",
                "coordinates": [
                    [
                        144.9638,
                        -37.8094
                    ],
                    [
                        144.9636,
                        -37.8097
                    ]
                ]
            }
        },
        {
            "type": "Feature",
            "id": "way/208801191",
            "properties": {},
            "geometry": {
                "type": "LineString",
                "coordinates": [
                    [
                        144.9636,
                        -37.8096
                    ],
                    [
                        144.9637,
                        -37.8094
                    ]
                ]
            }
        },
        {
            "type": "Feature",
            "id": "way/208920311",
            "properties": {},
            "geometry": {
                "type": "LineString",
                "coordinates": [
                    [
                        144.9561,
                        -37.8234
                    ],
                    [
                        144.9558,
                        -37.8226
                    ]
                ]
            }
        },
        {
            "type": "Feature",
            "id": "way/208920313",
            "properties": {},
            "geometry": {
                "type": "LineString",
                "coordinates": [
                    [
                        144.9552,
                        -37.8216
                    ],
                    [
                        144.9549,
                        -37.8209
                    ]
                ]
            }
        },
        {
            "type": "Feature",
            "id": "way/208920314",
            "properties": {},
            "geometry": {
                "type": "LineString",
                "coordinates": [
                    [
                        144.9558,
                        -37.8226
                    ],
                    [
                        144.9562,
                        -37.8235
                    ]
                ]
            }
        },
        {
            "type": "Feature",
            "id": "way/209746452",
            "properties": {},
            "geometry": {
                "type": "LineString",
                "coordinates": [
                    [
                        144.9733,
                        -37.8077
                    ],
                    [
                        144.9732,
                        -37.808
                    ]
                ]
            }
        },
        {
            "type": "Feature",
            "id": "way/209753979",
            "properties": {},
            "geometry": {
                "type": "LineString",
                "coordinates": [
                    [
                        144.9804,
                        -37.7668
                    ],
                    [
                        144.9803,
                        -37.7672
                    ]
                ]
            }
        },
        {
            "type": "Feature",
            "id": "way/209753981",
            "properties": {},
            "geometry": {
                "type": "LineString",
                "coordinates": [
                    [
                        144.9732,
                        -37.8077
                    ],
                    [
                        144.9735,
                        -37.8056
                    ]
                ]
            }
        },
        {
            "type": "Feature",
            "id": "way/209893397",
            "properties": {},
            "geometry": {
                "type": "LineString",
                "coordinates": [
                    [
                        144.9735,
                        -37.8056
                    ],
                    [
                        144.9759,
                        -37.792
                    ],
                    [
                        144.978,
                        -37.7805
                    ],
                    [
                        144.9803,
                        -37.7672
                    ]
                ]
            }
        },
        {
            "type": "Feature",
            "id": "way/210335523",
            "properties": {},
            "geometry": {
                "type": "LineString",
                "coordinates": [
                    [
                        144.9948,
                        -37.7526
                    ],
                    [
                        144.9948,
                        -37.7524
                    ]
                ]
            }
        },
        {
            "type": "Feature",
            "id": "way/210335874",
            "properties": {},
            "geometry": {
                "type": "LineString",
                "coordinates": [
                    [
                        144.9987,
                        -37.752
                    ],
                    [
                        144.9991,
                        -37.752
                    ]
                ]
            }
        },
        {
            "type": "Feature",
            "id": "way/210335875",
            "properties": {},
            "geometry": {
                "type": "LineString",
                "coordinates": [
                    [
                        144.9991,
                        -37.752
                    ],
                    [
                        144.9987,
                        -37.752
                    ]
                ]
            }
        },
        {
            "type": "Feature",
            "id": "way/210335876",
            "properties": {},
            "geometry": {
                "type": "LineString",
                "coordinates": [
                    [
                        144.9996,
                        -37.7521
                    ],
                    [
                        144.9991,
                        -37.752
                    ]
                ]
            }
        },
        {
            "type": "Feature",
            "id": "way/210335877",
            "properties": {},
            "geometry": {
                "type": "LineString",
                "coordinates": [
                    [
                        144.9991,
                        -37.752
                    ],
                    [
                        144.9997,
                        -37.7521
                    ]
                ]
            }
        },
        {
            "type": "Feature",
            "id": "way/210335879",
            "properties": {},
            "geometry": {
                "type": "LineString",
                "coordinates": [
                    [
                        144.9987,
                        -37.752
                    ],
                    [
                        144.9974,
                        -37.7519
                    ]
                ]
            }
        },
        {
            "type": "Feature",
            "id": "way/210335880",
            "properties": {},
            "geometry": {
                "type": "LineString",
                "coordinates": [
                    [
                        144.9975,
                        -37.7518
                    ],
                    [
                        144.9987,
                        -37.752
                    ]
                ]
            }
        },
        {
            "type": "Feature",
            "id": "way/210351990",
            "properties": {},
            "geometry": {
                "type": "LineString",
                "coordinates": [
                    [
                        144.9892,
                        -37.777
                    ],
                    [
                        144.9896,
                        -37.7766
                    ],
                    [
                        144.9898,
                        -37.7761
                    ],
                    [
                        144.9939,
                        -37.7553
                    ],
                    [
                        144.9949,
                        -37.752
                    ]
                ]
            }
        },
        {
            "type": "Feature",
            "id": "way/210351991",
            "properties": {},
            "geometry": {
                "type": "LineString",
                "coordinates": [
                    [
                        144.9892,
                        -37.7771
                    ],
                    [
                        144.989,
                        -37.7773
                    ]
                ]
            }
        },
        {
            "type": "Feature",
            "id": "way/210351992",
            "properties": {},
            "geometry": {
                "type": "LineString",
                "coordinates": [
                    [
                        144.989,
                        -37.7773
                    ],
                    [
                        144.9892,
                        -37.777
                    ]
                ]
            }
        },
        {
            "type": "Feature",
            "id": "way/210368829",
            "properties": {},
            "geometry": {
                "type": "LineString",
                "coordinates": [
                    [
                        144.9804,
                        -37.7874
                    ],
                    [
                        144.9768,
                        -37.8081
                    ],
                    [
                        144.9767,
                        -37.8083
                    ],
                    [
                        144.9765,
                        -37.8083
                    ]
                ]
            }
        },
        {
            "type": "Feature",
            "id": "way/210544638",
            "properties": {},
            "geometry": {
                "type": "LineString",
                "coordinates": [
                    [
                        144.9949,
                        -37.752
                    ],
                    [
                        144.9949,
                        -37.7518
                    ],
                    [
                        144.9947,
                        -37.7517
                    ]
                ]
            }
        },
        {
            "type": "Feature",
            "id": "way/210544831",
            "properties": {},
            "geometry": {
                "type": "LineString",
                "coordinates": [
                    [
                        144.9954,
                        -37.7517
                    ],
                    [
                        144.9951,
                        -37.7517
                    ],
                    [
                        144.995,
                        -37.752
                    ]
                ]
            }
        },
        {
            "type": "Feature",
            "id": "way/210544832",
            "properties": {},
            "geometry": {
                "type": "LineString",
                "coordinates": [
                    [
                        144.9974,
                        -37.7519
                    ],
                    [
                        144.9957,
                        -37.7517
                    ]
                ]
            }
        },
        {
            "type": "Feature",
            "id": "way/210544833",
            "properties": {},
            "geometry": {
                "type": "LineString",
                "coordinates": [
                    [
                        144.9947,
                        -37.7517
                    ],
                    [
                        144.9952,
                        -37.7516
                    ]
                ]
            }
        },
        {
            "type": "Feature",
            "id": "way/210544835",
            "properties": {},
            "geometry": {
                "type": "LineString",
                "coordinates": [
                    [
                        144.9952,
                        -37.7517
                    ],
                    [
                        144.9947,
                        -37.7517
                    ]
                ]
            }
        },
        {
            "type": "Feature",
            "id": "way/210544836",
            "properties": {},
            "geometry": {
                "type": "LineString",
                "coordinates": [
                    [
                        144.9949,
                        -37.752
                    ],
                    [
                        144.9952,
                        -37.7516
                    ]
                ]
            }
        },
        {
            "type": "Feature",
            "id": "way/210544992",
            "properties": {},
            "geometry": {
                "type": "LineString",
                "coordinates": [
                    [
                        144.9947,
                        -37.7517
                    ],
                    [
                        144.9949,
                        -37.7518
                    ],
                    [
                        144.995,
                        -37.752
                    ]
                ]
            }
        },
        {
            "type": "Feature",
            "id": "way/210566494",
            "properties": {},
            "geometry": {
                "type": "LineString",
                "coordinates": [
                    [
                        144.9986,
                        -37.7541
                    ],
                    [
                        144.9993,
                        -37.7499
                    ],
                    [
                        144.9962,
                        -37.7496
                    ],
                    [
                        144.9956,
                        -37.751
                    ]
                ]
            }
        },
        {
            "type": "Feature",
            "id": "way/210566577",
            "properties": {},
            "geometry": {
                "type": "LineString",
                "coordinates": [
                    [
                        144.9956,
                        -37.751
                    ],
                    [
                        144.9957,
                        -37.7509
                    ],
                    [
                        144.996,
                        -37.7508
                    ]
                ]
            }
        },
        {
            "type": "Feature",
            "id": "way/210687143",
            "properties": {},
            "geometry": {
                "type": "LineString",
                "coordinates": [
                    [
                        144.9596,
                        -37.8065
                    ],
                    [
                        144.9592,
                        -37.8062
                    ],
                    [
                        144.9494,
                        -37.8051
                    ]
                ]
            }
        },
        {
            "type": "Feature",
            "id": "way/210689547",
            "properties": {},
            "geometry": {
                "type": "LineString",
                "coordinates": [
                    [
                        144.947,
                        -37.7943
                    ],
                    [
                        144.947,
                        -37.7941
                    ]
                ]
            }
        },
        {
            "type": "Feature",
            "id": "way/211053025",
            "properties": {},
            "geometry": {
                "type": "LineString",
                "coordinates": [
                    [
                        144.9881,
                        -37.7509
                    ],
                    [
                        144.9947,
                        -37.7517
                    ]
                ]
            }
        },
        {
            "type": "Feature",
            "id": "way/211053459",
            "properties": {},
            "geometry": {
                "type": "LineString",
                "coordinates": [
                    [
                        144.9947,
                        -37.7517
                    ],
                    [
                        144.9881,
                        -37.751
                    ]
                ]
            }
        },
        {
            "type": "Feature",
            "id": "way/211055172",
            "properties": {},
            "geometry": {
                "type": "LineString",
                "coordinates": [
                    [
                        144.9881,
                        -37.751
                    ],
                    [
                        144.988,
                        -37.7508
                    ],
                    [
                        144.9903,
                        -37.7367
                    ],
                    [
                        144.9915,
                        -37.7297
                    ]
                ]
            }
        },
        {
            "type": "Feature",
            "id": "way/211055173",
            "properties": {},
            "geometry": {
                "type": "LineString",
                "coordinates": [
                    [
                        144.9916,
                        -37.729
                    ],
                    [
                        144.9915,
                        -37.7297
                    ]
                ]
            }
        },
        {
            "type": "Feature",
            "id": "way/211055467",
            "properties": {},
            "geometry": {
                "type": "LineString",
                "coordinates": [
                    [
                        144.9915,
                        -37.7297
                    ],
                    [
                        144.9881,
                        -37.7507
                    ],
                    [
                        144.9881,
                        -37.7509
                    ]
                ]
            }
        },
        {
            "type": "Feature",
            "id": "way/211058373",
            "properties": {},
            "geometry": {
                "type": "LineString",
                "coordinates": [
                    [
                        144.9747,
                        -37.7566
                    ],
                    [
                        144.9749,
                        -37.7565
                    ]
                ]
            }
        },
        {
            "type": "Feature",
            "id": "way/211058375",
            "properties": {},
            "geometry": {
                "type": "LineString",
                "coordinates": [
                    [
                        144.9748,
                        -37.7568
                    ],
                    [
                        144.9747,
                        -37.7567
                    ]
                ]
            }
        },
        {
            "type": "Feature",
            "id": "way/211058376",
            "properties": {},
            "geometry": {
                "type": "LineString",
                "coordinates": [
                    [
                        144.9747,
                        -37.7566
                    ],
                    [
                        144.9749,
                        -37.7568
                    ]
                ]
            }
        },
        {
            "type": "Feature",
            "id": "way/211058378",
            "properties": {},
            "geometry": {
                "type": "LineString",
                "coordinates": [
                    [
                        144.9747,
                        -37.7567
                    ],
                    [
                        144.9639,
                        -37.7554
                    ]
                ]
            }
        },
        {
            "type": "Feature",
            "id": "way/211058379",
            "properties": {},
            "geometry": {
                "type": "LineString",
                "coordinates": [
                    [
                        144.9749,
                        -37.7565
                    ],
                    [
                        144.9747,
                        -37.7567
                    ]
                ]
            }
        },
        {
            "type": "Feature",
            "id": "way/211060405",
            "properties": {},
            "geometry": {
                "type": "LineString",
                "coordinates": [
                    [
                        144.9749,
                        -37.7565
                    ],
                    [
                        144.9749,
                        -37.7568
                    ]
                ]
            }
        },
        {
            "type": "Feature",
            "id": "way/211060407",
            "properties": {},
            "geometry": {
                "type": "LineString",
                "coordinates": [
                    [
                        144.9748,
                        -37.7568
                    ],
                    [
                        144.9749,
                        -37.7565
                    ]
                ]
            }
        },
        {
            "type": "Feature",
            "id": "way/211060410",
            "properties": {},
            "geometry": {
                "type": "LineString",
                "coordinates": [
                    [
                        144.9739,
                        -37.7621
                    ],
                    [
                        144.9734,
                        -37.7622
                    ],
                    [
                        144.9733,
                        -37.7624
                    ],
                    [
                        144.9715,
                        -37.7725
                    ],
                    [
                        144.9696,
                        -37.7855
                    ],
                    [
                        144.9675,
                        -37.7971
                    ]
                ]
            }
        },
        {
            "type": "Feature",
            "id": "way/211382322",
            "properties": {},
            "geometry": {
                "type": "LineString",
                "coordinates": [
                    [
                        144.9859,
                        -37.7908
                    ],
                    [
                        144.9856,
                        -37.7912
                    ],
                    [
                        144.983,
                        -37.8063
                    ]
                ]
            }
        },
        {
            "type": "Feature",
            "id": "way/211382324",
            "properties": {},
            "geometry": {
                "type": "LineString",
                "coordinates": [
                    [
                        144.9953,
                        -37.785
                    ],
                    [
                        144.9958,
                        -37.7844
                    ]
                ]
            }
        },
        {
            "type": "Feature",
            "id": "way/211382326",
            "properties": {},
            "geometry": {
                "type": "LineString",
                "coordinates": [
                    [
                        144.9959,
                        -37.7844
                    ],
                    [
                        144.9953,
                        -37.785
                    ]
                ]
            }
        },
        {
            "type": "Feature",
            "id": "way/211397559",
            "properties": {},
            "geometry": {
                "type": "LineString",
                "coordinates": [
                    [
                        144.9829,
                        -37.8063
                    ],
                    [
                        144.9856,
                        -37.7912
                    ],
                    [
                        144.9858,
                        -37.7908
                    ]
                ]
            }
        },
        {
            "type": "Feature",
            "id": "way/211412840",
            "properties": {},
            "geometry": {
                "type": "LineString",
                "coordinates": [
                    [
                        144.9958,
                        -37.7844
                    ],
                    [
                        144.9961,
                        -37.7839
                    ],
                    [
                        144.9971,
                        -37.7788
                    ]
                ]
            }
        },
        {
            "type": "Feature",
            "id": "way/211424550",
            "properties": {},
            "geometry": {
                "type": "LineString",
                "coordinates": [
                    [
                        145.0017,
                        -37.7525
                    ],
                    [
                        144.9992,
                        -37.7668
                    ],
                    [
                        144.9992,
                        -37.7685
                    ],
                    [
                        144.9974,
                        -37.7775
                    ]
                ]
            }
        },
        {
            "type": "Feature",
            "id": "way/211424925",
            "properties": {},
            "geometry": {
                "type": "LineString",
                "coordinates": [
                    [
                        145.0014,
                        -37.7522
                    ],
                    [
                        145.0018,
                        -37.7521
                    ]
                ]
            }
        },
        {
            "type": "Feature",
            "id": "way/211424929",
            "properties": {},
            "geometry": {
                "type": "LineString",
                "coordinates": [
                    [
                        145.0018,
                        -37.7521
                    ],
                    [
                        145.0014,
                        -37.7523
                    ]
                ]
            }
        },
        {
            "type": "Feature",
            "id": "way/211440528",
            "properties": {},
            "geometry": {
                "type": "LineString",
                "coordinates": [
                    [
                        145.06,
                        -37.6951
                    ],
                    [
                        145.0599,
                        -37.6954
                    ]
                ]
            }
        },
        {
            "type": "Feature",
            "id": "way/211617324",
            "properties": {},
            "geometry": {
                "type": "LineString",
                "coordinates": [
                    [
                        145.0433,
                        -37.7165
                    ],
                    [
                        145.0434,
                        -37.7163
                    ]
                ]
            }
        },
        {
            "type": "Feature",
            "id": "way/211638297",
            "properties": {},
            "geometry": {
                "type": "LineString",
                "coordinates": [
                    [
                        145.0349,
                        -37.7208
                    ],
                    [
                        145.0345,
                        -37.7209
                    ]
                ]
            }
        },
        {
            "type": "Feature",
            "id": "way/211638298",
            "properties": {},
            "geometry": {
                "type": "LineString",
                "coordinates": [
                    [
                        145.0345,
                        -37.7209
                    ],
                    [
                        145.0349,
                        -37.7207
                    ]
                ]
            }
        },
        {
            "type": "Feature",
            "id": "way/211639752",
            "properties": {},
            "geometry": {
                "type": "LineString",
                "coordinates": [
                    [
                        145.0239,
                        -37.7252
                    ],
                    [
                        145.0241,
                        -37.7251
                    ]
                ]
            }
        },
        {
            "type": "Feature",
            "id": "way/211649510",
            "properties": {},
            "geometry": {
                "type": "LineString",
                "coordinates": [
                    [
                        145.0345,
                        -37.7209
                    ],
                    [
                        145.0307,
                        -37.7224
                    ],
                    [
                        145.0267,
                        -37.7246
                    ],
                    [
                        145.0236,
                        -37.7253
                    ],
                    [
                        145.0226,
                        -37.7256
                    ],
                    [
                        145.0146,
                        -37.731
                    ],
                    [
                        145.0145,
                        -37.7315
                    ],
                    [
                        145.0144,
                        -37.7324
                    ],
                    [
                        145.0137,
                        -37.7343
                    ],
                    [
                        145.0116,
                        -37.7388
                    ],
                    [
                        145.0062,
                        -37.7456
                    ],
                    [
                        145.0018,
                        -37.7521
                    ]
                ]
            }
        },
        {
            "type": "Feature",
            "id": "way/211653679",
            "properties": {},
            "geometry": {
                "type": "LineString",
                "coordinates": [
                    [
                        145.0018,
                        -37.7521
                    ],
                    [
                        145.0061,
                        -37.7456
                    ],
                    [
                        145.0115,
                        -37.7388
                    ],
                    [
                        145.014,
                        -37.7336
                    ],
                    [
                        145.0144,
                        -37.7324
                    ],
                    [
                        145.0144,
                        -37.7315
                    ],
                    [
                        145.0146,
                        -37.731
                    ],
                    [
                        145.0225,
                        -37.7256
                    ],
                    [
                        145.0236,
                        -37.7253
                    ],
                    [
                        145.0262,
                        -37.7248
                    ],
                    [
                        145.0274,
                        -37.7242
                    ]
                ]
            }
        },
        {
            "type": "Feature",
            "id": "way/211668281",
            "properties": {},
            "geometry": {
                "type": "LineString",
                "coordinates": [
                    [
                        144.9868,
                        -37.8243
                    ],
                    [
                        144.993,
                        -37.8251
                    ],
                    [
                        145.0137,
                        -37.8274
                    ]
                ]
            }
        },
        {
            "type": "Feature",
            "id": "way/211788736",
            "properties": {},
            "geometry": {
                "type": "LineString",
                "coordinates": [
                    [
                        144.8904,
                        -37.7136
                    ],
                    [
                        144.8908,
                        -37.714
                    ]
                ]
            }
        },
        {
            "type": "Feature",
            "id": "way/211792150",
            "properties": {},
            "geometry": {
                "type": "LineString",
                "coordinates": [
                    [
                        144.8894,
                        -37.7345
                    ],
                    [
                        144.8895,
                        -37.734
                    ]
                ]
            }
        },
        {
            "type": "Feature",
            "id": "way/211792152",
            "properties": {},
            "geometry": {
                "type": "LineString",
                "coordinates": [
                    [
                        144.8895,
                        -37.734
                    ],
                    [
                        144.8894,
                        -37.7345
                    ]
                ]
            }
        },
        {
            "type": "Feature",
            "id": "way/211792154",
            "properties": {},
            "geometry": {
                "type": "LineString",
                "coordinates": [
                    [
                        144.8908,
                        -37.714
                    ],
                    [
                        144.892,
                        -37.7158
                    ],
                    [
                        144.8922,
                        -37.7165
                    ],
                    [
                        144.8922,
                        -37.7172
                    ],
                    [
                        144.8895,
                        -37.734
                    ]
                ]
            }
        },
        {
            "type": "Feature",
            "id": "way/211792155",
            "properties": {},
            "geometry": {
                "type": "LineString",
                "coordinates": [
                    [
                        144.8895,
                        -37.734
                    ],
                    [
                        144.8922,
                        -37.7172
                    ],
                    [
                        144.8922,
                        -37.7165
                    ],
                    [
                        144.892,
                        -37.7158
                    ],
                    [
                        144.8908,
                        -37.714
                    ]
                ]
            }
        },
        {
            "type": "Feature",
            "id": "way/212113851",
            "properties": {},
            "geometry": {
                "type": "LineString",
                "coordinates": [
                    [
                        144.9781,
                        -37.7432
                    ],
                    [
                        144.9776,
                        -37.7453
                    ],
                    [
                        144.9764,
                        -37.7526
                    ],
                    [
                        144.9749,
                        -37.7565
                    ]
                ]
            }
        },
        {
            "type": "Feature",
            "id": "way/212113855",
            "properties": {},
            "geometry": {
                "type": "LineString",
                "coordinates": [
                    [
                        144.9781,
                        -37.7432
                    ],
                    [
                        144.9781,
                        -37.7431
                    ]
                ]
            }
        },
        {
            "type": "Feature",
            "id": "way/212187161",
            "properties": {},
            "geometry": {
                "type": "LineString",
                "coordinates": [
                    [
                        144.9575,
                        -37.7997
                    ],
                    [
                        144.9602,
                        -37.7781
                    ],
                    [
                        144.9604,
                        -37.7771
                    ]
                ]
            }
        },
        {
            "type": "Feature",
            "id": "way/212194368",
            "properties": {},
            "geometry": {
                "type": "LineString",
                "coordinates": [
                    [
                        144.9642,
                        -37.7553
                    ],
                    [
                        144.9639,
                        -37.7554
                    ]
                ]
            }
        },
        {
            "type": "Feature",
            "id": "way/212194370",
            "properties": {},
            "geometry": {
                "type": "LineString",
                "coordinates": [
                    [
                        144.9639,
                        -37.7554
                    ],
                    [
                        144.9641,
                        -37.7553
                    ]
                ]
            }
        },
        {
            "type": "Feature",
            "id": "way/212194372",
            "properties": {},
            "geometry": {
                "type": "LineString",
                "coordinates": [
                    [
                        144.9641,
                        -37.7556
                    ],
                    [
                        144.9639,
                        -37.7554
                    ]
                ]
            }
        },
        {
            "type": "Feature",
            "id": "way/212194374",
            "properties": {},
            "geometry": {
                "type": "LineString",
                "coordinates": [
                    [
                        144.9639,
                        -37.7554
                    ],
                    [
                        144.9641,
                        -37.7556
                    ]
                ]
            }
        },
        {
            "type": "Feature",
            "id": "way/212196389",
            "properties": {},
            "geometry": {
                "type": "LineString",
                "coordinates": [
                    [
                        144.9638,
                        -37.7575
                    ],
                    [
                        144.9638,
                        -37.7576
                    ]
                ]
            }
        },
        {
            "type": "Feature",
            "id": "way/212196855",
            "properties": {},
            "geometry": {
                "type": "LineString",
                "coordinates": [
                    [
                        144.9642,
                        -37.7551
                    ],
                    [
                        144.9642,
                        -37.755
                    ]
                ]
            }
        },
        {
            "type": "Feature",
            "id": "way/212255753",
            "properties": {},
            "geometry": {
                "type": "LineString",
                "coordinates": [
                    [
                        144.9641,
                        -37.7556
                    ],
                    [
                        144.9641,
                        -37.7553
                    ]
                ]
            }
        },
        {
            "type": "Feature",
            "id": "way/212255755",
            "properties": {},
            "geometry": {
                "type": "LineString",
                "coordinates": [
                    [
                        144.9605,
                        -37.7771
                    ],
                    [
                        144.9602,
                        -37.7782
                    ],
                    [
                        144.9576,
                        -37.7997
                    ]
                ]
            }
        },
        {
            "type": "Feature",
            "id": "way/212255757",
            "properties": {},
            "geometry": {
                "type": "LineString",
                "coordinates": [
                    [
                        144.9642,
                        -37.7553
                    ],
                    [
                        144.9641,
                        -37.7556
                    ]
                ]
            }
        },
        {
            "type": "Feature",
            "id": "way/212255924",
            "properties": {},
            "geometry": {
                "type": "LineString",
                "coordinates": [
                    [
                        144.9639,
                        -37.7554
                    ],
                    [
                        144.9747,
                        -37.7566
                    ]
                ]
            }
        },
        {
            "type": "Feature",
            "id": "way/212278409",
            "properties": {},
            "geometry": {
                "type": "LineString",
                "coordinates": [
                    [
                        144.9619,
                        -37.7566
                    ],
                    [
                        144.9618,
                        -37.7571
                    ],
                    [
                        144.9619,
                        -37.7572
                    ],
                    [
                        144.9633,
                        -37.7574
                    ]
                ]
            }
        },
        {
            "type": "Feature",
            "id": "way/212278411",
            "properties": {},
            "geometry": {
                "type": "LineString",
                "coordinates": [
                    [
                        144.9622,
                        -37.7553
                    ],
                    [
                        144.9639,
                        -37.7554
                    ]
                ]
            }
        },
        {
            "type": "Feature",
            "id": "way/212278413",
            "properties": {},
            "geometry": {
                "type": "LineString",
                "coordinates": [
                    [
                        144.9619,
                        -37.7568
                    ],
                    [
                        144.9619,
                        -37.7566
                    ]
                ]
            }
        },
        {
            "type": "Feature",
            "id": "way/212278414",
            "properties": {},
            "geometry": {
                "type": "LineString",
                "coordinates": [
                    [
                        144.9633,
                        -37.7574
                    ],
                    [
                        144.9619,
                        -37.7573
                    ],
                    [
                        144.9618,
                        -37.7571
                    ],
                    [
                        144.9619,
                        -37.7566
                    ]
                ]
            }
        },
        {
            "type": "Feature",
            "id": "way/212278415",
            "properties": {},
            "geometry": {
                "type": "LineString",
                "coordinates": [
                    [
                        144.9639,
                        -37.7554
                    ],
                    [
                        144.9622,
                        -37.7553
                    ]
                ]
            }
        },
        {
            "type": "Feature",
            "id": "way/212458803",
            "properties": {},
            "geometry": {
                "type": "LineString",
                "coordinates": [
                    [
                        144.9667,
                        -37.7407
                    ],
                    [
                        144.9667,
                        -37.7406
                    ]
                ]
            }
        },
        {
            "type": "Feature",
            "id": "way/212459861",
            "properties": {},
            "geometry": {
                "type": "LineString",
                "coordinates": [
                    [
                        144.9641,
                        -37.7553
                    ],
                    [
                        144.9671,
                        -37.7382
                    ],
                    [
                        144.9638,
                        -37.7304
                    ],
                    [
                        144.9637,
                        -37.7294
                    ]
                ]
            }
        },
        {
            "type": "Feature",
            "id": "way/212459862",
            "properties": {},
            "geometry": {
                "type": "LineString",
                "coordinates": [
                    [
                        144.9638,
                        -37.7294
                    ],
                    [
                        144.9638,
                        -37.7304
                    ],
                    [
                        144.9671,
                        -37.7383
                    ],
                    [
                        144.9642,
                        -37.7553
                    ]
                ]
            }
        },
        {
            "type": "Feature",
            "id": "way/212960533",
            "properties": {},
            "geometry": {
                "type": "LineString",
                "coordinates": [
                    [
                        144.9377,
                        -37.7889
                    ],
                    [
                        144.9419,
                        -37.7894
                    ],
                    [
                        144.9424,
                        -37.7896
                    ]
                ]
            }
        },
        {
            "type": "Feature",
            "id": "way/212960536",
            "properties": {},
            "geometry": {
                "type": "LineString",
                "coordinates": [
                    [
                        144.9373,
                        -37.7889
                    ],
                    [
                        144.9225,
                        -37.7874
                    ],
                    [
                        144.9215,
                        -37.7874
                    ]
                ]
            }
        },
        {
            "type": "Feature",
            "id": "way/212960541",
            "properties": {},
            "geometry": {
                "type": "LineString",
                "coordinates": [
                    [
                        144.9377,
                        -37.7889
                    ],
                    [
                        144.9373,
                        -37.7889
                    ]
                ]
            }
        },
        {
            "type": "Feature",
            "id": "way/212960544",
            "properties": {},
            "geometry": {
                "type": "LineString",
                "coordinates": [
                    [
                        144.9373,
                        -37.7889
                    ],
                    [
                        144.9377,
                        -37.7889
                    ]
                ]
            }
        },
        {
            "type": "Feature",
            "id": "way/213093167",
            "properties": {},
            "geometry": {
                "type": "LineString",
                "coordinates": [
                    [
                        144.9215,
                        -37.7874
                    ],
                    [
                        144.9224,
                        -37.7874
                    ],
                    [
                        144.9373,
                        -37.7889
                    ]
                ]
            }
        },
        {
            "type": "Feature",
            "id": "way/213093168",
            "properties": {},
            "geometry": {
                "type": "LineString",
                "coordinates": [
                    [
                        144.9159,
                        -37.7717
                    ],
                    [
                        144.9016,
                        -37.7701
                    ]
                ]
            }
        },
        {
            "type": "Feature",
            "id": "way/213131821",
            "properties": {},
            "geometry": {
                "type": "LineString",
                "coordinates": [
                    [
                        144.8821,
                        -37.7693
                    ],
                    [
                        144.8833,
                        -37.7693
                    ]
                ]
            }
        },
        {
            "type": "Feature",
            "id": "way/213131829",
            "properties": {},
            "geometry": {
                "type": "LineString",
                "coordinates": [
                    [
                        144.8833,
                        -37.7694
                    ],
                    [
                        144.8821,
                        -37.7693
                    ]
                ]
            }
        },
        {
            "type": "Feature",
            "id": "way/213131831",
            "properties": {},
            "geometry": {
                "type": "LineString",
                "coordinates": [
                    [
                        144.8779,
                        -37.7688
                    ],
                    [
                        144.8785,
                        -37.7689
                    ]
                ]
            }
        },
        {
            "type": "Feature",
            "id": "way/213131833",
            "properties": {},
            "geometry": {
                "type": "LineString",
                "coordinates": [
                    [
                        144.8833,
                        -37.7694
                    ],
                    [
                        144.883,
                        -37.7695
                    ],
                    [
                        144.8829,
                        -37.7698
                    ],
                    [
                        144.8821,
                        -37.7739
                    ],
                    [
                        144.882,
                        -37.7751
                    ]
                ]
            }
        },
        {
            "type": "Feature",
            "id": "way/213132190",
            "properties": {},
            "geometry": {
                "type": "LineString",
                "coordinates": [
                    [
                        144.8836,
                        -37.7693
                    ],
                    [
                        144.8839,
                        -37.7693
                    ]
                ]
            }
        },
        {
            "type": "Feature",
            "id": "way/213198054",
            "properties": {},
            "geometry": {
                "type": "LineString",
                "coordinates": [
                    [
                        144.8999,
                        -37.7699
                    ],
                    [
                        144.8893,
                        -37.7687
                    ],
                    [
                        144.887,
                        -37.769
                    ]
                ]
            }
        },
        {
            "type": "Feature",
            "id": "way/213198055",
            "properties": {},
            "geometry": {
                "type": "LineString",
                "coordinates": [
                    [
                        144.9016,
                        -37.7701
                    ],
                    [
                        144.8999,
                        -37.7699
                    ]
                ]
            }
        },
        {
            "type": "Feature",
            "id": "way/213198056",
            "properties": {},
            "geometry": {
                "type": "LineString",
                "coordinates": [
                    [
                        144.9016,
                        -37.7701
                    ],
                    [
                        144.916,
                        -37.7717
                    ]
                ]
            }
        },
        {
            "type": "Feature",
            "id": "way/213198058",
            "properties": {},
            "geometry": {
                "type": "LineString",
                "coordinates": [
                    [
                        144.8833,
                        -37.7693
                    ],
                    [
                        144.887,
                        -37.7689
                    ]
                ]
            }
        },
        {
            "type": "Feature",
            "id": "way/213198059",
            "properties": {},
            "geometry": {
                "type": "LineString",
                "coordinates": [
                    [
                        144.8999,
                        -37.7699
                    ],
                    [
                        144.9016,
                        -37.7701
                    ]
                ]
            }
        },
        {
            "type": "Feature",
            "id": "way/213350675",
            "properties": {},
            "geometry": {
                "type": "LineString",
                "coordinates": [
                    [
                        144.916,
                        -37.7717
                    ],
                    [
                        144.9205,
                        -37.7722
                    ]
                ]
            }
        },
        {
            "type": "Feature",
            "id": "way/213351960",
            "properties": {},
            "geometry": {
                "type": "LineString",
                "coordinates": [
                    [
                        144.9205,
                        -37.7722
                    ],
                    [
                        144.9208,
                        -37.7722
                    ]
                ]
            }
        },
        {
            "type": "Feature",
            "id": "way/213351962",
            "properties": {},
            "geometry": {
                "type": "LineString",
                "coordinates": [
                    [
                        144.9208,
                        -37.7722
                    ],
                    [
                        144.9205,
                        -37.7722
                    ]
                ]
            }
        },
        {
            "type": "Feature",
            "id": "way/213351965",
            "properties": {},
            "geometry": {
                "type": "LineString",
                "coordinates": [
                    [
                        144.9238,
                        -37.7725
                    ],
                    [
                        144.9245,
                        -37.7691
                    ]
                ]
            }
        },
        {
            "type": "Feature",
            "id": "way/213351966",
            "properties": {},
            "geometry": {
                "type": "LineString",
                "coordinates": [
                    [
                        144.9205,
                        -37.7722
                    ],
                    [
                        144.9159,
                        -37.7717
                    ]
                ]
            }
        },
        {
            "type": "Feature",
            "id": "way/213355442",
            "properties": {},
            "geometry": {
                "type": "LineString",
                "coordinates": [
                    [
                        144.9249,
                        -37.767
                    ],
                    [
                        144.9239,
                        -37.7725
                    ]
                ]
            }
        },
        {
            "type": "Feature",
            "id": "way/213430646",
            "properties": {},
            "geometry": {
                "type": "LineString",
                "coordinates": [
                    [
                        144.9251,
                        -37.7657
                    ],
                    [
                        144.9251,
                        -37.7659
                    ]
                ]
            }
        },
        {
            "type": "Feature",
            "id": "way/213480507",
            "properties": {},
            "geometry": {
                "type": "LineString",
                "coordinates": [
                    [
                        144.931,
                        -37.7791
                    ],
                    [
                        144.9309,
                        -37.779
                    ]
                ]
            }
        },
        {
            "type": "Feature",
            "id": "way/213480508",
            "properties": {},
            "geometry": {
                "type": "LineString",
                "coordinates": [
                    [
                        144.9307,
                        -37.7789
                    ],
                    [
                        144.9309,
                        -37.779
                    ]
                ]
            }
        },
        {
            "type": "Feature",
            "id": "way/213480509",
            "properties": {},
            "geometry": {
                "type": "LineString",
                "coordinates": [
                    [
                        144.9313,
                        -37.7796
                    ],
                    [
                        144.9313,
                        -37.7795
                    ]
                ]
            }
        },
        {
            "type": "Feature",
            "id": "way/213480511",
            "properties": {},
            "geometry": {
                "type": "LineString",
                "coordinates": [
                    [
                        144.9313,
                        -37.7795
                    ],
                    [
                        144.9313,
                        -37.7796
                    ]
                ]
            }
        },
        {
            "type": "Feature",
            "id": "way/213480513",
            "properties": {},
            "geometry": {
                "type": "LineString",
                "coordinates": [
                    [
                        144.9309,
                        -37.779
                    ],
                    [
                        144.9307,
                        -37.7789
                    ]
                ]
            }
        },
        {
            "type": "Feature",
            "id": "way/213501770",
            "properties": {},
            "geometry": {
                "type": "LineString",
                "coordinates": [
                    [
                        144.9488,
                        -37.7757
                    ],
                    [
                        144.949,
                        -37.7762
                    ],
                    [
                        144.9509,
                        -37.7784
                    ],
                    [
                        144.9512,
                        -37.7792
                    ],
                    [
                        144.9514,
                        -37.7799
                    ],
                    [
                        144.9514,
                        -37.7806
                    ],
                    [
                        144.9512,
                        -37.7808
                    ],
                    [
                        144.9499,
                        -37.781
                    ],
                    [
                        144.9496,
                        -37.7812
                    ],
                    [
                        144.9496,
                        -37.7821
                    ],
                    [
                        144.9489,
                        -37.783
                    ],
                    [
                        144.9487,
                        -37.7835
                    ],
                    [
                        144.9487,
                        -37.7842
                    ],
                    [
                        144.9498,
                        -37.7882
                    ]
                ]
            }
        },
        {
            "type": "Feature",
            "id": "way/213579875",
            "properties": {},
            "geometry": {
                "type": "LineString",
                "coordinates": [
                    [
                        144.9455,
                        -37.7405
                    ],
                    [
                        144.9444,
                        -37.7468
                    ],
                    [
                        144.9446,
                        -37.7471
                    ],
                    [
                        144.9464,
                        -37.7491
                    ],
                    [
                        144.9465,
                        -37.7495
                    ],
                    [
                        144.9458,
                        -37.7533
                    ],
                    [
                        144.9459,
                        -37.7538
                    ],
                    [
                        144.9431,
                        -37.7686
                    ],
                    [
                        144.9432,
                        -37.769
                    ],
                    [
                        144.9437,
                        -37.7694
                    ]
                ]
            }
        },
        {
            "type": "Feature",
            "id": "way/213579876",
            "properties": {},
            "geometry": {
                "type": "LineString",
                "coordinates": [
                    [
                        144.9437,
                        -37.7694
                    ],
                    [
                        144.9432,
                        -37.7691
                    ],
                    [
                        144.943,
                        -37.7686
                    ],
                    [
                        144.9458,
                        -37.7538
                    ],
                    [
                        144.9457,
                        -37.7533
                    ],
                    [
                        144.9464,
                        -37.7495
                    ],
                    [
                        144.9463,
                        -37.7491
                    ],
                    [
                        144.9445,
                        -37.7472
                    ],
                    [
                        144.9444,
                        -37.7468
                    ],
                    [
                        144.9455,
                        -37.7405
                    ]
                ]
            }
        },
        {
            "type": "Feature",
            "id": "way/213581176",
            "properties": {},
            "geometry": {
                "type": "LineString",
                "coordinates": [
                    [
                        144.9457,
                        -37.7394
                    ],
                    [
                        144.9456,
                        -37.7399
                    ]
                ]
            }
        },
        {
            "type": "Feature",
            "id": "way/213919750",
            "properties": {},
            "geometry": {
                "type": "LineString",
                "coordinates": [
                    [
                        144.9261,
                        -37.7559
                    ],
                    [
                        144.9265,
                        -37.7582
                    ],
                    [
                        144.925,
                        -37.7663
                    ]
                ]
            }
        },
        {
            "type": "Feature",
            "id": "way/214019626",
            "properties": {},
            "geometry": {
                "type": "LineString",
                "coordinates": [
                    [
                        144.9557,
                        -37.8264
                    ],
                    [
                        144.9567,
                        -37.8256
                    ]
                ]
            }
        },
        {
            "type": "Feature",
            "id": "way/214150053",
            "properties": {},
            "geometry": {
                "type": "LineString",
                "coordinates": [
                    [
                        145.0006,
                        -37.8108
                    ],
                    [
                        145.0009,
                        -37.8106
                    ]
                ]
            }
        },
        {
            "type": "Feature",
            "id": "way/214150054",
            "properties": {},
            "geometry": {
                "type": "LineString",
                "coordinates": [
                    [
                        145.0009,
                        -37.8106
                    ],
                    [
                        145.0006,
                        -37.8108
                    ]
                ]
            }
        },
        {
            "type": "Feature",
            "id": "way/214160933",
            "properties": {},
            "geometry": {
                "type": "LineString",
                "coordinates": [
                    [
                        145.0101,
                        -37.8115
                    ],
                    [
                        145.0017,
                        -37.8107
                    ]
                ]
            }
        },
        {
            "type": "Feature",
            "id": "way/214160938",
            "properties": {},
            "geometry": {
                "type": "LineString",
                "coordinates": [
                    [
                        144.9903,
                        -37.8097
                    ],
                    [
                        144.99,
                        -37.8097
                    ]
                ]
            }
        },
        {
            "type": "Feature",
            "id": "way/214387724",
            "properties": {},
            "geometry": {
                "type": "LineString",
                "coordinates": [
                    [
                        145.0006,
                        -37.8108
                    ],
                    [
                        145.0006,
                        -37.8111
                    ]
                ]
            }
        },
        {
            "type": "Feature",
            "id": "way/214497854",
            "properties": {},
            "geometry": {
                "type": "LineString",
                "coordinates": [
                    [
                        144.9825,
                        -37.8554
                    ],
                    [
                        144.9806,
                        -37.85
                    ]
                ]
            }
        },
        {
            "type": "Feature",
            "id": "way/214815480",
            "properties": {},
            "geometry": {
                "type": "LineString",
                "coordinates": [
                    [
                        145.0241,
                        -37.8125
                    ],
                    [
                        145.0289,
                        -37.8075
                    ]
                ]
            }
        },
        {
            "type": "Feature",
            "id": "way/214815481",
            "properties": {},
            "geometry": {
                "type": "LineString",
                "coordinates": [
                    [
                        145.0237,
                        -37.813
                    ],
                    [
                        145.0233,
                        -37.8131
                    ],
                    [
                        145.021,
                        -37.8128
                    ]
                ]
            }
        },
        {
            "type": "Feature",
            "id": "way/214815932",
            "properties": {},
            "geometry": {
                "type": "LineString",
                "coordinates": [
                    [
                        145.016,
                        -37.8122
                    ],
                    [
                        145.0148,
                        -37.8121
                    ]
                ]
            }
        },
        {
            "type": "Feature",
            "id": "way/214815935",
            "properties": {},
            "geometry": {
                "type": "LineString",
                "coordinates": [
                    [
                        145.0148,
                        -37.8121
                    ],
                    [
                        145.016,
                        -37.8122
                    ]
                ]
            }
        },
        {
            "type": "Feature",
            "id": "way/214816232",
            "properties": {},
            "geometry": {
                "type": "LineString",
                "coordinates": [
                    [
                        145.0219,
                        -37.8129
                    ],
                    [
                        145.0222,
                        -37.8129
                    ]
                ]
            }
        },
        {
            "type": "Feature",
            "id": "way/214816233",
            "properties": {},
            "geometry": {
                "type": "LineString",
                "coordinates": [
                    [
                        145.0227,
                        -37.8127
                    ],
                    [
                        145.0235,
                        -37.8129
                    ]
                ]
            }
        },
        {
            "type": "Feature",
            "id": "way/214816330",
            "properties": {},
            "geometry": {
                "type": "LineString",
                "coordinates": [
                    [
                        145.016,
                        -37.8122
                    ],
                    [
                        145.022,
                        -37.8129
                    ]
                ]
            }
        },
        {
            "type": "Feature",
            "id": "way/214817293",
            "properties": {},
            "geometry": {
                "type": "LineString",
                "coordinates": [
                    [
                        145.0164,
                        -37.82
                    ],
                    [
                        145.017,
                        -37.8196
                    ],
                    [
                        145.0234,
                        -37.8133
                    ]
                ]
            }
        },
        {
            "type": "Feature",
            "id": "way/214817294",
            "properties": {},
            "geometry": {
                "type": "LineString",
                "coordinates": [
                    [
                        145.0235,
                        -37.8131
                    ],
                    [
                        145.0171,
                        -37.8195
                    ],
                    [
                        145.0167,
                        -37.82
                    ],
                    [
                        145.0164,
                        -37.82
                    ]
                ]
            }
        },
        {
            "type": "Feature",
            "id": "way/214818008",
            "properties": {},
            "geometry": {
                "type": "LineString",
                "coordinates": [
                    [
                        145.0213,
                        -37.8128
                    ],
                    [
                        145.021,
                        -37.8128
                    ]
                ]
            }
        },
        {
            "type": "Feature",
            "id": "way/214818801",
            "properties": {},
            "geometry": {
                "type": "LineString",
                "coordinates": [
                    [
                        145.0223,
                        -37.8128
                    ],
                    [
                        145.0228,
                        -37.8124
                    ],
                    [
                        145.0241,
                        -37.8125
                    ]
                ]
            }
        },
        {
            "type": "Feature",
            "id": "way/214818803",
            "properties": {},
            "geometry": {
                "type": "LineString",
                "coordinates": [
                    [
                        145.022,
                        -37.8129
                    ],
                    [
                        145.0223,
                        -37.8129
                    ]
                ]
            }
        },
        {
            "type": "Feature",
            "id": "way/214818804",
            "properties": {},
            "geometry": {
                "type": "LineString",
                "coordinates": [
                    [
                        145.0223,
                        -37.8129
                    ],
                    [
                        145.022,
                        -37.813
                    ]
                ]
            }
        },
        {
            "type": "Feature",
            "id": "way/214818805",
            "properties": {},
            "geometry": {
                "type": "LineString",
                "coordinates": [
                    [
                        145.0222,
                        -37.8129
                    ],
                    [
                        145.0219,
                        -37.8129
                    ]
                ]
            }
        },
        {
            "type": "Feature",
            "id": "way/214864678",
            "properties": {},
            "geometry": {
                "type": "LineString",
                "coordinates": [
                    [
                        145.0223,
                        -37.8128
                    ],
                    [
                        145.0226,
                        -37.8128
                    ]
                ]
            }
        },
        {
            "type": "Feature",
            "id": "way/214864680",
            "properties": {},
            "geometry": {
                "type": "LineString",
                "coordinates": [
                    [
                        145.0223,
                        -37.8128
                    ],
                    [
                        145.0226,
                        -37.8128
                    ]
                ]
            }
        },
        {
            "type": "Feature",
            "id": "way/214865190",
            "properties": {},
            "geometry": {
                "type": "LineString",
                "coordinates": [
                    [
                        145.0243,
                        -37.8124
                    ],
                    [
                        145.0244,
                        -37.8122
                    ]
                ]
            }
        },
        {
            "type": "Feature",
            "id": "way/215118013",
            "properties": {},
            "geometry": {
                "type": "LineString",
                "coordinates": [
                    [
                        145.0305,
                        -37.8069
                    ],
                    [
                        145.0289,
                        -37.8075
                    ]
                ]
            }
        },
        {
            "type": "Feature",
            "id": "way/215120915",
            "properties": {},
            "geometry": {
                "type": "LineString",
                "coordinates": [
                    [
                        145.038,
                        -37.8083
                    ],
                    [
                        145.0381,
                        -37.8079
                    ]
                ]
            }
        },
        {
            "type": "Feature",
            "id": "way/215120917",
            "properties": {},
            "geometry": {
                "type": "LineString",
                "coordinates": [
                    [
                        145.0381,
                        -37.8079
                    ],
                    [
                        145.0379,
                        -37.8077
                    ]
                ]
            }
        },
        {
            "type": "Feature",
            "id": "way/215120918",
            "properties": {},
            "geometry": {
                "type": "LineString",
                "coordinates": [
                    [
                        145.0379,
                        -37.8077
                    ],
                    [
                        145.0381,
                        -37.8079
                    ]
                ]
            }
        },
        {
            "type": "Feature",
            "id": "way/215189426",
            "properties": {},
            "geometry": {
                "type": "LineString",
                "coordinates": [
                    [
                        145.0305,
                        -37.8069
                    ],
                    [
                        145.0607,
                        -37.8103
                    ]
                ]
            }
        },
        {
            "type": "Feature",
            "id": "way/215189602",
            "properties": {},
            "geometry": {
                "type": "LineString",
                "coordinates": [
                    [
                        145.12,
                        -37.8175
                    ],
                    [
                        145.0607,
                        -37.8104
                    ]
                ]
            }
        },
        {
            "type": "Feature",
            "id": "way/215253601",
            "properties": {},
            "geometry": {
                "type": "LineString",
                "coordinates": [
                    [
                        145.0975,
                        -37.8148
                    ],
                    [
                        145.0972,
                        -37.8148
                    ]
                ]
            }
        },
        {
            "type": "Feature",
            "id": "way/215312073",
            "properties": {},
            "geometry": {
                "type": "LineString",
                "coordinates": [
                    [
                        144.9557,
                        -37.8186
                    ],
                    [
                        144.9555,
                        -37.8187
                    ]
                ]
            }
        },
        {
            "type": "Feature",
            "id": "way/215320914",
            "properties": {},
            "geometry": {
                "type": "LineString",
                "coordinates": [
                    [
                        144.9628,
                        -37.8166
                    ],
                    [
                        144.9631,
                        -37.8165
                    ]
                ]
            }
        },
        {
            "type": "Feature",
            "id": "way/215321175",
            "properties": {},
            "geometry": {
                "type": "LineString",
                "coordinates": [
                    [
                        144.9696,
                        -37.8146
                    ],
                    [
                        144.9698,
                        -37.8145
                    ]
                ]
            }
        },
        {
            "type": "Feature",
            "id": "way/215351629",
            "properties": {},
            "geometry": {
                "type": "LineString",
                "coordinates": [
                    [
                        145.0305,
                        -37.8069
                    ],
                    [
                        145.0462,
                        -37.8012
                    ],
                    [
                        145.064,
                        -37.7934
                    ]
                ]
            }
        },
        {
            "type": "Feature",
            "id": "way/215380070",
            "properties": {},
            "geometry": {
                "type": "LineString",
                "coordinates": [
                    [
                        145.064,
                        -37.7934
                    ],
                    [
                        145.0466,
                        -37.8011
                    ],
                    [
                        145.0305,
                        -37.8069
                    ]
                ]
            }
        },
        {
            "type": "Feature",
            "id": "way/215386636",
            "properties": {},
            "geometry": {
                "type": "LineString",
                "coordinates": [
                    [
                        145.0847,
                        -37.7947
                    ],
                    [
                        145.0841,
                        -37.7946
                    ]
                ]
            }
        },
        {
            "type": "Feature",
            "id": "way/215481594",
            "properties": {},
            "geometry": {
                "type": "LineString",
                "coordinates": [
                    [
                        144.9828,
                        -37.8556
                    ],
                    [
                        144.9825,
                        -37.8554
                    ]
                ]
            }
        },
        {
            "type": "Feature",
            "id": "way/215504243",
            "properties": {},
            "geometry": {
                "type": "LineString",
                "coordinates": [
                    [
                        144.9979,
                        -37.8259
                    ],
                    [
                        144.9978,
                        -37.8257
                    ],
                    [
                        144.9976,
                        -37.8257
                    ]
                ]
            }
        },
        {
            "type": "Feature",
            "id": "way/215504244",
            "properties": {},
            "geometry": {
                "type": "LineString",
                "coordinates": [
                    [
                        144.9977,
                        -37.8256
                    ],
                    [
                        144.9979,
                        -37.8257
                    ],
                    [
                        144.9979,
                        -37.8259
                    ]
                ]
            }
        },
        {
            "type": "Feature",
            "id": "way/215504486",
            "properties": {},
            "geometry": {
                "type": "LineString",
                "coordinates": [
                    [
                        145.0006,
                        -37.8111
                    ],
                    [
                        144.9978,
                        -37.8264
                    ]
                ]
            }
        },
        {
            "type": "Feature",
            "id": "way/215504487",
            "properties": {},
            "geometry": {
                "type": "LineString",
                "coordinates": [
                    [
                        144.9977,
                        -37.8266
                    ],
                    [
                        144.9978,
                        -37.8264
                    ]
                ]
            }
        },
        {
            "type": "Feature",
            "id": "way/215504488",
            "properties": {},
            "geometry": {
                "type": "LineString",
                "coordinates": [
                    [
                        144.9966,
                        -37.8337
                    ],
                    [
                        144.9967,
                        -37.8323
                    ],
                    [
                        144.9977,
                        -37.8266
                    ]
                ]
            }
        },
        {
            "type": "Feature",
            "id": "way/215504492",
            "properties": {},
            "geometry": {
                "type": "LineString",
                "coordinates": [
                    [
                        144.9966,
                        -37.8346
                    ],
                    [
                        144.9966,
                        -37.8337
                    ]
                ]
            }
        },
        {
            "type": "Feature",
            "id": "way/215504493",
            "properties": {},
            "geometry": {
                "type": "LineString",
                "coordinates": [
                    [
                        144.9978,
                        -37.8264
                    ],
                    [
                        144.9978,
                        -37.8266
                    ]
                ]
            }
        },
        {
            "type": "Feature",
            "id": "way/215504494",
            "properties": {},
            "geometry": {
                "type": "LineString",
                "coordinates": [
                    [
                        144.9978,
                        -37.8264
                    ],
                    [
                        145.0006,
                        -37.8111
                    ]
                ]
            }
        },
        {
            "type": "Feature",
            "id": "way/215504495",
            "properties": {},
            "geometry": {
                "type": "LineString",
                "coordinates": [
                    [
                        144.9978,
                        -37.8266
                    ],
                    [
                        144.9968,
                        -37.8323
                    ],
                    [
                        144.9967,
                        -37.8337
                    ]
                ]
            }
        },
        {
            "type": "Feature",
            "id": "way/215504903",
            "properties": {},
            "geometry": {
                "type": "LineString",
                "coordinates": [
                    [
                        145.0137,
                        -37.8274
                    ],
                    [
                        145.0141,
                        -37.8274
                    ]
                ]
            }
        },
        {
            "type": "Feature",
            "id": "way/215504905",
            "properties": {},
            "geometry": {
                "type": "LineString",
                "coordinates": [
                    [
                        145.0141,
                        -37.8275
                    ],
                    [
                        145.0136,
                        -37.8274
                    ]
                ]
            }
        },
        {
            "type": "Feature",
            "id": "way/215504906",
            "properties": {},
            "geometry": {
                "type": "LineString",
                "coordinates": [
                    [
                        145.0136,
                        -37.8274
                    ],
                    [
                        144.9891,
                        -37.8247
                    ]
                ]
            }
        },
        {
            "type": "Feature",
            "id": "way/215522606",
            "properties": {},
            "geometry": {
                "type": "LineString",
                "coordinates": [
                    [
                        145.023,
                        -37.8266
                    ],
                    [
                        145.022,
                        -37.8265
                    ]
                ]
            }
        },
        {
            "type": "Feature",
            "id": "way/215522607",
            "properties": {},
            "geometry": {
                "type": "LineString",
                "coordinates": [
                    [
                        145.0141,
                        -37.8274
                    ],
                    [
                        145.016,
                        -37.8275
                    ],
                    [
                        145.0201,
                        -37.8265
                    ]
                ]
            }
        },
        {
            "type": "Feature",
            "id": "way/215522608",
            "properties": {},
            "geometry": {
                "type": "LineString",
                "coordinates": [
                    [
                        145.0201,
                        -37.8265
                    ],
                    [
                        145.016,
                        -37.8275
                    ],
                    [
                        145.0141,
                        -37.8275
                    ]
                ]
            }
        },
        {
            "type": "Feature",
            "id": "way/215522609",
            "properties": {},
            "geometry": {
                "type": "LineString",
                "coordinates": [
                    [
                        145.022,
                        -37.8265
                    ],
                    [
                        145.023,
                        -37.8266
                    ]
                ]
            }
        },
        {
            "type": "Feature",
            "id": "way/215557235",
            "properties": {},
            "geometry": {
                "type": "LineString",
                "coordinates": [
                    [
                        145.0164,
                        -37.82
                    ],
                    [
                        145.0176,
                        -37.8205
                    ],
                    [
                        145.0238,
                        -37.8212
                    ]
                ]
            }
        },
        {
            "type": "Feature",
            "id": "way/215557236",
            "properties": {},
            "geometry": {
                "type": "LineString",
                "coordinates": [
                    [
                        145.0238,
                        -37.8212
                    ],
                    [
                        145.0242,
                        -37.8213
                    ]
                ]
            }
        },
        {
            "type": "Feature",
            "id": "way/215558990",
            "properties": {},
            "geometry": {
                "type": "LineString",
                "coordinates": [
                    [
                        145.0238,
                        -37.8213
                    ],
                    [
                        145.0176,
                        -37.8205
                    ],
                    [
                        145.0164,
                        -37.82
                    ]
                ]
            }
        },
        {
            "type": "Feature",
            "id": "way/215558993",
            "properties": {},
            "geometry": {
                "type": "LineString",
                "coordinates": [
                    [
                        145.0263,
                        -37.8216
                    ],
                    [
                        145.0264,
                        -37.8217
                    ],
                    [
                        145.0261,
                        -37.8234
                    ],
                    [
                        145.0253,
                        -37.827
                    ],
                    [
                        145.0255,
                        -37.8273
                    ]
                ]
            }
        },
        {
            "type": "Feature",
            "id": "way/215559000",
            "properties": {},
            "geometry": {
                "type": "LineString",
                "coordinates": [
                    [
                        145.0241,
                        -37.8213
                    ],
                    [
                        145.0238,
                        -37.8213
                    ]
                ]
            }
        },
        {
            "type": "Feature",
            "id": "way/215654366",
            "properties": {},
            "geometry": {
                "type": "LineString",
                "coordinates": [
                    [
                        145.0243,
                        -37.8273
                    ],
                    [
                        145.025,
                        -37.8275
                    ]
                ]
            }
        },
        {
            "type": "Feature",
            "id": "way/215654368",
            "properties": {},
            "geometry": {
                "type": "LineString",
                "coordinates": [
                    [
                        145.023,
                        -37.8266
                    ],
                    [
                        145.0255,
                        -37.8273
                    ]
                ]
            }
        },
        {
            "type": "Feature",
            "id": "way/215665350",
            "properties": {},
            "geometry": {
                "type": "LineString",
                "coordinates": [
                    [
                        145.0255,
                        -37.8273
                    ],
                    [
                        145.0261,
                        -37.8278
                    ],
                    [
                        145.034,
                        -37.8287
                    ]
                ]
            }
        },
        {
            "type": "Feature",
            "id": "way/215665351",
            "properties": {},
            "geometry": {
                "type": "LineString",
                "coordinates": [
                    [
                        145.0254,
                        -37.8274
                    ],
                    [
                        145.023,
                        -37.8266
                    ]
                ]
            }
        },
        {
            "type": "Feature",
            "id": "way/215665352",
            "properties": {},
            "geometry": {
                "type": "LineString",
                "coordinates": [
                    [
                        145.0254,
                        -37.8274
                    ],
                    [
                        145.0253,
                        -37.8271
                    ],
                    [
                        145.0255,
                        -37.8262
                    ],
                    [
                        145.0263,
                        -37.8216
                    ]
                ]
            }
        },
        {
            "type": "Feature",
            "id": "way/215671443",
            "properties": {},
            "geometry": {
                "type": "LineString",
                "coordinates": [
                    [
                        145.0327,
                        -37.8372
                    ],
                    [
                        145.0342,
                        -37.829
                    ]
                ]
            }
        },
        {
            "type": "Feature",
            "id": "way/215671444",
            "properties": {},
            "geometry": {
                "type": "LineString",
                "coordinates": [
                    [
                        145.0342,
                        -37.8289
                    ],
                    [
                        145.0327,
                        -37.8372
                    ]
                ]
            }
        },
        {
            "type": "Feature",
            "id": "way/215671445",
            "properties": {},
            "geometry": {
                "type": "LineString",
                "coordinates": [
                    [
                        145.0327,
                        -37.8372
                    ],
                    [
                        145.0327,
                        -37.8375
                    ]
                ]
            }
        },
        {
            "type": "Feature",
            "id": "way/215671449",
            "properties": {},
            "geometry": {
                "type": "LineString",
                "coordinates": [
                    [
                        145.0327,
                        -37.8375
                    ],
                    [
                        145.0327,
                        -37.8372
                    ]
                ]
            }
        },
        {
            "type": "Feature",
            "id": "way/215671542",
            "properties": {},
            "geometry": {
                "type": "LineString",
                "coordinates": [
                    [
                        145.0327,
                        -37.8375
                    ],
                    [
                        145.03,
                        -37.8518
                    ]
                ]
            }
        },
        {
            "type": "Feature",
            "id": "way/215671643",
            "properties": {},
            "geometry": {
                "type": "LineString",
                "coordinates": [
                    [
                        145.034,
                        -37.8287
                    ],
                    [
                        145.0543,
                        -37.8311
                    ]
                ]
            }
        },
        {
            "type": "Feature",
            "id": "way/215671795",
            "properties": {},
            "geometry": {
                "type": "LineString",
                "coordinates": [
                    [
                        145.034,
                        -37.8287
                    ],
                    [
                        145.0342,
                        -37.8288
                    ],
                    [
                        145.0342,
                        -37.8289
                    ]
                ]
            }
        },
        {
            "type": "Feature",
            "id": "way/215671796",
            "properties": {},
            "geometry": {
                "type": "LineString",
                "coordinates": [
                    [
                        145.0342,
                        -37.829
                    ],
                    [
                        145.0341,
                        -37.8288
                    ],
                    [
                        145.0339,
                        -37.8287
                    ]
                ]
            }
        },
        {
            "type": "Feature",
            "id": "way/215689220",
            "properties": {},
            "geometry": {
                "type": "LineString",
                "coordinates": [
                    [
                        145.0339,
                        -37.8287
                    ],
                    [
                        145.026,
                        -37.8278
                    ],
                    [
                        145.0254,
                        -37.8274
                    ]
                ]
            }
        },
        {
            "type": "Feature",
            "id": "way/215723056",
            "properties": {},
            "geometry": {
                "type": "LineString",
                "coordinates": [
                    [
                        145.0342,
                        -37.829
                    ],
                    [
                        145.038,
                        -37.8083
                    ]
                ]
            }
        },
        {
            "type": "Feature",
            "id": "way/215723960",
            "properties": {},
            "geometry": {
                "type": "LineString",
                "coordinates": [
                    [
                        145.038,
                        -37.8083
                    ],
                    [
                        145.0342,
                        -37.8289
                    ]
                ]
            }
        },
        {
            "type": "Feature",
            "id": "way/215941965",
            "properties": {},
            "geometry": {
                "type": "LineString",
                "coordinates": [
                    [
                        145.0546,
                        -37.8309
                    ],
                    [
                        145.0543,
                        -37.8311
                    ]
                ]
            }
        },
        {
            "type": "Feature",
            "id": "way/215942485",
            "properties": {},
            "geometry": {
                "type": "LineString",
                "coordinates": [
                    [
                        145.0543,
                        -37.8311
                    ],
                    [
                        145.0545,
                        -37.8309
                    ]
                ]
            }
        },
        {
            "type": "Feature",
            "id": "way/215942829",
            "properties": {},
            "geometry": {
                "type": "LineString",
                "coordinates": [
                    [
                        145.0546,
                        -37.8309
                    ],
                    [
                        145.0548,
                        -37.8311
                    ]
                ]
            }
        },
        {
            "type": "Feature",
            "id": "way/215942831",
            "properties": {},
            "geometry": {
                "type": "LineString",
                "coordinates": [
                    [
                        145.0547,
                        -37.8312
                    ],
                    [
                        145.0546,
                        -37.8311
                    ],
                    [
                        145.0545,
                        -37.8309
                    ]
                ]
            }
        },
        {
            "type": "Feature",
            "id": "way/215947790",
            "properties": {},
            "geometry": {
                "type": "LineString",
                "coordinates": [
                    [
                        145.0547,
                        -37.8312
                    ],
                    [
                        145.0339,
                        -37.8287
                    ]
                ]
            }
        },
        {
            "type": "Feature",
            "id": "way/215947796",
            "properties": {},
            "geometry": {
                "type": "LineString",
                "coordinates": [
                    [
                        145.0547,
                        -37.8306
                    ],
                    [
                        145.0547,
                        -37.8303
                    ]
                ]
            }
        },
        {
            "type": "Feature",
            "id": "way/215952933",
            "properties": {},
            "geometry": {
                "type": "LineString",
                "coordinates": [
                    [
                        145.06,
                        -37.8318
                    ],
                    [
                        145.0603,
                        -37.8318
                    ]
                ]
            }
        },
        {
            "type": "Feature",
            "id": "way/216072179",
            "properties": {},
            "geometry": {
                "type": "LineString",
                "coordinates": [
                    [
                        145.0565,
                        -37.8313
                    ],
                    [
                        145.057,
                        -37.8315
                    ],
                    [
                        145.061,
                        -37.835
                    ],
                    [
                        145.0759,
                        -37.8481
                    ]
                ]
            }
        },
        {
            "type": "Feature",
            "id": "way/216103227",
            "properties": {},
            "geometry": {
                "type": "LineString",
                "coordinates": [
                    [
                        145.0737,
                        -37.8462
                    ],
                    [
                        145.0734,
                        -37.846
                    ]
                ]
            }
        },
        {
            "type": "Feature",
            "id": "way/216272039",
            "properties": {},
            "geometry": {
                "type": "LineString",
                "coordinates": [
                    [
                        145.0956,
                        -37.8504
                    ],
                    [
                        145.0758,
                        -37.8481
                    ]
                ]
            }
        },
        {
            "type": "Feature",
            "id": "way/216550189",
            "properties": {},
            "geometry": {
                "type": "LineString",
                "coordinates": [
                    [
                        145.0831,
                        -37.8343
                    ],
                    [
                        145.0833,
                        -37.8343
                    ]
                ]
            }
        },
        {
            "type": "Feature",
            "id": "way/216569129",
            "properties": {},
            "geometry": {
                "type": "LineString",
                "coordinates": [
                    [
                        144.9719,
                        -37.8325
                    ],
                    [
                        144.9718,
                        -37.8325
                    ]
                ]
            }
        },
        {
            "type": "Feature",
            "id": "way/216617062",
            "properties": {},
            "geometry": {
                "type": "LineString",
                "coordinates": [
                    [
                        145.0802,
                        -37.8341
                    ],
                    [
                        145.0838,
                        -37.8343
                    ],
                    [
                        145.0982,
                        -37.836
                    ],
                    [
                        145.1024,
                        -37.8366
                    ],
                    [
                        145.1103,
                        -37.8376
                    ]
                ]
            }
        },
        {
            "type": "Feature",
            "id": "way/216617063",
            "properties": {},
            "geometry": {
                "type": "LineString",
                "coordinates": [
                    [
                        145.1103,
                        -37.8376
                    ],
                    [
                        145.1024,
                        -37.8367
                    ],
                    [
                        145.0982,
                        -37.836
                    ],
                    [
                        145.0838,
                        -37.8343
                    ],
                    [
                        145.0813,
                        -37.8342
                    ],
                    [
                        145.0565,
                        -37.8314
                    ]
                ]
            }
        },
        {
            "type": "Feature",
            "id": "way/216621656",
            "properties": {},
            "geometry": {
                "type": "LineString",
                "coordinates": [
                    [
                        145.1335,
                        -37.8521
                    ],
                    [
                        145.1332,
                        -37.8521
                    ]
                ]
            }
        },
        {
            "type": "Feature",
            "id": "way/216690325",
            "properties": {},
            "geometry": {
                "type": "LineString",
                "coordinates": [
                    [
                        145.1531,
                        -37.8527
                    ],
                    [
                        145.1529,
                        -37.8527
                    ]
                ]
            }
        },
        {
            "type": "Feature",
            "id": "way/216692037",
            "properties": {},
            "geometry": {
                "type": "LineString",
                "coordinates": [
                    [
                        145.0956,
                        -37.8504
                    ],
                    [
                        145.0988,
                        -37.8507
                    ],
                    [
                        145.0998,
                        -37.8507
                    ],
                    [
                        145.1036,
                        -37.8503
                    ],
                    [
                        145.1078,
                        -37.8496
                    ],
                    [
                        145.1101,
                        -37.8495
                    ],
                    [
                        145.1118,
                        -37.8496
                    ],
                    [
                        145.1343,
                        -37.8522
                    ],
                    [
                        145.1356,
                        -37.8521
                    ],
                    [
                        145.1391,
                        -37.8513
                    ],
                    [
                        145.1408,
                        -37.8512
                    ],
                    [
                        145.154,
                        -37.8528
                    ],
                    [
                        145.1618,
                        -37.854
                    ],
                    [
                        145.1812,
                        -37.8563
                    ]
                ]
            }
        },
        {
            "type": "Feature",
            "id": "way/216692990",
            "properties": {},
            "geometry": {
                "type": "LineString",
                "coordinates": [
                    [
                        145.0758,
                        -37.8481
                    ],
                    [
                        145.061,
                        -37.835
                    ],
                    [
                        145.0569,
                        -37.8315
                    ],
                    [
                        145.0565,
                        -37.8314
                    ]
                ]
            }
        },
        {
            "type": "Feature",
            "id": "way/216692999",
            "properties": {},
            "geometry": {
                "type": "LineString",
                "coordinates": [
                    [
                        145.0759,
                        -37.8481
                    ],
                    [
                        145.0956,
                        -37.8504
                    ]
                ]
            }
        },
        {
            "type": "Feature",
            "id": "way/216702397",
            "properties": {},
            "geometry": {
                "type": "LineString",
                "coordinates": [
                    [
                        145.1815,
                        -37.8564
                    ],
                    [
                        145.1618,
                        -37.854
                    ],
                    [
                        145.1536,
                        -37.8528
                    ],
                    [
                        145.1408,
                        -37.8512
                    ],
                    [
                        145.1391,
                        -37.8513
                    ],
                    [
                        145.1357,
                        -37.8521
                    ],
                    [
                        145.1343,
                        -37.8522
                    ],
                    [
                        145.1118,
                        -37.8496
                    ],
                    [
                        145.1101,
                        -37.8495
                    ],
                    [
                        145.1078,
                        -37.8496
                    ],
                    [
                        145.1037,
                        -37.8503
                    ],
                    [
                        145.0998,
                        -37.8507
                    ],
                    [
                        145.0989,
                        -37.8507
                    ],
                    [
                        145.0956,
                        -37.8504
                    ]
                ]
            }
        },
        {
            "type": "Feature",
            "id": "way/216727321",
            "properties": {},
            "geometry": {
                "type": "LineString",
                "coordinates": [
                    [
                        145.1823,
                        -37.8565
                    ],
                    [
                        145.1815,
                        -37.8564
                    ]
                ]
            }
        },
        {
            "type": "Feature",
            "id": "way/216727322",
            "properties": {},
            "geometry": {
                "type": "LineString",
                "coordinates": [
                    [
                        145.1815,
                        -37.8563
                    ],
                    [
                        145.1812,
                        -37.8563
                    ]
                ]
            }
        },
        {
            "type": "Feature",
            "id": "way/216727323",
            "properties": {},
            "geometry": {
                "type": "LineString",
                "coordinates": [
                    [
                        145.1812,
                        -37.8563
                    ],
                    [
                        145.1815,
                        -37.8564
                    ]
                ]
            }
        },
        {
            "type": "Feature",
            "id": "way/216727324",
            "properties": {},
            "geometry": {
                "type": "LineString",
                "coordinates": [
                    [
                        145.1815,
                        -37.8563
                    ],
                    [
                        145.1824,
                        -37.8564
                    ]
                ]
            }
        },
        {
            "type": "Feature",
            "id": "way/216920784",
            "properties": {},
            "geometry": {
                "type": "LineString",
                "coordinates": [
                    [
                        144.9714,
                        -37.8324
                    ],
                    [
                        144.9679,
                        -37.8334
                    ]
                ]
            }
        },
        {
            "type": "Feature",
            "id": "way/217018479",
            "properties": {},
            "geometry": {
                "type": "LineString",
                "coordinates": [
                    [
                        144.9719,
                        -37.8323
                    ],
                    [
                        144.9724,
                        -37.8329
                    ],
                    [
                        144.9742,
                        -37.8342
                    ],
                    [
                        144.9749,
                        -37.835
                    ]
                ]
            }
        },
        {
            "type": "Feature",
            "id": "way/217018849",
            "properties": {},
            "geometry": {
                "type": "LineString",
                "coordinates": [
                    [
                        144.9698,
                        -37.8225
                    ],
                    [
                        144.971,
                        -37.8252
                    ],
                    [
                        144.9713,
                        -37.826
                    ],
                    [
                        144.9715,
                        -37.8273
                    ],
                    [
                        144.9713,
                        -37.8292
                    ],
                    [
                        144.9714,
                        -37.831
                    ],
                    [
                        144.9715,
                        -37.8317
                    ],
                    [
                        144.9719,
                        -37.8323
                    ]
                ]
            }
        },
        {
            "type": "Feature",
            "id": "way/217020449",
            "properties": {},
            "geometry": {
                "type": "LineString",
                "coordinates": [
                    [
                        144.9716,
                        -37.8323
                    ],
                    [
                        144.9719,
                        -37.8323
                    ]
                ]
            }
        },
        {
            "type": "Feature",
            "id": "way/217020716",
            "properties": {},
            "geometry": {
                "type": "LineString",
                "coordinates": [
                    [
                        144.9723,
                        -37.8332
                    ],
                    [
                        144.972,
                        -37.833
                    ],
                    [
                        144.9718,
                        -37.8325
                    ],
                    [
                        144.9714,
                        -37.8324
                    ]
                ]
            }
        },
        {
            "type": "Feature",
            "id": "way/217020808",
            "properties": {},
            "geometry": {
                "type": "LineString",
                "coordinates": [
                    [
                        144.9723,
                        -37.8332
                    ],
                    [
                        144.9719,
                        -37.8325
                    ]
                ]
            }
        },
        {
            "type": "Feature",
            "id": "way/217038809",
            "properties": {},
            "geometry": {
                "type": "LineString",
                "coordinates": [
                    [
                        144.9757,
                        -37.8362
                    ],
                    [
                        144.9767,
                        -37.8369
                    ],
                    [
                        144.9777,
                        -37.8372
                    ],
                    [
                        144.9919,
                        -37.839
                    ]
                ]
            }
        },
        {
            "type": "Feature",
            "id": "way/217203813",
            "properties": {},
            "geometry": {
                "type": "LineString",
                "coordinates": [
                    [
                        144.9651,
                        -37.831
                    ],
                    [
                        144.965,
                        -37.8306
                    ]
                ]
            }
        },
        {
            "type": "Feature",
            "id": "way/217203814",
            "properties": {},
            "geometry": {
                "type": "LineString",
                "coordinates": [
                    [
                        144.965,
                        -37.8306
                    ],
                    [
                        144.9651,
                        -37.831
                    ]
                ]
            }
        },
        {
            "type": "Feature",
            "id": "way/217203815",
            "properties": {},
            "geometry": {
                "type": "LineString",
                "coordinates": [
                    [
                        144.9653,
                        -37.831
                    ],
                    [
                        144.9652,
                        -37.8305
                    ]
                ]
            }
        },
        {
            "type": "Feature",
            "id": "way/217203816",
            "properties": {},
            "geometry": {
                "type": "LineString",
                "coordinates": [
                    [
                        144.9653,
                        -37.8305
                    ],
                    [
                        144.9654,
                        -37.831
                    ]
                ]
            }
        },
        {
            "type": "Feature",
            "id": "way/217210021",
            "properties": {},
            "geometry": {
                "type": "LineString",
                "coordinates": [
                    [
                        144.9648,
                        -37.8343
                    ],
                    [
                        144.9619,
                        -37.8352
                    ]
                ]
            }
        },
        {
            "type": "Feature",
            "id": "way/217210024",
            "properties": {},
            "geometry": {
                "type": "LineString",
                "coordinates": [
                    [
                        144.9678,
                        -37.8235
                    ],
                    [
                        144.9689,
                        -37.8236
                    ]
                ]
            }
        },
        {
            "type": "Feature",
            "id": "way/217210025",
            "properties": {},
            "geometry": {
                "type": "LineString",
                "coordinates": [
                    [
                        144.9638,
                        -37.8294
                    ],
                    [
                        144.9676,
                        -37.8333
                    ],
                    [
                        144.9679,
                        -37.8334
                    ]
                ]
            }
        },
        {
            "type": "Feature",
            "id": "way/217210409",
            "properties": {},
            "geometry": {
                "type": "LineString",
                "coordinates": [
                    [
                        144.9602,
                        -37.8258
                    ],
                    [
                        144.9601,
                        -37.8254
                    ],
                    [
                        144.9613,
                        -37.8216
                    ],
                    [
                        144.9614,
                        -37.8209
                    ]
                ]
            }
        },
        {
            "type": "Feature",
            "id": "way/217377026",
            "properties": {},
            "geometry": {
                "type": "LineString",
                "coordinates": [
                    [
                        144.9688,
                        -37.8205
                    ],
                    [
                        144.9691,
                        -37.8211
                    ]
                ]
            }
        },
        {
            "type": "Feature",
            "id": "way/217382768",
            "properties": {},
            "geometry": {
                "type": "LineString",
                "coordinates": [
                    [
                        144.9562,
                        -37.8118
                    ],
                    [
                        144.9563,
                        -37.8115
                    ]
                ]
            }
        },
        {
            "type": "Feature",
            "id": "way/217382769",
            "properties": {},
            "geometry": {
                "type": "LineString",
                "coordinates": [
                    [
                        144.9564,
                        -37.8115
                    ],
                    [
                        144.9562,
                        -37.8118
                    ]
                ]
            }
        },
        {
            "type": "Feature",
            "id": "way/217382822",
            "properties": {},
            "geometry": {
                "type": "LineString",
                "coordinates": [
                    [
                        144.9564,
                        -37.8115
                    ],
                    [
                        144.9595,
                        -37.8184
                    ],
                    [
                        144.9597,
                        -37.8185
                    ]
                ]
            }
        },
        {
            "type": "Feature",
            "id": "way/217382825",
            "properties": {},
            "geometry": {
                "type": "LineString",
                "coordinates": [
                    [
                        144.9567,
                        -37.8117
                    ],
                    [
                        144.9565,
                        -37.8119
                    ]
                ]
            }
        },
        {
            "type": "Feature",
            "id": "way/217382826",
            "properties": {},
            "geometry": {
                "type": "LineString",
                "coordinates": [
                    [
                        144.9565,
                        -37.8119
                    ],
                    [
                        144.9565,
                        -37.8118
                    ],
                    [
                        144.9567,
                        -37.8116
                    ]
                ]
            }
        },
        {
            "type": "Feature",
            "id": "way/217383837",
            "properties": {},
            "geometry": {
                "type": "LineString",
                "coordinates": [
                    [
                        144.9558,
                        -37.8264
                    ],
                    [
                        144.955,
                        -37.8275
                    ],
                    [
                        144.9546,
                        -37.8284
                    ],
                    [
                        144.9544,
                        -37.8292
                    ],
                    [
                        144.9545,
                        -37.8305
                    ]
                ]
            }
        },
        {
            "type": "Feature",
            "id": "way/217383859",
            "properties": {},
            "geometry": {
                "type": "LineString",
                "coordinates": [
                    [
                        144.9545,
                        -37.8305
                    ],
                    [
                        144.9545,
                        -37.8309
                    ]
                ]
            }
        },
        {
            "type": "Feature",
            "id": "way/217383860",
            "properties": {},
            "geometry": {
                "type": "LineString",
                "coordinates": [
                    [
                        144.9549,
                        -37.8321
                    ],
                    [
                        144.9545,
                        -37.8309
                    ]
                ]
            }
        },
        {
            "type": "Feature",
            "id": "way/217383861",
            "properties": {},
            "geometry": {
                "type": "LineString",
                "coordinates": [
                    [
                        144.9549,
                        -37.8322
                    ],
                    [
                        144.9549,
                        -37.8321
                    ]
                ]
            }
        },
        {
            "type": "Feature",
            "id": "way/217383862",
            "properties": {},
            "geometry": {
                "type": "LineString",
                "coordinates": [
                    [
                        144.9545,
                        -37.8309
                    ],
                    [
                        144.9549,
                        -37.832
                    ]
                ]
            }
        },
        {
            "type": "Feature",
            "id": "way/217383864",
            "properties": {},
            "geometry": {
                "type": "LineString",
                "coordinates": [
                    [
                        144.9545,
                        -37.8309
                    ],
                    [
                        144.9544,
                        -37.8305
                    ]
                ]
            }
        },
        {
            "type": "Feature",
            "id": "way/217383865",
            "properties": {},
            "geometry": {
                "type": "LineString",
                "coordinates": [
                    [
                        144.9549,
                        -37.832
                    ],
                    [
                        144.955,
                        -37.8322
                    ]
                ]
            }
        },
        {
            "type": "Feature",
            "id": "way/217383866",
            "properties": {},
            "geometry": {
                "type": "LineString",
                "coordinates": [
                    [
                        144.9544,
                        -37.8305
                    ],
                    [
                        144.9544,
                        -37.829
                    ],
                    [
                        144.9548,
                        -37.8277
                    ]
                ]
            }
        },
        {
            "type": "Feature",
            "id": "way/217393155",
            "properties": {},
            "geometry": {
                "type": "LineString",
                "coordinates": [
                    [
                        144.9595,
                        -37.8418
                    ],
                    [
                        144.9597,
                        -37.8422
                    ]
                ]
            }
        },
        {
            "type": "Feature",
            "id": "way/217393156",
            "properties": {},
            "geometry": {
                "type": "LineString",
                "coordinates": [
                    [
                        144.9596,
                        -37.8422
                    ],
                    [
                        144.9595,
                        -37.8418
                    ]
                ]
            }
        },
        {
            "type": "Feature",
            "id": "way/217396927",
            "properties": {},
            "geometry": {
                "type": "LineString",
                "coordinates": [
                    [
                        144.9787,
                        -37.859
                    ],
                    [
                        144.9828,
                        -37.8567
                    ],
                    [
                        144.9829,
                        -37.8565
                    ],
                    [
                        144.9828,
                        -37.8561
                    ]
                ]
            }
        },
        {
            "type": "Feature",
            "id": "way/217396931",
            "properties": {},
            "geometry": {
                "type": "LineString",
                "coordinates": [
                    [
                        144.9597,
                        -37.8422
                    ],
                    [
                        144.9608,
                        -37.844
                    ],
                    [
                        144.962,
                        -37.8458
                    ],
                    [
                        144.9645,
                        -37.8486
                    ],
                    [
                        144.9673,
                        -37.851
                    ],
                    [
                        144.9745,
                        -37.8565
                    ],
                    [
                        144.9772,
                        -37.8589
                    ],
                    [
                        144.9777,
                        -37.8594
                    ],
                    [
                        144.9776,
                        -37.8597
                    ]
                ]
            }
        },
        {
            "type": "Feature",
            "id": "way/217396934",
            "properties": {},
            "geometry": {
                "type": "LineString",
                "coordinates": [
                    [
                        144.9787,
                        -37.859
                    ],
                    [
                        144.9776,
                        -37.8597
                    ]
                ]
            }
        },
        {
            "type": "Feature",
            "id": "way/217396935",
            "properties": {},
            "geometry": {
                "type": "LineString",
                "coordinates": [
                    [
                        144.9775,
                        -37.8596
                    ],
                    [
                        144.9776,
                        -37.8594
                    ],
                    [
                        144.9771,
                        -37.8588
                    ],
                    [
                        144.9745,
                        -37.8565
                    ],
                    [
                        144.9672,
                        -37.8511
                    ],
                    [
                        144.9644,
                        -37.8486
                    ],
                    [
                        144.962,
                        -37.8458
                    ],
                    [
                        144.9607,
                        -37.8441
                    ],
                    [
                        144.9596,
                        -37.8422
                    ]
                ]
            }
        },
        {
            "type": "Feature",
            "id": "way/217396939",
            "properties": {},
            "geometry": {
                "type": "LineString",
                "coordinates": [
                    [
                        144.9775,
                        -37.8596
                    ],
                    [
                        144.9787,
                        -37.859
                    ]
                ]
            }
        },
        {
            "type": "Feature",
            "id": "way/217398114",
            "properties": {},
            "geometry": {
                "type": "LineString",
                "coordinates": [
                    [
                        144.9666,
                        -37.8506
                    ],
                    [
                        144.9669,
                        -37.8508
                    ]
                ]
            }
        },
        {
            "type": "Feature",
            "id": "way/217406327",
            "properties": {},
            "geometry": {
                "type": "LineString",
                "coordinates": [
                    [
                        144.9919,
                        -37.839
                    ],
                    [
                        144.9778,
                        -37.8372
                    ],
                    [
                        144.9767,
                        -37.8369
                    ],
                    [
                        144.9754,
                        -37.8361
                    ]
                ]
            }
        },
        {
            "type": "Feature",
            "id": "way/217406728",
            "properties": {},
            "geometry": {
                "type": "LineString",
                "coordinates": [
                    [
                        144.9924,
                        -37.8391
                    ],
                    [
                        144.9919,
                        -37.839
                    ]
                ]
            }
        },
        {
            "type": "Feature",
            "id": "way/217406730",
            "properties": {},
            "geometry": {
                "type": "LineString",
                "coordinates": [
                    [
                        144.9924,
                        -37.8391
                    ],
                    [
                        145.0296,
                        -37.8436
                    ]
                ]
            }
        },
        {
            "type": "Feature",
            "id": "way/217406732",
            "properties": {},
            "geometry": {
                "type": "LineString",
                "coordinates": [
                    [
                        144.9919,
                        -37.839
                    ],
                    [
                        144.9924,
                        -37.8391
                    ]
                ]
            }
        },
        {
            "type": "Feature",
            "id": "way/217499721",
            "properties": {},
            "geometry": {
                "type": "LineString",
                "coordinates": [
                    [
                        144.9965,
                        -37.8351
                    ],
                    [
                        144.9941,
                        -37.8469
                    ],
                    [
                        144.9925,
                        -37.8564
                    ]
                ]
            }
        },
        {
            "type": "Feature",
            "id": "way/217505351",
            "properties": {},
            "geometry": {
                "type": "LineString",
                "coordinates": [
                    [
                        145.0605,
                        -37.8113
                    ],
                    [
                        145.0576,
                        -37.8265
                    ]
                ]
            }
        },
        {
            "type": "Feature",
            "id": "way/217505395",
            "properties": {},
            "geometry": {
                "type": "LineString",
                "coordinates": [
                    [
                        145.0605,
                        -37.8113
                    ],
                    [
                        145.0606,
                        -37.8109
                    ]
                ]
            }
        },
        {
            "type": "Feature",
            "id": "way/217505486",
            "properties": {},
            "geometry": {
                "type": "LineString",
                "coordinates": [
                    [
                        145.0576,
                        -37.8267
                    ],
                    [
                        145.0576,
                        -37.8265
                    ]
                ]
            }
        },
        {
            "type": "Feature",
            "id": "way/217505488",
            "properties": {},
            "geometry": {
                "type": "LineString",
                "coordinates": [
                    [
                        145.0576,
                        -37.8265
                    ],
                    [
                        145.0605,
                        -37.8113
                    ]
                ]
            }
        },
        {
            "type": "Feature",
            "id": "way/217505489",
            "properties": {},
            "geometry": {
                "type": "LineString",
                "coordinates": [
                    [
                        145.0576,
                        -37.8265
                    ],
                    [
                        145.0576,
                        -37.8267
                    ]
                ]
            }
        },
        {
            "type": "Feature",
            "id": "way/217505657",
            "properties": {},
            "geometry": {
                "type": "LineString",
                "coordinates": [
                    [
                        145.0577,
                        -37.8259
                    ],
                    [
                        145.0577,
                        -37.8261
                    ]
                ]
            }
        },
        {
            "type": "Feature",
            "id": "way/217509773",
            "properties": {},
            "geometry": {
                "type": "LineString",
                "coordinates": [
                    [
                        144.9558,
                        -37.8264
                    ],
                    [
                        144.955,
                        -37.827
                    ],
                    [
                        144.9537,
                        -37.8277
                    ]
                ]
            }
        },
        {
            "type": "Feature",
            "id": "way/217510883",
            "properties": {},
            "geometry": {
                "type": "LineString",
                "coordinates": [
                    [
                        144.9364,
                        -37.8376
                    ],
                    [
                        144.9409,
                        -37.8348
                    ]
                ]
            }
        },
        {
            "type": "Feature",
            "id": "way/217510884",
            "properties": {},
            "geometry": {
                "type": "LineString",
                "coordinates": [
                    [
                        144.9535,
                        -37.8277
                    ],
                    [
                        144.9533,
                        -37.8278
                    ]
                ]
            }
        },
        {
            "type": "Feature",
            "id": "way/217510885",
            "properties": {},
            "geometry": {
                "type": "LineString",
                "coordinates": [
                    [
                        144.9477,
                        -37.8307
                    ],
                    [
                        144.9475,
                        -37.8309
                    ]
                ]
            }
        },
        {
            "type": "Feature",
            "id": "way/217510886",
            "properties": {},
            "geometry": {
                "type": "LineString",
                "coordinates": [
                    [
                        144.9409,
                        -37.8349
                    ],
                    [
                        144.9364,
                        -37.8376
                    ]
                ]
            }
        },
        {
            "type": "Feature",
            "id": "way/217510887",
            "properties": {},
            "geometry": {
                "type": "LineString",
                "coordinates": [
                    [
                        144.9524,
                        -37.8281
                    ],
                    [
                        144.9496,
                        -37.8295
                    ]
                ]
            }
        },
        {
            "type": "Feature",
            "id": "way/217510888",
            "properties": {},
            "geometry": {
                "type": "LineString",
                "coordinates": [
                    [
                        144.9527,
                        -37.828
                    ],
                    [
                        144.9531,
                        -37.8279
                    ]
                ]
            }
        },
        {
            "type": "Feature",
            "id": "way/217510889",
            "properties": {},
            "geometry": {
                "type": "LineString",
                "coordinates": [
                    [
                        144.9491,
                        -37.8299
                    ],
                    [
                        144.9494,
                        -37.8297
                    ]
                ]
            }
        },
        {
            "type": "Feature",
            "id": "way/217510890",
            "properties": {},
            "geometry": {
                "type": "LineString",
                "coordinates": [
                    [
                        144.9494,
                        -37.8297
                    ],
                    [
                        144.9544,
                        -37.8273
                    ]
                ]
            }
        },
        {
            "type": "Feature",
            "id": "way/217510891",
            "properties": {},
            "geometry": {
                "type": "LineString",
                "coordinates": [
                    [
                        144.9494,
                        -37.8297
                    ],
                    [
                        144.9491,
                        -37.8299
                    ]
                ]
            }
        },
        {
            "type": "Feature",
            "id": "way/217528842",
            "properties": {},
            "geometry": {
                "type": "LineString",
                "coordinates": [
                    [
                        144.9595,
                        -37.8418
                    ],
                    [
                        144.9549,
                        -37.8322
                    ]
                ]
            }
        },
        {
            "type": "Feature",
            "id": "way/217528843",
            "properties": {},
            "geometry": {
                "type": "LineString",
                "coordinates": [
                    [
                        144.955,
                        -37.8322
                    ],
                    [
                        144.9595,
                        -37.8418
                    ]
                ]
            }
        },
        {
            "type": "Feature",
            "id": "way/217595692",
            "properties": {},
            "geometry": {
                "type": "LineString",
                "coordinates": [
                    [
                        144.9617,
                        -37.8354
                    ],
                    [
                        144.9617,
                        -37.8352
                    ],
                    [
                        144.9618,
                        -37.8351
                    ]
                ]
            }
        },
        {
            "type": "Feature",
            "id": "way/217595693",
            "properties": {},
            "geometry": {
                "type": "LineString",
                "coordinates": [
                    [
                        144.9618,
                        -37.8351
                    ],
                    [
                        144.9635,
                        -37.8347
                    ]
                ]
            }
        },
        {
            "type": "Feature",
            "id": "way/217595694",
            "properties": {},
            "geometry": {
                "type": "LineString",
                "coordinates": [
                    [
                        144.9619,
                        -37.8352
                    ],
                    [
                        144.9617,
                        -37.8354
                    ]
                ]
            }
        },
        {
            "type": "Feature",
            "id": "way/217600858",
            "properties": {},
            "geometry": {
                "type": "LineString",
                "coordinates": [
                    [
                        144.9619,
                        -37.8352
                    ],
                    [
                        144.9614,
                        -37.8353
                    ]
                ]
            }
        },
        {
            "type": "Feature",
            "id": "way/217600859",
            "properties": {},
            "geometry": {
                "type": "LineString",
                "coordinates": [
                    [
                        144.9617,
                        -37.8354
                    ],
                    [
                        144.9615,
                        -37.8351
                    ]
                ]
            }
        },
        {
            "type": "Feature",
            "id": "way/217600864",
            "properties": {},
            "geometry": {
                "type": "LineString",
                "coordinates": [
                    [
                        144.9615,
                        -37.835
                    ],
                    [
                        144.9617,
                        -37.8354
                    ]
                ]
            }
        },
        {
            "type": "Feature",
            "id": "way/217600867",
            "properties": {},
            "geometry": {
                "type": "LineString",
                "coordinates": [
                    [
                        144.9613,
                        -37.8353
                    ],
                    [
                        144.9618,
                        -37.8351
                    ]
                ]
            }
        },
        {
            "type": "Feature",
            "id": "way/217600870",
            "properties": {},
            "geometry": {
                "type": "LineString",
                "coordinates": [
                    [
                        144.9615,
                        -37.8351
                    ],
                    [
                        144.9569,
                        -37.8252
                    ]
                ]
            }
        },
        {
            "type": "Feature",
            "id": "way/217604070",
            "properties": {},
            "geometry": {
                "type": "LineString",
                "coordinates": [
                    [
                        144.9568,
                        -37.8366
                    ],
                    [
                        144.9571,
                        -37.8365
                    ]
                ]
            }
        },
        {
            "type": "Feature",
            "id": "way/217604072",
            "properties": {},
            "geometry": {
                "type": "LineString",
                "coordinates": [
                    [
                        144.9614,
                        -37.8353
                    ],
                    [
                        144.9572,
                        -37.8365
                    ]
                ]
            }
        },
        {
            "type": "Feature",
            "id": "way/217604073",
            "properties": {},
            "geometry": {
                "type": "LineString",
                "coordinates": [
                    [
                        144.9536,
                        -37.8414
                    ],
                    [
                        144.949,
                        -37.8469
                    ]
                ]
            }
        },
        {
            "type": "Feature",
            "id": "way/217604074",
            "properties": {},
            "geometry": {
                "type": "LineString",
                "coordinates": [
                    [
                        144.9571,
                        -37.8365
                    ],
                    [
                        144.9573,
                        -37.8364
                    ]
                ]
            }
        },
        {
            "type": "Feature",
            "id": "way/217604075",
            "properties": {},
            "geometry": {
                "type": "LineString",
                "coordinates": [
                    [
                        144.9572,
                        -37.8365
                    ],
                    [
                        144.9568,
                        -37.8366
                    ]
                ]
            }
        },
        {
            "type": "Feature",
            "id": "way/217620050",
            "properties": {},
            "geometry": {
                "type": "LineString",
                "coordinates": [
                    [
                        144.949,
                        -37.8469
                    ],
                    [
                        144.9485,
                        -37.8475
                    ]
                ]
            }
        },
        {
            "type": "Feature",
            "id": "way/217620051",
            "properties": {},
            "geometry": {
                "type": "LineString",
                "coordinates": [
                    [
                        144.949,
                        -37.8469
                    ],
                    [
                        144.9535,
                        -37.8413
                    ]
                ]
            }
        },
        {
            "type": "Feature",
            "id": "way/217697341",
            "properties": {},
            "geometry": {
                "type": "LineString",
                "coordinates": [
                    [
                        144.963,
                        -37.8395
                    ],
                    [
                        144.9616,
                        -37.8404
                    ]
                ]
            }
        },
        {
            "type": "Feature",
            "id": "way/217701847",
            "properties": {},
            "geometry": {
                "type": "LineString",
                "coordinates": [
                    [
                        144.9634,
                        -37.8392
                    ],
                    [
                        144.961,
                        -37.8409
                    ],
                    [
                        144.9594,
                        -37.8424
                    ]
                ]
            }
        },
        {
            "type": "Feature",
            "id": "way/217701848",
            "properties": {},
            "geometry": {
                "type": "LineString",
                "coordinates": [
                    [
                        144.9552,
                        -37.8503
                    ],
                    [
                        144.9549,
                        -37.8506
                    ]
                ]
            }
        },
        {
            "type": "Feature",
            "id": "way/217701849",
            "properties": {},
            "geometry": {
                "type": "LineString",
                "coordinates": [
                    [
                        144.9552,
                        -37.8503
                    ],
                    [
                        144.9559,
                        -37.8493
                    ]
                ]
            }
        },
        {
            "type": "Feature",
            "id": "way/217701851",
            "properties": {},
            "geometry": {
                "type": "LineString",
                "coordinates": [
                    [
                        144.9559,
                        -37.8493
                    ],
                    [
                        144.9552,
                        -37.8503
                    ]
                ]
            }
        },
        {
            "type": "Feature",
            "id": "way/217702439",
            "properties": {},
            "geometry": {
                "type": "LineString",
                "coordinates": [
                    [
                        144.9673,
                        -37.8556
                    ],
                    [
                        144.9713,
                        -37.8577
                    ],
                    [
                        144.9742,
                        -37.8607
                    ]
                ]
            }
        },
        {
            "type": "Feature",
            "id": "way/217702442",
            "properties": {},
            "geometry": {
                "type": "LineString",
                "coordinates": [
                    [
                        144.9594,
                        -37.8423
                    ],
                    [
                        144.9609,
                        -37.8409
                    ],
                    [
                        144.9634,
                        -37.8392
                    ]
                ]
            }
        },
        {
            "type": "Feature",
            "id": "way/217746085",
            "properties": {},
            "geometry": {
                "type": "LineString",
                "coordinates": [
                    [
                        144.9742,
                        -37.8607
                    ],
                    [
                        144.9713,
                        -37.8577
                    ],
                    [
                        144.9673,
                        -37.8556
                    ]
                ]
            }
        },
        {
            "type": "Feature",
            "id": "way/217746226",
            "properties": {},
            "geometry": {
                "type": "LineString",
                "coordinates": [
                    [
                        144.9745,
                        -37.8611
                    ],
                    [
                        144.9742,
                        -37.8607
                    ]
                ]
            }
        },
        {
            "type": "Feature",
            "id": "way/217827894",
            "properties": {},
            "geometry": {
                "type": "LineString",
                "coordinates": [
                    [
                        144.9749,
                        -37.8352
                    ],
                    [
                        144.9745,
                        -37.8346
                    ],
                    [
                        144.974,
                        -37.834
                    ],
                    [
                        144.9723,
                        -37.8332
                    ]
                ]
            }
        },
        {
            "type": "Feature",
            "id": "way/217831537",
            "properties": {},
            "geometry": {
                "type": "LineString",
                "coordinates": [
                    [
                        144.9806,
                        -37.85
                    ],
                    [
                        144.9809,
                        -37.8502
                    ],
                    [
                        144.9895,
                        -37.8513
                    ]
                ]
            }
        },
        {
            "type": "Feature",
            "id": "way/217833973",
            "properties": {},
            "geometry": {
                "type": "LineString",
                "coordinates": [
                    [
                        144.9816,
                        -37.8452
                    ],
                    [
                        144.9904,
                        -37.8464
                    ]
                ]
            }
        },
        {
            "type": "Feature",
            "id": "way/217834292",
            "properties": {},
            "geometry": {
                "type": "LineString",
                "coordinates": [
                    [
                        144.9787,
                        -37.8447
                    ],
                    [
                        144.9806,
                        -37.85
                    ]
                ]
            }
        },
        {
            "type": "Feature",
            "id": "way/217834293",
            "properties": {},
            "geometry": {
                "type": "LineString",
                "coordinates": [
                    [
                        144.9806,
                        -37.85
                    ],
                    [
                        144.9786,
                        -37.8447
                    ]
                ]
            }
        },
        {
            "type": "Feature",
            "id": "way/217839344",
            "properties": {},
            "geometry": {
                "type": "LineString",
                "coordinates": [
                    [
                        144.9806,
                        -37.85
                    ],
                    [
                        144.9825,
                        -37.8554
                    ]
                ]
            }
        },
        {
            "type": "Feature",
            "id": "way/217849338",
            "properties": {},
            "geometry": {
                "type": "LineString",
                "coordinates": [
                    [
                        144.9823,
                        -37.8548
                    ],
                    [
                        144.9822,
                        -37.8545
                    ]
                ]
            }
        },
        {
            "type": "Feature",
            "id": "way/217908885",
            "properties": {},
            "geometry": {
                "type": "LineString",
                "coordinates": [
                    [
                        144.9745,
                        -37.8611
                    ],
                    [
                        144.9747,
                        -37.8612
                    ],
                    [
                        144.9749,
                        -37.8612
                    ]
                ]
            }
        },
        {
            "type": "Feature",
            "id": "way/217910698",
            "properties": {},
            "geometry": {
                "type": "LineString",
                "coordinates": [
                    [
                        144.9774,
                        -37.8671
                    ],
                    [
                        144.9754,
                        -37.8664
                    ],
                    [
                        144.973,
                        -37.8648
                    ],
                    [
                        144.9726,
                        -37.8644
                    ],
                    [
                        144.9724,
                        -37.864
                    ],
                    [
                        144.9727,
                        -37.8627
                    ]
                ]
            }
        },
        {
            "type": "Feature",
            "id": "way/217910701",
            "properties": {},
            "geometry": {
                "type": "LineString",
                "coordinates": [
                    [
                        144.9797,
                        -37.8686
                    ],
                    [
                        144.9785,
                        -37.8673
                    ],
                    [
                        144.9774,
                        -37.8671
                    ]
                ]
            }
        },
        {
            "type": "Feature",
            "id": "way/217910703",
            "properties": {},
            "geometry": {
                "type": "LineString",
                "coordinates": [
                    [
                        144.9774,
                        -37.867
                    ],
                    [
                        144.9785,
                        -37.8673
                    ],
                    [
                        144.9799,
                        -37.8687
                    ]
                ]
            }
        },
        {
            "type": "Feature",
            "id": "way/217911111",
            "properties": {},
            "geometry": {
                "type": "LineString",
                "coordinates": [
                    [
                        144.9766,
                        -37.8668
                    ],
                    [
                        144.9763,
                        -37.8668
                    ]
                ]
            }
        },
        {
            "type": "Feature",
            "id": "way/217911113",
            "properties": {},
            "geometry": {
                "type": "LineString",
                "coordinates": [
                    [
                        144.9728,
                        -37.8627
                    ],
                    [
                        144.9725,
                        -37.8639
                    ],
                    [
                        144.9726,
                        -37.8644
                    ],
                    [
                        144.973,
                        -37.8648
                    ],
                    [
                        144.9754,
                        -37.8663
                    ],
                    [
                        144.9774,
                        -37.867
                    ]
                ]
            }
        },
        {
            "type": "Feature",
            "id": "way/217920490",
            "properties": {},
            "geometry": {
                "type": "LineString",
                "coordinates": [
                    [
                        144.9774,
                        -37.867
                    ],
                    [
                        144.9795,
                        -37.8669
                    ],
                    [
                        144.9874,
                        -37.868
                    ]
                ]
            }
        },
        {
            "type": "Feature",
            "id": "way/217920492",
            "properties": {},
            "geometry": {
                "type": "LineString",
                "coordinates": [
                    [
                        144.9874,
                        -37.868
                    ],
                    [
                        144.9795,
                        -37.8669
                    ],
                    [
                        144.9774,
                        -37.8671
                    ]
                ]
            }
        },
        {
            "type": "Feature",
            "id": "way/217949811",
            "properties": {},
            "geometry": {
                "type": "LineString",
                "coordinates": [
                    [
                        144.9795,
                        -37.845
                    ],
                    [
                        144.9798,
                        -37.845
                    ]
                ]
            }
        },
        {
            "type": "Feature",
            "id": "way/218181344",
            "properties": {},
            "geometry": {
                "type": "LineString",
                "coordinates": [
                    [
                        145.0286,
                        -37.8624
                    ],
                    [
                        145.0493,
                        -37.865
                    ]
                ]
            }
        },
        {
            "type": "Feature",
            "id": "way/218181348",
            "properties": {},
            "geometry": {
                "type": "LineString",
                "coordinates": [
                    [
                        145.0285,
                        -37.8624
                    ],
                    [
                        145.0248,
                        -37.8619
                    ]
                ]
            }
        },
        {
            "type": "Feature",
            "id": "way/218184930",
            "properties": {},
            "geometry": {
                "type": "LineString",
                "coordinates": [
                    [
                        145.0289,
                        -37.859
                    ],
                    [
                        145.0289,
                        -37.8586
                    ]
                ]
            }
        },
        {
            "type": "Feature",
            "id": "way/218184931",
            "properties": {},
            "geometry": {
                "type": "LineString",
                "coordinates": [
                    [
                        145.0286,
                        -37.8588
                    ],
                    [
                        145.0279,
                        -37.8586
                    ]
                ]
            }
        },
        {
            "type": "Feature",
            "id": "way/218184932",
            "properties": {},
            "geometry": {
                "type": "LineString",
                "coordinates": [
                    [
                        145.0289,
                        -37.859
                    ],
                    [
                        145.0284,
                        -37.8622
                    ]
                ]
            }
        },
        {
            "type": "Feature",
            "id": "way/218186743",
            "properties": {},
            "geometry": {
                "type": "LineString",
                "coordinates": [
                    [
                        145.0303,
                        -37.8517
                    ],
                    [
                        145.03,
                        -37.8518
                    ]
                ]
            }
        },
        {
            "type": "Feature",
            "id": "way/218186745",
            "properties": {},
            "geometry": {
                "type": "LineString",
                "coordinates": [
                    [
                        145.0298,
                        -37.8516
                    ],
                    [
                        145.03,
                        -37.8516
                    ],
                    [
                        145.03,
                        -37.8518
                    ]
                ]
            }
        },
        {
            "type": "Feature",
            "id": "way/218186746",
            "properties": {},
            "geometry": {
                "type": "LineString",
                "coordinates": [
                    [
                        145.03,
                        -37.8518
                    ],
                    [
                        145.0303,
                        -37.8516
                    ]
                ]
            }
        },
        {
            "type": "Feature",
            "id": "way/218186747",
            "properties": {},
            "geometry": {
                "type": "LineString",
                "coordinates": [
                    [
                        145.03,
                        -37.8518
                    ],
                    [
                        145.0298,
                        -37.8516
                    ]
                ]
            }
        },
        {
            "type": "Feature",
            "id": "way/218187030",
            "properties": {},
            "geometry": {
                "type": "LineString",
                "coordinates": [
                    [
                        145.0315,
                        -37.844
                    ],
                    [
                        145.0314,
                        -37.8438
                    ]
                ]
            }
        },
        {
            "type": "Feature",
            "id": "way/218187033",
            "properties": {},
            "geometry": {
                "type": "LineString",
                "coordinates": [
                    [
                        145.0296,
                        -37.8436
                    ],
                    [
                        144.9924,
                        -37.8391
                    ]
                ]
            }
        },
        {
            "type": "Feature",
            "id": "way/218187036",
            "properties": {},
            "geometry": {
                "type": "LineString",
                "coordinates": [
                    [
                        145.0303,
                        -37.8436
                    ],
                    [
                        145.0314,
                        -37.8438
                    ]
                ]
            }
        },
        {
            "type": "Feature",
            "id": "way/218187040",
            "properties": {},
            "geometry": {
                "type": "LineString",
                "coordinates": [
                    [
                        145.0314,
                        -37.8438
                    ],
                    [
                        145.0303,
                        -37.8436
                    ]
                ]
            }
        },
        {
            "type": "Feature",
            "id": "way/218189498",
            "properties": {},
            "geometry": {
                "type": "LineString",
                "coordinates": [
                    [
                        145.0314,
                        -37.8438
                    ],
                    [
                        145.0315,
                        -37.844
                    ]
                ]
            }
        },
        {
            "type": "Feature",
            "id": "way/218199950",
            "properties": {},
            "geometry": {
                "type": "LineString",
                "coordinates": [
                    [
                        145.0292,
                        -37.8568
                    ],
                    [
                        145.0295,
                        -37.8566
                    ]
                ]
            }
        },
        {
            "type": "Feature",
            "id": "way/218199952",
            "properties": {},
            "geometry": {
                "type": "LineString",
                "coordinates": [
                    [
                        145.0291,
                        -37.8566
                    ],
                    [
                        145.0293,
                        -37.8568
                    ]
                ]
            }
        },
        {
            "type": "Feature",
            "id": "way/218199954",
            "properties": {},
            "geometry": {
                "type": "LineString",
                "coordinates": [
                    [
                        145.0296,
                        -37.8567
                    ],
                    [
                        145.0293,
                        -37.8568
                    ]
                ]
            }
        },
        {
            "type": "Feature",
            "id": "way/218199956",
            "properties": {},
            "geometry": {
                "type": "LineString",
                "coordinates": [
                    [
                        145.0292,
                        -37.8568
                    ],
                    [
                        145.029,
                        -37.8566
                    ]
                ]
            }
        },
        {
            "type": "Feature",
            "id": "way/218203085",
            "properties": {},
            "geometry": {
                "type": "LineString",
                "coordinates": [
                    [
                        145.0569,
                        -37.86
                    ],
                    [
                        145.0562,
                        -37.8599
                    ]
                ]
            }
        },
        {
            "type": "Feature",
            "id": "way/218203088",
            "properties": {},
            "geometry": {
                "type": "LineString",
                "coordinates": [
                    [
                        145.0293,
                        -37.8568
                    ],
                    [
                        145.029,
                        -37.8586
                    ]
                ]
            }
        },
        {
            "type": "Feature",
            "id": "way/218203212",
            "properties": {},
            "geometry": {
                "type": "LineString",
                "coordinates": [
                    [
                        145.0292,
                        -37.8568
                    ],
                    [
                        145.03,
                        -37.8518
                    ]
                ]
            }
        },
        {
            "type": "Feature",
            "id": "way/218204485",
            "properties": {},
            "geometry": {
                "type": "LineString",
                "coordinates": [
                    [
                        144.9925,
                        -37.8563
                    ],
                    [
                        144.9941,
                        -37.8468
                    ],
                    [
                        144.9966,
                        -37.8346
                    ]
                ]
            }
        },
        {
            "type": "Feature",
            "id": "way/218204486",
            "properties": {},
            "geometry": {
                "type": "LineString",
                "coordinates": [
                    [
                        144.9925,
                        -37.8565
                    ],
                    [
                        144.9925,
                        -37.8563
                    ]
                ]
            }
        },
        {
            "type": "Feature",
            "id": "way/218204488",
            "properties": {},
            "geometry": {
                "type": "LineString",
                "coordinates": [
                    [
                        144.9925,
                        -37.8564
                    ],
                    [
                        144.9925,
                        -37.8565
                    ]
                ]
            }
        },
        {
            "type": "Feature",
            "id": "way/218204876",
            "properties": {},
            "geometry": {
                "type": "LineString",
                "coordinates": [
                    [
                        144.9905,
                        -37.8464
                    ],
                    [
                        144.9904,
                        -37.8464
                    ]
                ]
            }
        },
        {
            "type": "Feature",
            "id": "way/218204877",
            "properties": {},
            "geometry": {
                "type": "LineString",
                "coordinates": [
                    [
                        144.9904,
                        -37.8464
                    ],
                    [
                        144.9816,
                        -37.8452
                    ]
                ]
            }
        },
        {
            "type": "Feature",
            "id": "way/218204878",
            "properties": {},
            "geometry": {
                "type": "LineString",
                "coordinates": [
                    [
                        144.9904,
                        -37.8464
                    ],
                    [
                        144.9905,
                        -37.8464
                    ]
                ]
            }
        },
        {
            "type": "Feature",
            "id": "way/218204879",
            "properties": {},
            "geometry": {
                "type": "LineString",
                "coordinates": [
                    [
                        144.9941,
                        -37.8468
                    ],
                    [
                        145.0122,
                        -37.8493
                    ]
                ]
            }
        },
        {
            "type": "Feature",
            "id": "way/218205157",
            "properties": {},
            "geometry": {
                "type": "LineString",
                "coordinates": [
                    [
                        145.018,
                        -37.8551
                    ],
                    [
                        145.0183,
                        -37.8552
                    ]
                ]
            }
        },
        {
            "type": "Feature",
            "id": "way/218205158",
            "properties": {},
            "geometry": {
                "type": "LineString",
                "coordinates": [
                    [
                        145.018,
                        -37.8552
                    ],
                    [
                        144.9896,
                        -37.8514
                    ]
                ]
            }
        },
        {
            "type": "Feature",
            "id": "way/218205159",
            "properties": {},
            "geometry": {
                "type": "LineString",
                "coordinates": [
                    [
                        144.9896,
                        -37.8514
                    ],
                    [
                        144.9895,
                        -37.8514
                    ]
                ]
            }
        },
        {
            "type": "Feature",
            "id": "way/218205160",
            "properties": {},
            "geometry": {
                "type": "LineString",
                "coordinates": [
                    [
                        144.9896,
                        -37.8514
                    ],
                    [
                        145.018,
                        -37.8551
                    ]
                ]
            }
        },
        {
            "type": "Feature",
            "id": "way/218205161",
            "properties": {},
            "geometry": {
                "type": "LineString",
                "coordinates": [
                    [
                        145.0562,
                        -37.8599
                    ],
                    [
                        145.0413,
                        -37.8582
                    ],
                    [
                        145.0296,
                        -37.8567
                    ]
                ]
            }
        },
        {
            "type": "Feature",
            "id": "way/218205162",
            "properties": {},
            "geometry": {
                "type": "LineString",
                "coordinates": [
                    [
                        144.9895,
                        -37.8513
                    ],
                    [
                        144.9896,
                        -37.8514
                    ]
                ]
            }
        },
        {
            "type": "Feature",
            "id": "way/218205163",
            "properties": {},
            "geometry": {
                "type": "LineString",
                "coordinates": [
                    [
                        145.0183,
                        -37.8552
                    ],
                    [
                        145.018,
                        -37.8552
                    ]
                ]
            }
        },
        {
            "type": "Feature",
            "id": "way/218205164",
            "properties": {},
            "geometry": {
                "type": "LineString",
                "coordinates": [
                    [
                        145.029,
                        -37.8566
                    ],
                    [
                        145.0183,
                        -37.8552
                    ]
                ]
            }
        },
        {
            "type": "Feature",
            "id": "way/218205165",
            "properties": {},
            "geometry": {
                "type": "LineString",
                "coordinates": [
                    [
                        145.0295,
                        -37.8566
                    ],
                    [
                        145.0562,
                        -37.8599
                    ]
                ]
            }
        },
        {
            "type": "Feature",
            "id": "way/218205166",
            "properties": {},
            "geometry": {
                "type": "LineString",
                "coordinates": [
                    [
                        145.0296,
                        -37.8567
                    ],
                    [
                        145.029,
                        -37.8566
                    ]
                ]
            }
        },
        {
            "type": "Feature",
            "id": "way/218205167",
            "properties": {},
            "geometry": {
                "type": "LineString",
                "coordinates": [
                    [
                        144.9895,
                        -37.8514
                    ],
                    [
                        144.9808,
                        -37.8502
                    ],
                    [
                        144.9806,
                        -37.85
                    ]
                ]
            }
        },
        {
            "type": "Feature",
            "id": "way/218205169",
            "properties": {},
            "geometry": {
                "type": "LineString",
                "coordinates": [
                    [
                        145.0183,
                        -37.8552
                    ],
                    [
                        145.0291,
                        -37.8566
                    ]
                ]
            }
        },
        {
            "type": "Feature",
            "id": "way/218205170",
            "properties": {},
            "geometry": {
                "type": "LineString",
                "coordinates": [
                    [
                        145.0291,
                        -37.8566
                    ],
                    [
                        145.0295,
                        -37.8566
                    ]
                ]
            }
        },
        {
            "type": "Feature",
            "id": "way/218206116",
            "properties": {},
            "geometry": {
                "type": "LineString",
                "coordinates": [
                    [
                        145.029,
                        -37.8586
                    ],
                    [
                        145.0289,
                        -37.859
                    ]
                ]
            }
        },
        {
            "type": "Feature",
            "id": "way/218206118",
            "properties": {},
            "geometry": {
                "type": "LineString",
                "coordinates": [
                    [
                        145.0289,
                        -37.8586
                    ],
                    [
                        145.0292,
                        -37.8568
                    ]
                ]
            }
        },
        {
            "type": "Feature",
            "id": "way/218207546",
            "properties": {},
            "geometry": {
                "type": "LineString",
                "coordinates": [
                    [
                        145.03,
                        -37.8518
                    ],
                    [
                        145.0293,
                        -37.8568
                    ]
                ]
            }
        },
        {
            "type": "Feature",
            "id": "way/218207547",
            "properties": {},
            "geometry": {
                "type": "LineString",
                "coordinates": [
                    [
                        145.0298,
                        -37.8516
                    ],
                    [
                        145.0303,
                        -37.8516
                    ]
                ]
            }
        },
        {
            "type": "Feature",
            "id": "way/218207548",
            "properties": {},
            "geometry": {
                "type": "LineString",
                "coordinates": [
                    [
                        145.0122,
                        -37.8493
                    ],
                    [
                        144.9941,
                        -37.8469
                    ]
                ]
            }
        },
        {
            "type": "Feature",
            "id": "way/218207549",
            "properties": {},
            "geometry": {
                "type": "LineString",
                "coordinates": [
                    [
                        145.0303,
                        -37.8517
                    ],
                    [
                        145.0298,
                        -37.8516
                    ]
                ]
            }
        },
        {
            "type": "Feature",
            "id": "way/218207550",
            "properties": {},
            "geometry": {
                "type": "LineString",
                "coordinates": [
                    [
                        145.03,
                        -37.8518
                    ],
                    [
                        145.0327,
                        -37.8375
                    ]
                ]
            }
        },
        {
            "type": "Feature",
            "id": "way/218397378",
            "properties": {},
            "geometry": {
                "type": "LineString",
                "coordinates": [
                    [
                        145.0527,
                        -37.8523
                    ],
                    [
                        145.0527,
                        -37.8519
                    ]
                ]
            }
        },
        {
            "type": "Feature",
            "id": "way/218397380",
            "properties": {},
            "geometry": {
                "type": "LineString",
                "coordinates": [
                    [
                        145.0527,
                        -37.8519
                    ],
                    [
                        145.0527,
                        -37.8524
                    ]
                ]
            }
        },
        {
            "type": "Feature",
            "id": "way/218397382",
            "properties": {},
            "geometry": {
                "type": "LineString",
                "coordinates": [
                    [
                        145.0527,
                        -37.8519
                    ],
                    [
                        145.0527,
                        -37.851
                    ],
                    [
                        145.0535,
                        -37.8481
                    ],
                    [
                        145.0568,
                        -37.8307
                    ]
                ]
            }
        },
        {
            "type": "Feature",
            "id": "way/218399256",
            "properties": {},
            "geometry": {
                "type": "LineString",
                "coordinates": [
                    [
                        145.0576,
                        -37.8267
                    ],
                    [
                        145.0536,
                        -37.8475
                    ],
                    [
                        145.0532,
                        -37.8497
                    ],
                    [
                        145.0528,
                        -37.851
                    ],
                    [
                        145.0527,
                        -37.8519
                    ]
                ]
            }
        },
        {
            "type": "Feature",
            "id": "way/218403165",
            "properties": {},
            "geometry": {
                "type": "LineString",
                "coordinates": [
                    [
                        145.0303,
                        -37.8516
                    ],
                    [
                        145.0508,
                        -37.8542
                    ],
                    [
                        145.0521,
                        -37.8545
                    ]
                ]
            }
        },
        {
            "type": "Feature",
            "id": "way/218404467",
            "properties": {},
            "geometry": {
                "type": "LineString",
                "coordinates": [
                    [
                        145.0566,
                        -37.832
                    ],
                    [
                        145.0566,
                        -37.8318
                    ]
                ]
            }
        },
        {
            "type": "Feature",
            "id": "way/218404503",
            "properties": {},
            "geometry": {
                "type": "LineString",
                "coordinates": [
                    [
                        145.0568,
                        -37.831
                    ],
                    [
                        145.0568,
                        -37.8307
                    ]
                ]
            }
        },
        {
            "type": "Feature",
            "id": "way/218421786",
            "properties": {},
            "geometry": {
                "type": "LineString",
                "coordinates": [
                    [
                        145.022,
                        -37.8871
                    ],
                    [
                        145.0186,
                        -37.9047
                    ],
                    [
                        145.0169,
                        -37.9141
                    ]
                ]
            }
        },
        {
            "type": "Feature",
            "id": "way/218436660",
            "properties": {},
            "geometry": {
                "type": "LineString",
                "coordinates": [
                    [
                        145.0222,
                        -37.8869
                    ],
                    [
                        145.022,
                        -37.8867
                    ]
                ]
            }
        },
        {
            "type": "Feature",
            "id": "way/218436662",
            "properties": {},
            "geometry": {
                "type": "LineString",
                "coordinates": [
                    [
                        145.022,
                        -37.8867
                    ],
                    [
                        145.0222,
                        -37.8869
                    ]
                ]
            }
        },
        {
            "type": "Feature",
            "id": "way/218436664",
            "properties": {},
            "geometry": {
                "type": "LineString",
                "coordinates": [
                    [
                        145.0219,
                        -37.8871
                    ],
                    [
                        145.0222,
                        -37.8869
                    ]
                ]
            }
        },
        {
            "type": "Feature",
            "id": "way/218436666",
            "properties": {},
            "geometry": {
                "type": "LineString",
                "coordinates": [
                    [
                        145.0222,
                        -37.8869
                    ],
                    [
                        145.022,
                        -37.8871
                    ]
                ]
            }
        },
        {
            "type": "Feature",
            "id": "way/218437123",
            "properties": {},
            "geometry": {
                "type": "LineString",
                "coordinates": [
                    [
                        145.0222,
                        -37.8869
                    ],
                    [
                        145.0006,
                        -37.8842
                    ]
                ]
            }
        },
        {
            "type": "Feature",
            "id": "way/218437383",
            "properties": {},
            "geometry": {
                "type": "LineString",
                "coordinates": [
                    [
                        145.0169,
                        -37.9141
                    ],
                    [
                        145.0185,
                        -37.9047
                    ],
                    [
                        145.0219,
                        -37.8871
                    ]
                ]
            }
        },
        {
            "type": "Feature",
            "id": "way/218437384",
            "properties": {},
            "geometry": {
                "type": "LineString",
                "coordinates": [
                    [
                        145.0219,
                        -37.8871
                    ],
                    [
                        145.022,
                        -37.8867
                    ]
                ]
            }
        },
        {
            "type": "Feature",
            "id": "way/218437385",
            "properties": {},
            "geometry": {
                "type": "LineString",
                "coordinates": [
                    [
                        145.022,
                        -37.8867
                    ],
                    [
                        145.022,
                        -37.8871
                    ]
                ]
            }
        },
        {
            "type": "Feature",
            "id": "way/218438222",
            "properties": {},
            "geometry": {
                "type": "LineString",
                "coordinates": [
                    [
                        145.0006,
                        -37.8842
                    ],
                    [
                        145.0003,
                        -37.8842
                    ]
                ]
            }
        },
        {
            "type": "Feature",
            "id": "way/218438223",
            "properties": {},
            "geometry": {
                "type": "LineString",
                "coordinates": [
                    [
                        145.0005,
                        -37.8842
                    ],
                    [
                        145.0222,
                        -37.8869
                    ]
                ]
            }
        },
        {
            "type": "Feature",
            "id": "way/218438224",
            "properties": {},
            "geometry": {
                "type": "LineString",
                "coordinates": [
                    [
                        145.0002,
                        -37.8842
                    ],
                    [
                        145.0005,
                        -37.8842
                    ]
                ]
            }
        },
        {
            "type": "Feature",
            "id": "way/218438230",
            "properties": {},
            "geometry": {
                "type": "LineString",
                "coordinates": [
                    [
                        144.9968,
                        -37.8836
                    ],
                    [
                        144.987,
                        -37.8679
                    ]
                ]
            }
        },
        {
            "type": "Feature",
            "id": "way/218438859",
            "properties": {},
            "geometry": {
                "type": "LineString",
                "coordinates": [
                    [
                        145.056,
                        -37.894
                    ],
                    [
                        145.0555,
                        -37.8937
                    ]
                ]
            }
        },
        {
            "type": "Feature",
            "id": "way/218438860",
            "properties": {},
            "geometry": {
                "type": "LineString",
                "coordinates": [
                    [
                        145.0268,
                        -37.8875
                    ],
                    [
                        145.042,
                        -37.8894
                    ]
                ]
            }
        },
        {
            "type": "Feature",
            "id": "way/218454986",
            "properties": {},
            "geometry": {
                "type": "LineString",
                "coordinates": [
                    [
                        145.0272,
                        -37.8869
                    ],
                    [
                        145.0271,
                        -37.8874
                    ],
                    [
                        145.0268,
                        -37.8875
                    ]
                ]
            }
        },
        {
            "type": "Feature",
            "id": "way/218454987",
            "properties": {},
            "geometry": {
                "type": "LineString",
                "coordinates": [
                    [
                        145.0272,
                        -37.8869
                    ],
                    [
                        145.0273,
                        -37.8862
                    ],
                    [
                        145.027,
                        -37.886
                    ]
                ]
            }
        },
        {
            "type": "Feature",
            "id": "way/218454988",
            "properties": {},
            "geometry": {
                "type": "LineString",
                "coordinates": [
                    [
                        145.0268,
                        -37.8875
                    ],
                    [
                        145.0271,
                        -37.8874
                    ],
                    [
                        145.0272,
                        -37.8869
                    ]
                ]
            }
        },
        {
            "type": "Feature",
            "id": "way/218454989",
            "properties": {},
            "geometry": {
                "type": "LineString",
                "coordinates": [
                    [
                        145.042,
                        -37.8894
                    ],
                    [
                        145.0222,
                        -37.8869
                    ]
                ]
            }
        },
        {
            "type": "Feature",
            "id": "way/218455288",
            "properties": {},
            "geometry": {
                "type": "LineString",
                "coordinates": [
                    [
                        145.022,
                        -37.8867
                    ],
                    [
                        145.0247,
                        -37.8728
                    ]
                ]
            }
        },
        {
            "type": "Feature",
            "id": "way/218455289",
            "properties": {},
            "geometry": {
                "type": "LineString",
                "coordinates": [
                    [
                        145.0169,
                        -37.9141
                    ],
                    [
                        145.0168,
                        -37.9144
                    ]
                ]
            }
        },
        {
            "type": "Feature",
            "id": "way/218546841",
            "properties": {},
            "geometry": {
                "type": "LineString",
                "coordinates": [
                    [
                        145.0249,
                        -37.8727
                    ],
                    [
                        145.0245,
                        -37.8726
                    ]
                ]
            }
        },
        {
            "type": "Feature",
            "id": "way/218546842",
            "properties": {},
            "geometry": {
                "type": "LineString",
                "coordinates": [
                    [
                        145.0247,
                        -37.8728
                    ],
                    [
                        145.0247,
                        -37.8725
                    ]
                ]
            }
        },
        {
            "type": "Feature",
            "id": "way/218546843",
            "properties": {},
            "geometry": {
                "type": "LineString",
                "coordinates": [
                    [
                        145.0448,
                        -37.8759
                    ],
                    [
                        145.0452,
                        -37.8756
                    ],
                    [
                        145.0455,
                        -37.8756
                    ],
                    [
                        145.0585,
                        -37.8772
                    ]
                ]
            }
        },
        {
            "type": "Feature",
            "id": "way/218546844",
            "properties": {},
            "geometry": {
                "type": "LineString",
                "coordinates": [
                    [
                        145.0247,
                        -37.8728
                    ],
                    [
                        145.022,
                        -37.8867
                    ]
                ]
            }
        },
        {
            "type": "Feature",
            "id": "way/218671123",
            "properties": {},
            "geometry": {
                "type": "LineString",
                "coordinates": [
                    [
                        144.9606,
                        -37.8184
                    ],
                    [
                        144.9611,
                        -37.8193
                    ]
                ]
            }
        },
        {
            "type": "Feature",
            "id": "way/218671162",
            "properties": {},
            "geometry": {
                "type": "LineString",
                "coordinates": [
                    [
                        144.9638,
                        -37.8094
                    ],
                    [
                        144.9675,
                        -37.8176
                    ]
                ]
            }
        },
        {
            "type": "Feature",
            "id": "way/218671163",
            "properties": {},
            "geometry": {
                "type": "LineString",
                "coordinates": [
                    [
                        144.9637,
                        -37.8094
                    ],
                    [
                        144.9629,
                        -37.8076
                    ]
                ]
            }
        },
        {
            "type": "Feature",
            "id": "way/225888122",
            "properties": {},
            "geometry": {
                "type": "LineString",
                "coordinates": [
                    [
                        144.9644,
                        -37.7978
                    ],
                    [
                        144.9645,
                        -37.7975
                    ]
                ]
            }
        },
        {
            "type": "Feature",
            "id": "way/225888123",
            "properties": {},
            "geometry": {
                "type": "LineString",
                "coordinates": [
                    [
                        144.9644,
                        -37.7978
                    ],
                    [
                        144.9644,
                        -37.7981
                    ]
                ]
            }
        },
        {
            "type": "Feature",
            "id": "way/231879582",
            "properties": {},
            "geometry": {
                "type": "LineString",
                "coordinates": [
                    [
                        145.2236,
                        -38.0024
                    ],
                    [
                        145.2236,
                        -38.0028
                    ],
                    [
                        145.2233,
                        -38.0034
                    ],
                    [
                        145.2235,
                        -38.0036
                    ],
                    [
                        145.2237,
                        -38.0037
                    ],
                    [
                        145.224,
                        -38.0036
                    ],
                    [
                        145.2241,
                        -38.0034
                    ],
                    [
                        145.2236,
                        -38.0024
                    ]
                ]
            }
        },
        {
            "type": "Feature",
            "id": "way/241580571",
            "properties": {},
            "geometry": {
                "type": "LineString",
                "coordinates": [
                    [
                        144.9749,
                        -37.7565
                    ],
                    [
                        144.9764,
                        -37.7526
                    ],
                    [
                        144.9775,
                        -37.7454
                    ],
                    [
                        144.9781,
                        -37.7432
                    ]
                ]
            }
        },
        {
            "type": "Feature",
            "id": "way/243119061",
            "properties": {},
            "geometry": {
                "type": "LineString",
                "coordinates": [
                    [
                        144.996,
                        -37.7506
                    ],
                    [
                        144.9973,
                        -37.7507
                    ]
                ]
            }
        },
        {
            "type": "Feature",
            "id": "way/243119556",
            "properties": {},
            "geometry": {
                "type": "LineString",
                "coordinates": [
                    [
                        144.9969,
                        -37.7518
                    ],
                    [
                        144.9966,
                        -37.7518
                    ]
                ]
            }
        },
        {
            "type": "Feature",
            "id": "way/245271550",
            "properties": {},
            "geometry": {
                "type": "LineString",
                "coordinates": [
                    [
                        144.996,
                        -37.7499
                    ],
                    [
                        144.9978,
                        -37.75
                    ]
                ]
            }
        },
        {
            "type": "Feature",
            "id": "way/245292636",
            "properties": {},
            "geometry": {
                "type": "LineString",
                "coordinates": [
                    [
                        144.9972,
                        -37.75
                    ],
                    [
                        144.9975,
                        -37.75
                    ]
                ]
            }
        },
        {
            "type": "Feature",
            "id": "way/245292639",
            "properties": {},
            "geometry": {
                "type": "LineString",
                "coordinates": [
                    [
                        144.9959,
                        -37.75
                    ],
                    [
                        144.9961,
                        -37.7499
                    ],
                    [
                        144.9968,
                        -37.7499
                    ]
                ]
            }
        },
        {
            "type": "Feature",
            "id": "way/245292805",
            "properties": {},
            "geometry": {
                "type": "LineString",
                "coordinates": [
                    [
                        144.9976,
                        -37.7499
                    ],
                    [
                        144.9972,
                        -37.75
                    ]
                ]
            }
        },
        {
            "type": "Feature",
            "id": "way/245378357",
            "properties": {},
            "geometry": {
                "type": "LineString",
                "coordinates": [
                    [
                        144.9968,
                        -37.7497
                    ],
                    [
                        144.9965,
                        -37.7497
                    ]
                ]
            }
        },
        {
            "type": "Feature",
            "id": "way/245378358",
            "properties": {},
            "geometry": {
                "type": "LineString",
                "coordinates": [
                    [
                        144.999,
                        -37.7501
                    ],
                    [
                        144.9988,
                        -37.7499
                    ],
                    [
                        144.9971,
                        -37.7497
                    ]
                ]
            }
        },
        {
            "type": "Feature",
            "id": "way/245378359",
            "properties": {},
            "geometry": {
                "type": "LineString",
                "coordinates": [
                    [
                        144.9966,
                        -37.7497
                    ],
                    [
                        144.9962,
                        -37.7497
                    ],
                    [
                        144.9959,
                        -37.75
                    ]
                ]
            }
        },
        {
            "type": "Feature",
            "id": "way/245378360",
            "properties": {},
            "geometry": {
                "type": "LineString",
                "coordinates": [
                    [
                        144.997,
                        -37.7498
                    ],
                    [
                        144.9966,
                        -37.7497
                    ]
                ]
            }
        },
        {
            "type": "Feature",
            "id": "way/245378400",
            "properties": {},
            "geometry": {
                "type": "LineString",
                "coordinates": [
                    [
                        144.996,
                        -37.7498
                    ],
                    [
                        144.9963,
                        -37.7497
                    ]
                ]
            }
        },
        {
            "type": "Feature",
            "id": "way/258070012",
            "properties": {},
            "geometry": {
                "type": "LineString",
                "coordinates": [
                    [
                        144.944,
                        -37.8134
                    ],
                    [
                        144.943,
                        -37.8129
                    ]
                ]
            }
        },
        {
            "type": "Feature",
            "id": "way/286827637",
            "properties": {},
            "geometry": {
                "type": "LineString",
                "coordinates": [
                    [
                        144.943,
                        -37.8129
                    ],
                    [
                        144.9384,
                        -37.8146
                    ]
                ]
            }
        },
        {
            "type": "Feature",
            "id": "way/294294583",
            "properties": {},
            "geometry": {
                "type": "LineString",
                "coordinates": [
                    [
                        145.0119,
                        -37.8116
                    ],
                    [
                        145.0123,
                        -37.8116
                    ]
                ]
            }
        },
        {
            "type": "Feature",
            "id": "way/294294687",
            "properties": {},
            "geometry": {
                "type": "LineString",
                "coordinates": [
                    [
                        145.0123,
                        -37.8117
                    ],
                    [
                        145.0126,
                        -37.8117
                    ]
                ]
            }
        },
        {
            "type": "Feature",
            "id": "way/294294781",
            "properties": {},
            "geometry": {
                "type": "LineString",
                "coordinates": [
                    [
                        145.0127,
                        -37.8117
                    ],
                    [
                        145.0123,
                        -37.8116
                    ]
                ]
            }
        },
        {
            "type": "Feature",
            "id": "way/294295040",
            "properties": {},
            "geometry": {
                "type": "LineString",
                "coordinates": [
                    [
                        145.0123,
                        -37.8116
                    ],
                    [
                        145.0118,
                        -37.8117
                    ]
                ]
            }
        },
        {
            "type": "Feature",
            "id": "way/304365166",
            "properties": {},
            "geometry": {
                "type": "LineString",
                "coordinates": [
                    [
                        144.9967,
                        -37.8337
                    ],
                    [
                        144.9966,
                        -37.8346
                    ]
                ]
            }
        },
        {
            "type": "Feature",
            "id": "way/328507337",
            "properties": {},
            "geometry": {
                "type": "LineString",
                "coordinates": [
                    [
                        144.9619,
                        -37.7568
                    ],
                    [
                        144.9623,
                        -37.757
                    ]
                ]
            }
        },
        {
            "type": "Feature",
            "id": "way/328507338",
            "properties": {},
            "geometry": {
                "type": "LineString",
                "coordinates": [
                    [
                        144.9619,
                        -37.7567
                    ],
                    [
                        144.9619,
                        -37.7569
                    ],
                    [
                        144.9622,
                        -37.7571
                    ]
                ]
            }
        },
        {
            "type": "Feature",
            "id": "way/328507339",
            "properties": {},
            "geometry": {
                "type": "LineString",
                "coordinates": [
                    [
                        144.9619,
                        -37.7569
                    ],
                    [
                        144.9619,
                        -37.757
                    ],
                    [
                        144.9622,
                        -37.7572
                    ]
                ]
            }
        },
        {
            "type": "Feature",
            "id": "way/329659979",
            "properties": {},
            "geometry": {
                "type": "LineString",
                "coordinates": [
                    [
                        144.9426,
                        -37.8209
                    ],
                    [
                        144.9448,
                        -37.8215
                    ],
                    [
                        144.9453,
                        -37.8215
                    ],
                    [
                        144.9464,
                        -37.8213
                    ],
                    [
                        144.9496,
                        -37.8204
                    ]
                ]
            }
        },
        {
            "type": "Feature",
            "id": "way/331952720",
            "properties": {},
            "geometry": {
                "type": "LineString",
                "coordinates": [
                    [
                        144.9675,
                        -37.7971
                    ],
                    [
                        144.9676,
                        -37.7969
                    ],
                    [
                        144.9692,
                        -37.7873
                    ],
                    [
                        144.9715,
                        -37.7727
                    ],
                    [
                        144.9733,
                        -37.7624
                    ],
                    [
                        144.9734,
                        -37.7622
                    ],
                    [
                        144.9738,
                        -37.7621
                    ]
                ]
            }
        },
        {
            "type": "Feature",
            "id": "way/340881500",
            "properties": {},
            "geometry": {
                "type": "LineString",
                "coordinates": [
                    [
                        144.9621,
                        -37.8118
                    ],
                    [
                        144.962,
                        -37.8116
                    ]
                ]
            }
        },
        {
            "type": "Feature",
            "id": "way/362398902",
            "properties": {},
            "geometry": {
                "type": "LineString",
                "coordinates": [
                    [
                        144.9805,
                        -37.7661
                    ],
                    [
                        144.9804,
                        -37.7668
                    ]
                ]
            }
        },
        {
            "type": "Feature",
            "id": "way/362398903",
            "properties": {},
            "geometry": {
                "type": "LineString",
                "coordinates": [
                    [
                        144.9804,
                        -37.7661
                    ],
                    [
                        144.9804,
                        -37.7668
                    ]
                ]
            }
        },
        {
            "type": "Feature",
            "id": "way/362398904",
            "properties": {},
            "geometry": {
                "type": "LineString",
                "coordinates": [
                    [
                        144.9803,
                        -37.7672
                    ],
                    [
                        144.9783,
                        -37.7794
                    ],
                    [
                        144.9758,
                        -37.7929
                    ],
                    [
                        144.9736,
                        -37.8056
                    ]
                ]
            }
        },
        {
            "type": "Feature",
            "id": "way/373397584",
            "properties": {},
            "geometry": {
                "type": "LineString",
                "coordinates": [
                    [
                        144.9669,
                        -37.8164
                    ],
                    [
                        144.967,
                        -37.8166
                    ]
                ]
            }
        },
        {
            "type": "Feature",
            "id": "way/377679320",
            "properties": {},
            "geometry": {
                "type": "LineString",
                "coordinates": [
                    [
                        144.9426,
                        -37.821
                    ],
                    [
                        144.9429,
                        -37.821
                    ]
                ]
            }
        },
        {
            "type": "Feature",
            "id": "way/377679321",
            "properties": {},
            "geometry": {
                "type": "LineString",
                "coordinates": [
                    [
                        144.9428,
                        -37.821
                    ],
                    [
                        144.9426,
                        -37.8209
                    ]
                ]
            }
        },
        {
            "type": "Feature",
            "id": "way/389148408",
            "properties": {},
            "geometry": {
                "type": "LineString",
                "coordinates": [
                    [
                        144.9426,
                        -37.821
                    ],
                    [
                        144.9417,
                        -37.8208
                    ]
                ]
            }
        },
        {
            "type": "Feature",
            "id": "way/389148412",
            "properties": {},
            "geometry": {
                "type": "LineString",
                "coordinates": [
                    [
                        144.9417,
                        -37.8207
                    ],
                    [
                        144.9426,
                        -37.8209
                    ]
                ]
            }
        },
        {
            "type": "Feature",
            "id": "way/389450361",
            "properties": {},
            "geometry": {
                "type": "LineString",
                "coordinates": [
                    [
                        145.0522,
                        -37.8546
                    ],
                    [
                        145.0508,
                        -37.8543
                    ],
                    [
                        145.0303,
                        -37.8517
                    ]
                ]
            }
        },
        {
            "type": "Feature",
            "id": "way/389450364",
            "properties": {},
            "geometry": {
                "type": "LineString",
                "coordinates": [
                    [
                        145.0527,
                        -37.8524
                    ],
                    [
                        145.0525,
                        -37.854
                    ],
                    [
                        145.0523,
                        -37.8545
                    ],
                    [
                        145.0522,
                        -37.8546
                    ]
                ]
            }
        },
        {
            "type": "Feature",
            "id": "way/390557461",
            "properties": {},
            "geometry": {
                "type": "LineString",
                "coordinates": [
                    [
                        144.9435,
                        -37.813
                    ],
                    [
                        144.9443,
                        -37.8137
                    ],
                    [
                        144.9449,
                        -37.8148
                    ]
                ]
            }
        },
        {
            "type": "Feature",
            "id": "way/390557462",
            "properties": {},
            "geometry": {
                "type": "LineString",
                "coordinates": [
                    [
                        144.9429,
                        -37.8128
                    ],
                    [
                        144.9435,
                        -37.813
                    ]
                ]
            }
        },
        {
            "type": "Feature",
            "id": "way/390557463",
            "properties": {},
            "geometry": {
                "type": "LineString",
                "coordinates": [
                    [
                        144.9708,
                        -37.8076
                    ],
                    [
                        144.9517,
                        -37.8131
                    ]
                ]
            }
        },
        {
            "type": "Feature",
            "id": "way/390557464",
            "properties": {},
            "geometry": {
                "type": "LineString",
                "coordinates": [
                    [
                        144.9453,
                        -37.8149
                    ],
                    [
                        144.9474,
                        -37.8143
                    ]
                ]
            }
        },
        {
            "type": "Feature",
            "id": "way/390557465",
            "properties": {},
            "geometry": {
                "type": "LineString",
                "coordinates": [
                    [
                        144.9474,
                        -37.8144
                    ],
                    [
                        144.9453,
                        -37.8149
                    ]
                ]
            }
        },
        {
            "type": "Feature",
            "id": "way/390557466",
            "properties": {},
            "geometry": {
                "type": "LineString",
                "coordinates": [
                    [
                        144.9707,
                        -37.8076
                    ],
                    [
                        144.9728,
                        -37.8079
                    ]
                ]
            }
        },
        {
            "type": "Feature",
            "id": "way/391360129",
            "properties": {},
            "geometry": {
                "type": "LineString",
                "coordinates": [
                    [
                        144.9597,
                        -37.8185
                    ],
                    [
                        144.9606,
                        -37.8184
                    ]
                ]
            }
        },
        {
            "type": "Feature",
            "id": "way/391360130",
            "properties": {},
            "geometry": {
                "type": "LineString",
                "coordinates": [
                    [
                        144.9606,
                        -37.8184
                    ],
                    [
                        144.9597,
                        -37.8186
                    ]
                ]
            }
        },
        {
            "type": "Feature",
            "id": "way/391360131",
            "properties": {},
            "geometry": {
                "type": "LineString",
                "coordinates": [
                    [
                        144.9611,
                        -37.8193
                    ],
                    [
                        144.9606,
                        -37.8184
                    ]
                ]
            }
        },
        {
            "type": "Feature",
            "id": "way/391360134",
            "properties": {},
            "geometry": {
                "type": "LineString",
                "coordinates": [
                    [
                        144.9736,
                        -37.8056
                    ],
                    [
                        144.9733,
                        -37.8077
                    ]
                ]
            }
        },
        {
            "type": "Feature",
            "id": "way/391360138",
            "properties": {},
            "geometry": {
                "type": "LineString",
                "coordinates": [
                    [
                        144.9729,
                        -37.8109
                    ],
                    [
                        144.973,
                        -37.8111
                    ]
                ]
            }
        },
        {
            "type": "Feature",
            "id": "way/391360139",
            "properties": {},
            "geometry": {
                "type": "LineString",
                "coordinates": [
                    [
                        144.9729,
                        -37.8111
                    ],
                    [
                        144.9729,
                        -37.8109
                    ]
                ]
            }
        },
        {
            "type": "Feature",
            "id": "way/391360147",
            "properties": {},
            "geometry": {
                "type": "LineString",
                "coordinates": [
                    [
                        144.9761,
                        -37.8081
                    ],
                    [
                        144.9765,
                        -37.8082
                    ]
                ]
            }
        },
        {
            "type": "Feature",
            "id": "way/391360151",
            "properties": {},
            "geometry": {
                "type": "LineString",
                "coordinates": [
                    [
                        144.9758,
                        -37.8085
                    ],
                    [
                        144.9759,
                        -37.8082
                    ],
                    [
                        144.9761,
                        -37.8081
                    ]
                ]
            }
        },
        {
            "type": "Feature",
            "id": "way/391360153",
            "properties": {},
            "geometry": {
                "type": "LineString",
                "coordinates": [
                    [
                        144.9597,
                        -37.8186
                    ],
                    [
                        144.9595,
                        -37.8184
                    ],
                    [
                        144.9562,
                        -37.8113
                    ]
                ]
            }
        },
        {
            "type": "Feature",
            "id": "way/391489713",
            "properties": {},
            "geometry": {
                "type": "LineString",
                "coordinates": [
                    [
                        144.95,
                        -37.8222
                    ],
                    [
                        144.9483,
                        -37.8226
                    ],
                    [
                        144.9479,
                        -37.8226
                    ],
                    [
                        144.9478,
                        -37.8224
                    ]
                ]
            }
        },
        {
            "type": "Feature",
            "id": "way/392201847",
            "properties": {},
            "geometry": {
                "type": "LineString",
                "coordinates": [
                    [
                        144.9562,
                        -37.8235
                    ],
                    [
                        144.9567,
                        -37.8245
                    ]
                ]
            }
        },
        {
            "type": "Feature",
            "id": "way/392201848",
            "properties": {},
            "geometry": {
                "type": "LineString",
                "coordinates": [
                    [
                        144.9567,
                        -37.8245
                    ],
                    [
                        144.957,
                        -37.8253
                    ]
                ]
            }
        },
        {
            "type": "Feature",
            "id": "way/392201851",
            "properties": {},
            "geometry": {
                "type": "LineString",
                "coordinates": [
                    [
                        144.9555,
                        -37.8266
                    ],
                    [
                        144.9567,
                        -37.8256
                    ]
                ]
            }
        },
        {
            "type": "Feature",
            "id": "way/392201854",
            "properties": {},
            "geometry": {
                "type": "LineString",
                "coordinates": [
                    [
                        144.9559,
                        -37.8263
                    ],
                    [
                        144.956,
                        -37.8262
                    ]
                ]
            }
        },
        {
            "type": "Feature",
            "id": "way/392940584",
            "properties": {},
            "geometry": {
                "type": "LineString",
                "coordinates": [
                    [
                        144.9556,
                        -37.8406
                    ],
                    [
                        144.9536,
                        -37.8414
                    ]
                ]
            }
        },
        {
            "type": "Feature",
            "id": "way/392940585",
            "properties": {},
            "geometry": {
                "type": "LineString",
                "coordinates": [
                    [
                        144.9535,
                        -37.8413
                    ],
                    [
                        144.9556,
                        -37.8406
                    ]
                ]
            }
        },
        {
            "type": "Feature",
            "id": "way/392940587",
            "properties": {},
            "geometry": {
                "type": "LineString",
                "coordinates": [
                    [
                        144.9619,
                        -37.7566
                    ],
                    [
                        144.9622,
                        -37.7553
                    ]
                ]
            }
        },
        {
            "type": "Feature",
            "id": "way/392940588",
            "properties": {},
            "geometry": {
                "type": "LineString",
                "coordinates": [
                    [
                        144.9622,
                        -37.7553
                    ],
                    [
                        144.9619,
                        -37.7566
                    ]
                ]
            }
        },
        {
            "type": "Feature",
            "id": "way/392940589",
            "properties": {},
            "geometry": {
                "type": "LineString",
                "coordinates": [
                    [
                        144.9654,
                        -37.8329
                    ],
                    [
                        144.9649,
                        -37.8318
                    ]
                ]
            }
        },
        {
            "type": "Feature",
            "id": "way/392940590",
            "properties": {},
            "geometry": {
                "type": "LineString",
                "coordinates": [
                    [
                        144.9649,
                        -37.8318
                    ],
                    [
                        144.9654,
                        -37.8329
                    ]
                ]
            }
        },
        {
            "type": "Feature",
            "id": "way/392940591",
            "properties": {},
            "geometry": {
                "type": "LineString",
                "coordinates": [
                    [
                        144.9646,
                        -37.7969
                    ],
                    [
                        144.9675,
                        -37.7971
                    ]
                ]
            }
        },
        {
            "type": "Feature",
            "id": "way/392940592",
            "properties": {},
            "geometry": {
                "type": "LineString",
                "coordinates": [
                    [
                        144.9675,
                        -37.7971
                    ],
                    [
                        144.9647,
                        -37.7969
                    ]
                ]
            }
        },
        {
            "type": "Feature",
            "id": "way/392940593",
            "properties": {},
            "geometry": {
                "type": "LineString",
                "coordinates": [
                    [
                        144.9654,
                        -37.8329
                    ],
                    [
                        144.9648,
                        -37.8343
                    ]
                ]
            }
        },
        {
            "type": "Feature",
            "id": "way/392940594",
            "properties": {},
            "geometry": {
                "type": "LineString",
                "coordinates": [
                    [
                        144.9647,
                        -37.8343
                    ],
                    [
                        144.9654,
                        -37.8329
                    ]
                ]
            }
        },
        {
            "type": "Feature",
            "id": "way/392940595",
            "properties": {},
            "geometry": {
                "type": "LineString",
                "coordinates": [
                    [
                        144.9749,
                        -37.7568
                    ],
                    [
                        144.9739,
                        -37.7621
                    ]
                ]
            }
        },
        {
            "type": "Feature",
            "id": "way/392940596",
            "properties": {},
            "geometry": {
                "type": "LineString",
                "coordinates": [
                    [
                        144.9738,
                        -37.7621
                    ],
                    [
                        144.9748,
                        -37.7568
                    ]
                ]
            }
        },
        {
            "type": "Feature",
            "id": "way/392940598",
            "properties": {},
            "geometry": {
                "type": "LineString",
                "coordinates": [
                    [
                        144.9543,
                        -37.8374
                    ],
                    [
                        144.9556,
                        -37.8406
                    ]
                ]
            }
        },
        {
            "type": "Feature",
            "id": "way/392940599",
            "properties": {},
            "geometry": {
                "type": "LineString",
                "coordinates": [
                    [
                        144.9556,
                        -37.8406
                    ],
                    [
                        144.9542,
                        -37.8374
                    ]
                ]
            }
        },
        {
            "type": "Feature",
            "id": "way/392940600",
            "properties": {},
            "geometry": {
                "type": "LineString",
                "coordinates": [
                    [
                        144.9781,
                        -37.7431
                    ],
                    [
                        144.9781,
                        -37.7427
                    ]
                ]
            }
        },
        {
            "type": "Feature",
            "id": "way/392940601",
            "properties": {},
            "geometry": {
                "type": "LineString",
                "coordinates": [
                    [
                        144.9568,
                        -37.8366
                    ],
                    [
                        144.9543,
                        -37.8374
                    ]
                ]
            }
        },
        {
            "type": "Feature",
            "id": "way/392940602",
            "properties": {},
            "geometry": {
                "type": "LineString",
                "coordinates": [
                    [
                        144.9542,
                        -37.8374
                    ],
                    [
                        144.9568,
                        -37.8366
                    ]
                ]
            }
        },
        {
            "type": "Feature",
            "id": "way/392940603",
            "properties": {},
            "geometry": {
                "type": "LineString",
                "coordinates": [
                    [
                        144.9698,
                        -37.8225
                    ],
                    [
                        144.97,
                        -37.8231
                    ]
                ]
            }
        },
        {
            "type": "Feature",
            "id": "way/392940604",
            "properties": {},
            "geometry": {
                "type": "LineString",
                "coordinates": [
                    [
                        144.9674,
                        -37.8236
                    ],
                    [
                        144.9649,
                        -37.8318
                    ]
                ]
            }
        },
        {
            "type": "Feature",
            "id": "way/392940611",
            "properties": {},
            "geometry": {
                "type": "LineString",
                "coordinates": [
                    [
                        144.9649,
                        -37.8318
                    ],
                    [
                        144.9673,
                        -37.8236
                    ]
                ]
            }
        },
        {
            "type": "Feature",
            "id": "way/392940616",
            "properties": {},
            "geometry": {
                "type": "LineString",
                "coordinates": [
                    [
                        144.9642,
                        -37.7988
                    ],
                    [
                        144.9645,
                        -37.797
                    ],
                    [
                        144.9646,
                        -37.7969
                    ]
                ]
            }
        },
        {
            "type": "Feature",
            "id": "way/392940623",
            "properties": {},
            "geometry": {
                "type": "LineString",
                "coordinates": [
                    [
                        144.9647,
                        -37.7969
                    ],
                    [
                        144.9642,
                        -37.7992
                    ]
                ]
            }
        },
        {
            "type": "Feature",
            "id": "way/392940633",
            "properties": {},
            "geometry": {
                "type": "LineString",
                "coordinates": [
                    [
                        144.9698,
                        -37.8234
                    ],
                    [
                        144.97,
                        -37.8231
                    ]
                ]
            }
        },
        {
            "type": "Feature",
            "id": "way/392940637",
            "properties": {},
            "geometry": {
                "type": "LineString",
                "coordinates": [
                    [
                        144.97,
                        -37.8231
                    ],
                    [
                        144.97,
                        -37.8233
                    ],
                    [
                        144.9698,
                        -37.8234
                    ]
                ]
            }
        },
        {
            "type": "Feature",
            "id": "way/393558696",
            "properties": {},
            "geometry": {
                "type": "LineString",
                "coordinates": [
                    [
                        144.9776,
                        -37.8597
                    ],
                    [
                        144.9731,
                        -37.8623
                    ],
                    [
                        144.9728,
                        -37.8627
                    ]
                ]
            }
        },
        {
            "type": "Feature",
            "id": "way/393558701",
            "properties": {},
            "geometry": {
                "type": "LineString",
                "coordinates": [
                    [
                        144.9727,
                        -37.8627
                    ],
                    [
                        144.9731,
                        -37.8623
                    ],
                    [
                        144.9775,
                        -37.8596
                    ]
                ]
            }
        },
        {
            "type": "Feature",
            "id": "way/393558704",
            "properties": {},
            "geometry": {
                "type": "LineString",
                "coordinates": [
                    [
                        144.9679,
                        -37.8334
                    ],
                    [
                        144.9676,
                        -37.8333
                    ],
                    [
                        144.9602,
                        -37.8258
                    ]
                ]
            }
        },
        {
            "type": "Feature",
            "id": "way/393558707",
            "properties": {},
            "geometry": {
                "type": "LineString",
                "coordinates": [
                    [
                        144.9679,
                        -37.8334
                    ],
                    [
                        144.9716,
                        -37.8323
                    ]
                ]
            }
        },
        {
            "type": "Feature",
            "id": "way/393558714",
            "properties": {},
            "geometry": {
                "type": "LineString",
                "coordinates": [
                    [
                        144.987,
                        -37.8679
                    ],
                    [
                        144.9869,
                        -37.8678
                    ]
                ]
            }
        },
        {
            "type": "Feature",
            "id": "way/393558716",
            "properties": {},
            "geometry": {
                "type": "LineString",
                "coordinates": [
                    [
                        144.9869,
                        -37.8677
                    ],
                    [
                        144.9871,
                        -37.868
                    ]
                ]
            }
        },
        {
            "type": "Feature",
            "id": "way/396336303",
            "properties": {},
            "geometry": {
                "type": "LineString",
                "coordinates": [
                    [
                        145.0286,
                        -37.8588
                    ],
                    [
                        145.0287,
                        -37.8588
                    ]
                ]
            }
        },
        {
            "type": "Feature",
            "id": "way/396336304",
            "properties": {},
            "geometry": {
                "type": "LineString",
                "coordinates": [
                    [
                        144.9937,
                        -37.858
                    ],
                    [
                        144.9923,
                        -37.8577
                    ]
                ]
            }
        },
        {
            "type": "Feature",
            "id": "way/396336305",
            "properties": {},
            "geometry": {
                "type": "LineString",
                "coordinates": [
                    [
                        144.9923,
                        -37.8576
                    ],
                    [
                        144.9936,
                        -37.8579
                    ]
                ]
            }
        },
        {
            "type": "Feature",
            "id": "way/396336309",
            "properties": {},
            "geometry": {
                "type": "LineString",
                "coordinates": [
                    [
                        145.0112,
                        -37.8603
                    ],
                    [
                        145.0108,
                        -37.8603
                    ]
                ]
            }
        },
        {
            "type": "Feature",
            "id": "way/396336310",
            "properties": {},
            "geometry": {
                "type": "LineString",
                "coordinates": [
                    [
                        145.0264,
                        -37.8657
                    ],
                    [
                        145.0274,
                        -37.8662
                    ]
                ]
            }
        },
        {
            "type": "Feature",
            "id": "way/396336311",
            "properties": {},
            "geometry": {
                "type": "LineString",
                "coordinates": [
                    [
                        145.0274,
                        -37.8662
                    ],
                    [
                        145.0264,
                        -37.8658
                    ]
                ]
            }
        },
        {
            "type": "Feature",
            "id": "way/396336312",
            "properties": {},
            "geometry": {
                "type": "LineString",
                "coordinates": [
                    [
                        145.0115,
                        -37.8603
                    ],
                    [
                        145.0152,
                        -37.8609
                    ]
                ]
            }
        },
        {
            "type": "Feature",
            "id": "way/396336313",
            "properties": {},
            "geometry": {
                "type": "LineString",
                "coordinates": [
                    [
                        145.0152,
                        -37.8609
                    ],
                    [
                        145.0112,
                        -37.8603
                    ]
                ]
            }
        },
        {
            "type": "Feature",
            "id": "way/396336314",
            "properties": {},
            "geometry": {
                "type": "LineString",
                "coordinates": [
                    [
                        145.0263,
                        -37.8875
                    ],
                    [
                        145.0265,
                        -37.8875
                    ]
                ]
            }
        },
        {
            "type": "Feature",
            "id": "way/396336315",
            "properties": {},
            "geometry": {
                "type": "LineString",
                "coordinates": [
                    [
                        145.0222,
                        -37.8869
                    ],
                    [
                        145.0268,
                        -37.8875
                    ]
                ]
            }
        },
        {
            "type": "Feature",
            "id": "way/396336317",
            "properties": {},
            "geometry": {
                "type": "LineString",
                "coordinates": [
                    [
                        145.0279,
                        -37.8651
                    ],
                    [
                        145.0278,
                        -37.866
                    ]
                ]
            }
        },
        {
            "type": "Feature",
            "id": "way/396336318",
            "properties": {},
            "geometry": {
                "type": "LineString",
                "coordinates": [
                    [
                        145.0277,
                        -37.866
                    ],
                    [
                        145.0279,
                        -37.865
                    ]
                ]
            }
        },
        {
            "type": "Feature",
            "id": "way/396336319",
            "properties": {},
            "geometry": {
                "type": "LineString",
                "coordinates": [
                    [
                        145.026,
                        -37.8659
                    ],
                    [
                        145.0261,
                        -37.8657
                    ],
                    [
                        145.0264,
                        -37.8657
                    ]
                ]
            }
        },
        {
            "type": "Feature",
            "id": "way/396336321",
            "properties": {},
            "geometry": {
                "type": "LineString",
                "coordinates": [
                    [
                        145.026,
                        -37.8659
                    ],
                    [
                        145.026,
                        -37.8657
                    ],
                    [
                        145.0258,
                        -37.8655
                    ]
                ]
            }
        },
        {
            "type": "Feature",
            "id": "way/396336322",
            "properties": {},
            "geometry": {
                "type": "LineString",
                "coordinates": [
                    [
                        145.0264,
                        -37.8658
                    ],
                    [
                        145.0262,
                        -37.8658
                    ],
                    [
                        145.026,
                        -37.8659
                    ]
                ]
            }
        },
        {
            "type": "Feature",
            "id": "way/396336323",
            "properties": {},
            "geometry": {
                "type": "LineString",
                "coordinates": [
                    [
                        145.0258,
                        -37.8655
                    ],
                    [
                        145.026,
                        -37.8657
                    ],
                    [
                        145.026,
                        -37.8659
                    ]
                ]
            }
        },
        {
            "type": "Feature",
            "id": "way/397008497",
            "properties": {},
            "geometry": {
                "type": "LineString",
                "coordinates": [
                    [
                        145.025,
                        -37.8727
                    ],
                    [
                        145.038,
                        -37.8743
                    ]
                ]
            }
        },
        {
            "type": "Feature",
            "id": "way/397008498",
            "properties": {},
            "geometry": {
                "type": "LineString",
                "coordinates": [
                    [
                        145.038,
                        -37.8743
                    ],
                    [
                        145.0249,
                        -37.8727
                    ]
                ]
            }
        },
        {
            "type": "Feature",
            "id": "way/397008501",
            "properties": {},
            "geometry": {
                "type": "LineString",
                "coordinates": [
                    [
                        145.042,
                        -37.8756
                    ],
                    [
                        145.0424,
                        -37.8755
                    ],
                    [
                        145.0448,
                        -37.8759
                    ]
                ]
            }
        },
        {
            "type": "Feature",
            "id": "way/397008502",
            "properties": {},
            "geometry": {
                "type": "LineString",
                "coordinates": [
                    [
                        145.0448,
                        -37.8759
                    ],
                    [
                        145.0431,
                        -37.8756
                    ]
                ]
            }
        },
        {
            "type": "Feature",
            "id": "way/397008503",
            "properties": {},
            "geometry": {
                "type": "LineString",
                "coordinates": [
                    [
                        145.042,
                        -37.8756
                    ],
                    [
                        145.0418,
                        -37.8765
                    ]
                ]
            }
        },
        {
            "type": "Feature",
            "id": "way/397008504",
            "properties": {},
            "geometry": {
                "type": "LineString",
                "coordinates": [
                    [
                        145.0417,
                        -37.8765
                    ],
                    [
                        145.042,
                        -37.8756
                    ]
                ]
            }
        },
        {
            "type": "Feature",
            "id": "way/397008505",
            "properties": {},
            "geometry": {
                "type": "LineString",
                "coordinates": [
                    [
                        145.038,
                        -37.8743
                    ],
                    [
                        145.0396,
                        -37.8755
                    ]
                ]
            }
        },
        {
            "type": "Feature",
            "id": "way/397008506",
            "properties": {},
            "geometry": {
                "type": "LineString",
                "coordinates": [
                    [
                        145.0396,
                        -37.8756
                    ],
                    [
                        145.038,
                        -37.8743
                    ]
                ]
            }
        },
        {
            "type": "Feature",
            "id": "way/397008508",
            "properties": {},
            "geometry": {
                "type": "LineString",
                "coordinates": [
                    [
                        145.04,
                        -37.8754
                    ],
                    [
                        145.0414,
                        -37.8765
                    ],
                    [
                        145.0417,
                        -37.8765
                    ]
                ]
            }
        },
        {
            "type": "Feature",
            "id": "way/397008510",
            "properties": {},
            "geometry": {
                "type": "LineString",
                "coordinates": [
                    [
                        145.0418,
                        -37.8765
                    ],
                    [
                        145.0415,
                        -37.8766
                    ],
                    [
                        145.04,
                        -37.8754
                    ]
                ]
            }
        },
        {
            "type": "Feature",
            "id": "way/397008511",
            "properties": {},
            "geometry": {
                "type": "LineString",
                "coordinates": [
                    [
                        145.0397,
                        -37.8756
                    ],
                    [
                        145.0396,
                        -37.8756
                    ]
                ]
            }
        },
        {
            "type": "Feature",
            "id": "way/397008512",
            "properties": {},
            "geometry": {
                "type": "LineString",
                "coordinates": [
                    [
                        145.0398,
                        -37.8754
                    ],
                    [
                        145.04,
                        -37.8754
                    ]
                ]
            }
        },
        {
            "type": "Feature",
            "id": "way/400184204",
            "properties": {},
            "geometry": {
                "type": "LineString",
                "coordinates": [
                    [
                        145.0607,
                        -37.8103
                    ],
                    [
                        145.107,
                        -37.8159
                    ]
                ]
            }
        },
        {
            "type": "Feature",
            "id": "way/401771553",
            "properties": {},
            "geometry": {
                "type": "LineString",
                "coordinates": [
                    [
                        144.9897,
                        -37.8718
                    ],
                    [
                        144.9898,
                        -37.8712
                    ]
                ]
            }
        },
        {
            "type": "Feature",
            "id": "way/401771554",
            "properties": {},
            "geometry": {
                "type": "LineString",
                "coordinates": [
                    [
                        144.9898,
                        -37.8716
                    ],
                    [
                        144.9897,
                        -37.8718
                    ]
                ]
            }
        },
        {
            "type": "Feature",
            "id": "way/401771556",
            "properties": {},
            "geometry": {
                "type": "LineString",
                "coordinates": [
                    [
                        145.0003,
                        -37.8842
                    ],
                    [
                        144.9973,
                        -37.8838
                    ]
                ]
            }
        },
        {
            "type": "Feature",
            "id": "way/401771557",
            "properties": {},
            "geometry": {
                "type": "LineString",
                "coordinates": [
                    [
                        144.9973,
                        -37.8838
                    ],
                    [
                        145.0002,
                        -37.8842
                    ]
                ]
            }
        },
        {
            "type": "Feature",
            "id": "way/401771559",
            "properties": {},
            "geometry": {
                "type": "LineString",
                "coordinates": [
                    [
                        145.0542,
                        -37.891
                    ],
                    [
                        145.0541,
                        -37.8918
                    ],
                    [
                        145.0544,
                        -37.8926
                    ],
                    [
                        145.0549,
                        -37.8932
                    ],
                    [
                        145.0555,
                        -37.8937
                    ]
                ]
            }
        },
        {
            "type": "Feature",
            "id": "way/401771560",
            "properties": {},
            "geometry": {
                "type": "LineString",
                "coordinates": [
                    [
                        145.0555,
                        -37.8937
                    ],
                    [
                        145.0548,
                        -37.8932
                    ],
                    [
                        145.0544,
                        -37.8927
                    ],
                    [
                        145.0541,
                        -37.8919
                    ],
                    [
                        145.0541,
                        -37.8911
                    ]
                ]
            }
        },
        {
            "type": "Feature",
            "id": "way/401771561",
            "properties": {},
            "geometry": {
                "type": "LineString",
                "coordinates": [
                    [
                        144.9969,
                        -37.8836
                    ],
                    [
                        144.9973,
                        -37.8838
                    ]
                ]
            }
        },
        {
            "type": "Feature",
            "id": "way/401771562",
            "properties": {},
            "geometry": {
                "type": "LineString",
                "coordinates": [
                    [
                        144.9973,
                        -37.8838
                    ],
                    [
                        144.9968,
                        -37.8836
                    ]
                ]
            }
        },
        {
            "type": "Feature",
            "id": "way/401771563",
            "properties": {},
            "geometry": {
                "type": "LineString",
                "coordinates": [
                    [
                        145.054,
                        -37.8908
                    ],
                    [
                        145.0542,
                        -37.891
                    ]
                ]
            }
        },
        {
            "type": "Feature",
            "id": "way/401771564",
            "properties": {},
            "geometry": {
                "type": "LineString",
                "coordinates": [
                    [
                        145.0541,
                        -37.8911
                    ],
                    [
                        145.054,
                        -37.8909
                    ]
                ]
            }
        },
        {
            "type": "Feature",
            "id": "way/407171164",
            "properties": {},
            "geometry": {
                "type": "LineString",
                "coordinates": [
                    [
                        144.9941,
                        -37.8469
                    ],
                    [
                        144.9905,
                        -37.8464
                    ]
                ]
            }
        },
        {
            "type": "Feature",
            "id": "way/407171165",
            "properties": {},
            "geometry": {
                "type": "LineString",
                "coordinates": [
                    [
                        144.9905,
                        -37.8464
                    ],
                    [
                        144.9941,
                        -37.8468
                    ]
                ]
            }
        },
        {
            "type": "Feature",
            "id": "way/409455088",
            "properties": {},
            "geometry": {
                "type": "LineString",
                "coordinates": [
                    [
                        145.0521,
                        -37.8545
                    ],
                    [
                        145.0525,
                        -37.854
                    ],
                    [
                        145.0527,
                        -37.8523
                    ]
                ]
            }
        },
        {
            "type": "Feature",
            "id": "way/412913530",
            "properties": {},
            "geometry": {
                "type": "LineString",
                "coordinates": [
                    [
                        144.9248,
                        -37.767
                    ],
                    [
                        144.9249,
                        -37.7664
                    ]
                ]
            }
        },
        {
            "type": "Feature",
            "id": "way/412913531",
            "properties": {},
            "geometry": {
                "type": "LineString",
                "coordinates": [
                    [
                        144.9398,
                        -37.7869
                    ],
                    [
                        144.9377,
                        -37.7844
                    ],
                    [
                        144.9344,
                        -37.7828
                    ],
                    [
                        144.9335,
                        -37.7822
                    ],
                    [
                        144.9313,
                        -37.7796
                    ]
                ]
            }
        },
        {
            "type": "Feature",
            "id": "way/412913533",
            "properties": {},
            "geometry": {
                "type": "LineString",
                "coordinates": [
                    [
                        144.9249,
                        -37.7664
                    ],
                    [
                        144.9249,
                        -37.767
                    ]
                ]
            }
        },
        {
            "type": "Feature",
            "id": "way/412913534",
            "properties": {},
            "geometry": {
                "type": "LineString",
                "coordinates": [
                    [
                        144.9251,
                        -37.7656
                    ],
                    [
                        144.925,
                        -37.766
                    ]
                ]
            }
        },
        {
            "type": "Feature",
            "id": "way/412913535",
            "properties": {},
            "geometry": {
                "type": "LineString",
                "coordinates": [
                    [
                        144.925,
                        -37.766
                    ],
                    [
                        144.925,
                        -37.7663
                    ]
                ]
            }
        },
        {
            "type": "Feature",
            "id": "way/412913536",
            "properties": {},
            "geometry": {
                "type": "LineString",
                "coordinates": [
                    [
                        144.925,
                        -37.7662
                    ],
                    [
                        144.925,
                        -37.766
                    ]
                ]
            }
        },
        {
            "type": "Feature",
            "id": "way/412958110",
            "properties": {},
            "geometry": {
                "type": "LineString",
                "coordinates": [
                    [
                        145.0607,
                        -37.8104
                    ],
                    [
                        145.0425,
                        -37.8082
                    ],
                    [
                        145.0305,
                        -37.8069
                    ]
                ]
            }
        },
        {
            "type": "Feature",
            "id": "way/412963614",
            "properties": {},
            "geometry": {
                "type": "LineString",
                "coordinates": [
                    [
                        145.0568,
                        -37.8307
                    ],
                    [
                        145.0576,
                        -37.8267
                    ]
                ]
            }
        },
        {
            "type": "Feature",
            "id": "way/413505746",
            "properties": {},
            "geometry": {
                "type": "LineString",
                "coordinates": [
                    [
                        144.9428,
                        -37.821
                    ],
                    [
                        144.9426,
                        -37.821
                    ]
                ]
            }
        },
        {
            "type": "Feature",
            "id": "way/413505747",
            "properties": {},
            "geometry": {
                "type": "LineString",
                "coordinates": [
                    [
                        144.9736,
                        -37.8134
                    ],
                    [
                        144.9739,
                        -37.8131
                    ]
                ]
            }
        },
        {
            "type": "Feature",
            "id": "way/413505750",
            "properties": {},
            "geometry": {
                "type": "LineString",
                "coordinates": [
                    [
                        144.9739,
                        -37.8132
                    ],
                    [
                        144.9736,
                        -37.8134
                    ]
                ]
            }
        },
        {
            "type": "Feature",
            "id": "way/413505751",
            "properties": {},
            "geometry": {
                "type": "LineString",
                "coordinates": [
                    [
                        144.9376,
                        -37.8148
                    ],
                    [
                        144.9378,
                        -37.8148
                    ]
                ]
            }
        },
        {
            "type": "Feature",
            "id": "way/413505752",
            "properties": {},
            "geometry": {
                "type": "LineString",
                "coordinates": [
                    [
                        144.9431,
                        -37.8128
                    ],
                    [
                        144.9435,
                        -37.813
                    ]
                ]
            }
        },
        {
            "type": "Feature",
            "id": "way/413505753",
            "properties": {},
            "geometry": {
                "type": "LineString",
                "coordinates": [
                    [
                        144.944,
                        -37.8134
                    ],
                    [
                        144.943,
                        -37.8128
                    ]
                ]
            }
        },
        {
            "type": "Feature",
            "id": "way/413591723",
            "properties": {},
            "geometry": {
                "type": "LineString",
                "coordinates": [
                    [
                        144.9747,
                        -37.8178
                    ],
                    [
                        144.9755,
                        -37.8183
                    ]
                ]
            }
        },
        {
            "type": "Feature",
            "id": "way/413591724",
            "properties": {},
            "geometry": {
                "type": "LineString",
                "coordinates": [
                    [
                        144.9755,
                        -37.8183
                    ],
                    [
                        144.9746,
                        -37.8178
                    ]
                ]
            }
        },
        {
            "type": "Feature",
            "id": "way/413591742",
            "properties": {},
            "geometry": {
                "type": "LineString",
                "coordinates": [
                    [
                        144.9899,
                        -37.8175
                    ],
                    [
                        144.9873,
                        -37.8166
                    ],
                    [
                        144.9752,
                        -37.8153
                    ]
                ]
            }
        },
        {
            "type": "Feature",
            "id": "way/413591743",
            "properties": {},
            "geometry": {
                "type": "LineString",
                "coordinates": [
                    [
                        144.9752,
                        -37.8152
                    ],
                    [
                        144.9873,
                        -37.8166
                    ],
                    [
                        144.9894,
                        -37.8173
                    ],
                    [
                        144.9901,
                        -37.8174
                    ]
                ]
            }
        },
        {
            "type": "Feature",
            "id": "way/413591744",
            "properties": {},
            "geometry": {
                "type": "LineString",
                "coordinates": [
                    [
                        144.9767,
                        -37.8183
                    ],
                    [
                        144.98,
                        -37.8201
                    ],
                    [
                        144.9826,
                        -37.822
                    ],
                    [
                        144.9842,
                        -37.8227
                    ],
                    [
                        144.9868,
                        -37.8235
                    ],
                    [
                        144.9869,
                        -37.8237
                    ],
                    [
                        144.9868,
                        -37.8243
                    ]
                ]
            }
        },
        {
            "type": "Feature",
            "id": "way/416138045",
            "properties": {},
            "geometry": {
                "type": "LineString",
                "coordinates": [
                    [
                        145.0263,
                        -37.8216
                    ],
                    [
                        145.0241,
                        -37.8213
                    ]
                ]
            }
        },
        {
            "type": "Feature",
            "id": "way/416138046",
            "properties": {},
            "geometry": {
                "type": "LineString",
                "coordinates": [
                    [
                        145.0242,
                        -37.8213
                    ],
                    [
                        145.0263,
                        -37.8216
                    ]
                ]
            }
        },
        {
            "type": "Feature",
            "id": "way/416138048",
            "properties": {},
            "geometry": {
                "type": "LineString",
                "coordinates": [
                    [
                        145.0237,
                        -37.813
                    ],
                    [
                        145.0235,
                        -37.8131
                    ]
                ]
            }
        },
        {
            "type": "Feature",
            "id": "way/416138049",
            "properties": {},
            "geometry": {
                "type": "LineString",
                "coordinates": [
                    [
                        145.0235,
                        -37.8131
                    ],
                    [
                        145.0237,
                        -37.8129
                    ]
                ]
            }
        },
        {
            "type": "Feature",
            "id": "way/416138050",
            "properties": {},
            "geometry": {
                "type": "LineString",
                "coordinates": [
                    [
                        145.022,
                        -37.8265
                    ],
                    [
                        145.0201,
                        -37.8265
                    ]
                ]
            }
        },
        {
            "type": "Feature",
            "id": "way/416138051",
            "properties": {},
            "geometry": {
                "type": "LineString",
                "coordinates": [
                    [
                        145.0201,
                        -37.8265
                    ],
                    [
                        145.022,
                        -37.8265
                    ]
                ]
            }
        },
        {
            "type": "Feature",
            "id": "way/421397501",
            "properties": {},
            "geometry": {
                "type": "LineString",
                "coordinates": [
                    [
                        145.021,
                        -37.8128
                    ],
                    [
                        145.016,
                        -37.8122
                    ]
                ]
            }
        },
        {
            "type": "Feature",
            "id": "way/421397502",
            "properties": {},
            "geometry": {
                "type": "LineString",
                "coordinates": [
                    [
                        145.0841,
                        -37.7946
                    ],
                    [
                        145.0796,
                        -37.7942
                    ],
                    [
                        145.0702,
                        -37.7926
                    ],
                    [
                        145.064,
                        -37.7934
                    ]
                ]
            }
        },
        {
            "type": "Feature",
            "id": "way/421397503",
            "properties": {},
            "geometry": {
                "type": "LineString",
                "coordinates": [
                    [
                        145.064,
                        -37.7934
                    ],
                    [
                        145.0702,
                        -37.7925
                    ],
                    [
                        145.0791,
                        -37.7941
                    ],
                    [
                        145.0841,
                        -37.7946
                    ]
                ]
            }
        },
        {
            "type": "Feature",
            "id": "way/421397504",
            "properties": {},
            "geometry": {
                "type": "LineString",
                "coordinates": [
                    [
                        145.0237,
                        -37.8129
                    ],
                    [
                        145.0241,
                        -37.8125
                    ]
                ]
            }
        },
        {
            "type": "Feature",
            "id": "way/424308012",
            "properties": {},
            "geometry": {
                "type": "LineString",
                "coordinates": [
                    [
                        145.0565,
                        -37.8314
                    ],
                    [
                        145.0547,
                        -37.8312
                    ]
                ]
            }
        },
        {
            "type": "Feature",
            "id": "way/424308013",
            "properties": {},
            "geometry": {
                "type": "LineString",
                "coordinates": [
                    [
                        145.0546,
                        -37.8307
                    ],
                    [
                        145.0546,
                        -37.8309
                    ]
                ]
            }
        },
        {
            "type": "Feature",
            "id": "way/424308014",
            "properties": {},
            "geometry": {
                "type": "LineString",
                "coordinates": [
                    [
                        145.0545,
                        -37.8309
                    ],
                    [
                        145.0547,
                        -37.8306
                    ]
                ]
            }
        },
        {
            "type": "Feature",
            "id": "way/424478458",
            "properties": {},
            "geometry": {
                "type": "LineString",
                "coordinates": [
                    [
                        144.973,
                        -37.8111
                    ],
                    [
                        144.973,
                        -37.8113
                    ],
                    [
                        144.9728,
                        -37.8114
                    ],
                    [
                        144.9535,
                        -37.817
                    ]
                ]
            }
        },
        {
            "type": "Feature",
            "id": "way/424478459",
            "properties": {},
            "geometry": {
                "type": "LineString",
                "coordinates": [
                    [
                        144.9696,
                        -37.8124
                    ],
                    [
                        144.9694,
                        -37.8124
                    ]
                ]
            }
        },
        {
            "type": "Feature",
            "id": "way/427587237",
            "properties": {},
            "geometry": {
                "type": "LineString",
                "coordinates": [
                    [
                        145.1812,
                        -37.8563
                    ],
                    [
                        145.1815,
                        -37.8563
                    ]
                ]
            }
        },
        {
            "type": "Feature",
            "id": "way/427977716",
            "properties": {},
            "geometry": {
                "type": "LineString",
                "coordinates": [
                    [
                        144.9559,
                        -37.8493
                    ],
                    [
                        144.9559,
                        -37.8495
                    ],
                    [
                        144.956,
                        -37.8496
                    ],
                    [
                        144.9638,
                        -37.8537
                    ]
                ]
            }
        },
        {
            "type": "Feature",
            "id": "way/427977725",
            "properties": {},
            "geometry": {
                "type": "LineString",
                "coordinates": [
                    [
                        144.9637,
                        -37.8537
                    ],
                    [
                        144.956,
                        -37.8496
                    ],
                    [
                        144.9559,
                        -37.8495
                    ],
                    [
                        144.9559,
                        -37.8493
                    ]
                ]
            }
        },
        {
            "type": "Feature",
            "id": "way/427977731",
            "properties": {},
            "geometry": {
                "type": "LineString",
                "coordinates": [
                    [
                        144.9673,
                        -37.8556
                    ],
                    [
                        144.9637,
                        -37.8537
                    ]
                ]
            }
        },
        {
            "type": "Feature",
            "id": "way/427977737",
            "properties": {},
            "geometry": {
                "type": "LineString",
                "coordinates": [
                    [
                        144.9638,
                        -37.8537
                    ],
                    [
                        144.9673,
                        -37.8556
                    ]
                ]
            }
        },
        {
            "type": "Feature",
            "id": "way/428167254",
            "properties": {},
            "geometry": {
                "type": "LineString",
                "coordinates": [
                    [
                        144.9594,
                        -37.8424
                    ],
                    [
                        144.9603,
                        -37.8441
                    ]
                ]
            }
        },
        {
            "type": "Feature",
            "id": "way/428167255",
            "properties": {},
            "geometry": {
                "type": "LineString",
                "coordinates": [
                    [
                        144.9602,
                        -37.8441
                    ],
                    [
                        144.9594,
                        -37.8423
                    ]
                ]
            }
        },
        {
            "type": "Feature",
            "id": "way/428167256",
            "properties": {},
            "geometry": {
                "type": "LineString",
                "coordinates": [
                    [
                        144.9634,
                        -37.8392
                    ],
                    [
                        144.9617,
                        -37.8354
                    ]
                ]
            }
        },
        {
            "type": "Feature",
            "id": "way/428167257",
            "properties": {},
            "geometry": {
                "type": "LineString",
                "coordinates": [
                    [
                        144.9617,
                        -37.8354
                    ],
                    [
                        144.9634,
                        -37.8392
                    ]
                ]
            }
        },
        {
            "type": "Feature",
            "id": "way/428167258",
            "properties": {},
            "geometry": {
                "type": "LineString",
                "coordinates": [
                    [
                        144.9559,
                        -37.8493
                    ],
                    [
                        144.9602,
                        -37.8441
                    ]
                ]
            }
        },
        {
            "type": "Feature",
            "id": "way/428167259",
            "properties": {},
            "geometry": {
                "type": "LineString",
                "coordinates": [
                    [
                        144.9603,
                        -37.8441
                    ],
                    [
                        144.9559,
                        -37.8493
                    ]
                ]
            }
        },
        {
            "type": "Feature",
            "id": "way/428428264",
            "properties": {},
            "geometry": {
                "type": "LineString",
                "coordinates": [
                    [
                        144.9486,
                        -37.83
                    ],
                    [
                        144.9468,
                        -37.8311
                    ]
                ]
            }
        },
        {
            "type": "Feature",
            "id": "way/429269873",
            "properties": {},
            "geometry": {
                "type": "LineString",
                "coordinates": [
                    [
                        144.954,
                        -37.8214
                    ],
                    [
                        144.9521,
                        -37.8219
                    ]
                ]
            }
        },
        {
            "type": "Feature",
            "id": "way/429269878",
            "properties": {},
            "geometry": {
                "type": "LineString",
                "coordinates": [
                    [
                        144.9522,
                        -37.8218
                    ],
                    [
                        144.9543,
                        -37.8213
                    ]
                ]
            }
        },
        {
            "type": "Feature",
            "id": "way/429269883",
            "properties": {},
            "geometry": {
                "type": "LineString",
                "coordinates": [
                    [
                        144.9756,
                        -37.8097
                    ],
                    [
                        144.9758,
                        -37.8085
                    ]
                ]
            }
        },
        {
            "type": "Feature",
            "id": "way/429269890",
            "properties": {},
            "geometry": {
                "type": "LineString",
                "coordinates": [
                    [
                        144.9752,
                        -37.811
                    ],
                    [
                        144.9739,
                        -37.8132
                    ]
                ]
            }
        },
        {
            "type": "Feature",
            "id": "way/429269894",
            "properties": {},
            "geometry": {
                "type": "LineString",
                "coordinates": [
                    [
                        144.9535,
                        -37.8277
                    ],
                    [
                        144.9494,
                        -37.8297
                    ]
                ]
            }
        },
        {
            "type": "Feature",
            "id": "way/429269900",
            "properties": {},
            "geometry": {
                "type": "LineString",
                "coordinates": [
                    [
                        145.0543,
                        -37.8311
                    ],
                    [
                        145.0565,
                        -37.8313
                    ]
                ]
            }
        },
        {
            "type": "Feature",
            "id": "way/429269912",
            "properties": {},
            "geometry": {
                "type": "LineString",
                "coordinates": [
                    [
                        144.9558,
                        -37.8226
                    ],
                    [
                        144.9552,
                        -37.8216
                    ]
                ]
            }
        },
        {
            "type": "Feature",
            "id": "way/429269918",
            "properties": {},
            "geometry": {
                "type": "LineString",
                "coordinates": [
                    [
                        144.9771,
                        -37.8083
                    ],
                    [
                        144.9772,
                        -37.8083
                    ]
                ]
            }
        },
        {
            "type": "Feature",
            "id": "way/429269923",
            "properties": {},
            "geometry": {
                "type": "LineString",
                "coordinates": [
                    [
                        144.9772,
                        -37.8083
                    ],
                    [
                        144.9907,
                        -37.8098
                    ],
                    [
                        144.9913,
                        -37.8097
                    ]
                ]
            }
        },
        {
            "type": "Feature",
            "id": "way/429269929",
            "properties": {},
            "geometry": {
                "type": "LineString",
                "coordinates": [
                    [
                        144.9913,
                        -37.8098
                    ],
                    [
                        144.9906,
                        -37.8098
                    ],
                    [
                        144.9772,
                        -37.8084
                    ]
                ]
            }
        },
        {
            "type": "Feature",
            "id": "way/429269934",
            "properties": {},
            "geometry": {
                "type": "LineString",
                "coordinates": [
                    [
                        144.9769,
                        -37.8083
                    ],
                    [
                        144.9765,
                        -37.8083
                    ]
                ]
            }
        },
        {
            "type": "Feature",
            "id": "way/429269936",
            "properties": {},
            "geometry": {
                "type": "LineString",
                "coordinates": [
                    [
                        144.9765,
                        -37.8082
                    ],
                    [
                        144.9771,
                        -37.8083
                    ]
                ]
            }
        },
        {
            "type": "Feature",
            "id": "way/429269937",
            "properties": {},
            "geometry": {
                "type": "LineString",
                "coordinates": [
                    [
                        145.0147,
                        -37.8121
                    ],
                    [
                        145.0118,
                        -37.8117
                    ]
                ]
            }
        },
        {
            "type": "Feature",
            "id": "way/429269938",
            "properties": {},
            "geometry": {
                "type": "LineString",
                "coordinates": [
                    [
                        145.0126,
                        -37.8117
                    ],
                    [
                        145.0146,
                        -37.812
                    ]
                ]
            }
        },
        {
            "type": "Feature",
            "id": "way/429269940",
            "properties": {},
            "geometry": {
                "type": "LineString",
                "coordinates": [
                    [
                        144.9868,
                        -37.8243
                    ],
                    [
                        144.9868,
                        -37.8237
                    ],
                    [
                        144.9867,
                        -37.8236
                    ],
                    [
                        144.9842,
                        -37.8228
                    ],
                    [
                        144.9826,
                        -37.822
                    ],
                    [
                        144.98,
                        -37.8201
                    ],
                    [
                        144.9766,
                        -37.8183
                    ]
                ]
            }
        },
        {
            "type": "Feature",
            "id": "way/429653087",
            "properties": {},
            "geometry": {
                "type": "LineString",
                "coordinates": [
                    [
                        145.022,
                        -37.8129
                    ],
                    [
                        145.0233,
                        -37.8131
                    ],
                    [
                        145.0237,
                        -37.8129
                    ]
                ]
            }
        },
        {
            "type": "Feature",
            "id": "way/429653090",
            "properties": {},
            "geometry": {
                "type": "LineString",
                "coordinates": [
                    [
                        145.0223,
                        -37.8128
                    ],
                    [
                        145.0223,
                        -37.8129
                    ]
                ]
            }
        },
        {
            "type": "Feature",
            "id": "way/430483491",
            "properties": {},
            "geometry": {
                "type": "LineString",
                "coordinates": [
                    [
                        144.9793,
                        -37.806
                    ],
                    [
                        144.9739,
                        -37.8054
                    ],
                    [
                        144.9736,
                        -37.8056
                    ]
                ]
            }
        },
        {
            "type": "Feature",
            "id": "way/430483492",
            "properties": {},
            "geometry": {
                "type": "LineString",
                "coordinates": [
                    [
                        144.9735,
                        -37.8056
                    ],
                    [
                        144.9739,
                        -37.8054
                    ],
                    [
                        144.9829,
                        -37.8063
                    ]
                ]
            }
        },
        {
            "type": "Feature",
            "id": "way/431491241",
            "properties": {},
            "geometry": {
                "type": "LineString",
                "coordinates": [
                    [
                        144.9858,
                        -37.7908
                    ],
                    [
                        144.9919,
                        -37.7882
                    ],
                    [
                        144.9953,
                        -37.785
                    ]
                ]
            }
        },
        {
            "type": "Feature",
            "id": "way/431491242",
            "properties": {},
            "geometry": {
                "type": "LineString",
                "coordinates": [
                    [
                        144.9953,
                        -37.785
                    ],
                    [
                        144.9919,
                        -37.7882
                    ],
                    [
                        144.9859,
                        -37.7908
                    ]
                ]
            }
        },
        {
            "type": "Feature",
            "id": "way/431491243",
            "properties": {},
            "geometry": {
                "type": "LineString",
                "coordinates": [
                    [
                        144.989,
                        -37.7773
                    ],
                    [
                        144.9804,
                        -37.7874
                    ]
                ]
            }
        },
        {
            "type": "Feature",
            "id": "way/431491244",
            "properties": {},
            "geometry": {
                "type": "LineString",
                "coordinates": [
                    [
                        144.9804,
                        -37.7874
                    ],
                    [
                        144.989,
                        -37.7773
                    ]
                ]
            }
        },
        {
            "type": "Feature",
            "id": "way/431685046",
            "properties": {},
            "geometry": {
                "type": "LineString",
                "coordinates": [
                    [
                        144.9952,
                        -37.7516
                    ],
                    [
                        144.9969,
                        -37.7518
                    ]
                ]
            }
        },
        {
            "type": "Feature",
            "id": "way/431685047",
            "properties": {},
            "geometry": {
                "type": "LineString",
                "coordinates": [
                    [
                        144.9997,
                        -37.7521
                    ],
                    [
                        145.0014,
                        -37.7522
                    ]
                ]
            }
        },
        {
            "type": "Feature",
            "id": "way/431685048",
            "properties": {},
            "geometry": {
                "type": "LineString",
                "coordinates": [
                    [
                        145.0014,
                        -37.7523
                    ],
                    [
                        144.9996,
                        -37.7521
                    ]
                ]
            }
        },
        {
            "type": "Feature",
            "id": "way/431685049",
            "properties": {},
            "geometry": {
                "type": "LineString",
                "coordinates": [
                    [
                        144.9954,
                        -37.7517
                    ],
                    [
                        144.9952,
                        -37.7517
                    ]
                ]
            }
        },
        {
            "type": "Feature",
            "id": "way/431685055",
            "properties": {},
            "geometry": {
                "type": "LineString",
                "coordinates": [
                    [
                        145.0014,
                        -37.7522
                    ],
                    [
                        145.0017,
                        -37.7525
                    ]
                ]
            }
        },
        {
            "type": "Feature",
            "id": "way/431685056",
            "properties": {},
            "geometry": {
                "type": "LineString",
                "coordinates": [
                    [
                        145.0018,
                        -37.7521
                    ],
                    [
                        145.0017,
                        -37.7525
                    ]
                ]
            }
        },
        {
            "type": "Feature",
            "id": "way/431685057",
            "properties": {},
            "geometry": {
                "type": "LineString",
                "coordinates": [
                    [
                        145.0016,
                        -37.7525
                    ],
                    [
                        145.0018,
                        -37.7521
                    ]
                ]
            }
        },
        {
            "type": "Feature",
            "id": "way/431685058",
            "properties": {},
            "geometry": {
                "type": "LineString",
                "coordinates": [
                    [
                        145.0016,
                        -37.7525
                    ],
                    [
                        145.0014,
                        -37.7523
                    ]
                ]
            }
        },
        {
            "type": "Feature",
            "id": "way/432717241",
            "properties": {},
            "geometry": {
                "type": "LineString",
                "coordinates": [
                    [
                        144.9967,
                        -37.7518
                    ],
                    [
                        144.9964,
                        -37.7517
                    ]
                ]
            }
        },
        {
            "type": "Feature",
            "id": "way/432717242",
            "properties": {},
            "geometry": {
                "type": "LineString",
                "coordinates": [
                    [
                        144.9969,
                        -37.7518
                    ],
                    [
                        144.9969,
                        -37.7518
                    ]
                ]
            }
        },
        {
            "type": "Feature",
            "id": "way/432717243",
            "properties": {},
            "geometry": {
                "type": "LineString",
                "coordinates": [
                    [
                        144.9969,
                        -37.7518
                    ],
                    [
                        144.9975,
                        -37.7518
                    ]
                ]
            }
        },
        {
            "type": "Feature",
            "id": "way/432717244",
            "properties": {},
            "geometry": {
                "type": "LineString",
                "coordinates": [
                    [
                        144.9971,
                        -37.7519
                    ],
                    [
                        144.9962,
                        -37.7518
                    ]
                ]
            }
        },
        {
            "type": "Feature",
            "id": "way/432717245",
            "properties": {},
            "geometry": {
                "type": "LineString",
                "coordinates": [
                    [
                        144.9957,
                        -37.7517
                    ],
                    [
                        144.9954,
                        -37.7517
                    ]
                ]
            }
        },
        {
            "type": "Feature",
            "id": "way/432717246",
            "properties": {},
            "geometry": {
                "type": "LineString",
                "coordinates": [
                    [
                        144.997,
                        -37.7498
                    ],
                    [
                        144.9988,
                        -37.7499
                    ],
                    [
                        144.999,
                        -37.7501
                    ],
                    [
                        144.9986,
                        -37.7518
                    ],
                    [
                        144.9969,
                        -37.7518
                    ]
                ]
            }
        },
        {
            "type": "Feature",
            "id": "way/434337770",
            "properties": {},
            "geometry": {
                "type": "LineString",
                "coordinates": [
                    [
                        144.9604,
                        -37.7771
                    ],
                    [
                        144.9641,
                        -37.7556
                    ]
                ]
            }
        },
        {
            "type": "Feature",
            "id": "way/434337771",
            "properties": {},
            "geometry": {
                "type": "LineString",
                "coordinates": [
                    [
                        144.9641,
                        -37.7556
                    ],
                    [
                        144.9605,
                        -37.7771
                    ]
                ]
            }
        },
        {
            "type": "Feature",
            "id": "way/434715032",
            "properties": {},
            "geometry": {
                "type": "LineString",
                "coordinates": [
                    [
                        144.9576,
                        -37.7997
                    ],
                    [
                        144.9574,
                        -37.8017
                    ]
                ]
            }
        },
        {
            "type": "Feature",
            "id": "way/434715033",
            "properties": {},
            "geometry": {
                "type": "LineString",
                "coordinates": [
                    [
                        144.9574,
                        -37.8017
                    ],
                    [
                        144.9575,
                        -37.7997
                    ]
                ]
            }
        },
        {
            "type": "Feature",
            "id": "way/434715034",
            "properties": {},
            "geometry": {
                "type": "LineString",
                "coordinates": [
                    [
                        144.9645,
                        -37.8171
                    ],
                    [
                        144.9646,
                        -37.8173
                    ]
                ]
            }
        },
        {
            "type": "Feature",
            "id": "way/435771057",
            "properties": {},
            "geometry": {
                "type": "LineString",
                "coordinates": [
                    [
                        144.8893,
                        -37.7361
                    ],
                    [
                        144.8892,
                        -37.7358
                    ],
                    [
                        144.8894,
                        -37.7345
                    ]
                ]
            }
        },
        {
            "type": "Feature",
            "id": "way/435771058",
            "properties": {},
            "geometry": {
                "type": "LineString",
                "coordinates": [
                    [
                        144.8894,
                        -37.7345
                    ],
                    [
                        144.8892,
                        -37.7358
                    ],
                    [
                        144.8893,
                        -37.736
                    ]
                ]
            }
        },
        {
            "type": "Feature",
            "id": "way/436697047",
            "properties": {},
            "geometry": {
                "type": "LineString",
                "coordinates": [
                    [
                        145.2213,
                        -38.0007
                    ],
                    [
                        145.2214,
                        -38.0005
                    ],
                    [
                        145.2217,
                        -38.0004
                    ]
                ]
            }
        },
        {
            "type": "Feature",
            "id": "way/436697049",
            "properties": {},
            "geometry": {
                "type": "LineString",
                "coordinates": [
                    [
                        145.2222,
                        -38.0011
                    ],
                    [
                        145.2226,
                        -38.0009
                    ],
                    [
                        145.2228,
                        -38.0009
                    ]
                ]
            }
        },
        {
            "type": "Feature",
            "id": "way/436697050",
            "properties": {},
            "geometry": {
                "type": "LineString",
                "coordinates": [
                    [
                        145.2222,
                        -38.0009
                    ],
                    [
                        145.2217,
                        -38.0008
                    ]
                ]
            }
        },
        {
            "type": "Feature",
            "id": "way/436873966",
            "properties": {},
            "geometry": {
                "type": "LineString",
                "coordinates": [
                    [
                        145.2208,
                        -38.0004
                    ],
                    [
                        145.2213,
                        -38.0005
                    ]
                ]
            }
        },
        {
            "type": "Feature",
            "id": "way/436873967",
            "properties": {},
            "geometry": {
                "type": "LineString",
                "coordinates": [
                    [
                        145.2207,
                        -38.0006
                    ],
                    [
                        145.2212,
                        -38.0006
                    ]
                ]
            }
        },
        {
            "type": "Feature",
            "id": "way/436873968",
            "properties": {},
            "geometry": {
                "type": "LineString",
                "coordinates": [
                    [
                        145.2207,
                        -38.0006
                    ],
                    [
                        145.2212,
                        -38.0007
                    ]
                ]
            }
        },
        {
            "type": "Feature",
            "id": "way/436873969",
            "properties": {},
            "geometry": {
                "type": "LineString",
                "coordinates": [
                    [
                        145.2207,
                        -38.0005
                    ],
                    [
                        145.2212,
                        -38.0006
                    ]
                ]
            }
        },
        {
            "type": "Feature",
            "id": "way/436873970",
            "properties": {},
            "geometry": {
                "type": "LineString",
                "coordinates": [
                    [
                        145.2208,
                        -38.0005
                    ],
                    [
                        145.2212,
                        -38.0005
                    ]
                ]
            }
        },
        {
            "type": "Feature",
            "id": "way/436873971",
            "properties": {},
            "geometry": {
                "type": "LineString",
                "coordinates": [
                    [
                        145.2208,
                        -38.0005
                    ],
                    [
                        145.2212,
                        -38.0005
                    ]
                ]
            }
        },
        {
            "type": "Feature",
            "id": "way/437016286",
            "properties": {},
            "geometry": {
                "type": "LineString",
                "coordinates": [
                    [
                        145.0245,
                        -37.827
                    ],
                    [
                        145.0247,
                        -37.8271
                    ]
                ]
            }
        },
        {
            "type": "Feature",
            "id": "way/437726762",
            "properties": {},
            "geometry": {
                "type": "LineString",
                "coordinates": [
                    [
                        144.9799,
                        -37.8687
                    ],
                    [
                        144.9797,
                        -37.8686
                    ]
                ]
            }
        },
        {
            "type": "Feature",
            "id": "way/437726763",
            "properties": {},
            "geometry": {
                "type": "LineString",
                "coordinates": [
                    [
                        144.9799,
                        -37.8687
                    ],
                    [
                        144.9798,
                        -37.8686
                    ]
                ]
            }
        },
        {
            "type": "Feature",
            "id": "way/437726764",
            "properties": {},
            "geometry": {
                "type": "LineString",
                "coordinates": [
                    [
                        144.9803,
                        -37.8691
                    ],
                    [
                        144.9799,
                        -37.8687
                    ]
                ]
            }
        },
        {
            "type": "Feature",
            "id": "way/437726765",
            "properties": {},
            "geometry": {
                "type": "LineString",
                "coordinates": [
                    [
                        144.9799,
                        -37.8687
                    ],
                    [
                        144.9797,
                        -37.8686
                    ]
                ]
            }
        },
        {
            "type": "Feature",
            "id": "way/437726766",
            "properties": {},
            "geometry": {
                "type": "LineString",
                "coordinates": [
                    [
                        144.9803,
                        -37.8691
                    ],
                    [
                        144.9799,
                        -37.8687
                    ]
                ]
            }
        },
        {
            "type": "Feature",
            "id": "way/443043633",
            "properties": {},
            "geometry": {
                "type": "LineString",
                "coordinates": [
                    [
                        144.8893,
                        -37.736
                    ],
                    [
                        144.91,
                        -37.7444
                    ]
                ]
            }
        },
        {
            "type": "Feature",
            "id": "way/443043634",
            "properties": {},
            "geometry": {
                "type": "LineString",
                "coordinates": [
                    [
                        144.91,
                        -37.7444
                    ],
                    [
                        144.8893,
                        -37.7361
                    ]
                ]
            }
        },
        {
            "type": "Feature",
            "id": "way/443043635",
            "properties": {},
            "geometry": {
                "type": "LineString",
                "coordinates": [
                    [
                        144.91,
                        -37.7444
                    ],
                    [
                        144.9103,
                        -37.7446
                    ],
                    [
                        144.9163,
                        -37.7533
                    ],
                    [
                        144.917,
                        -37.7544
                    ],
                    [
                        144.9176,
                        -37.755
                    ]
                ]
            }
        },
        {
            "type": "Feature",
            "id": "way/443043636",
            "properties": {},
            "geometry": {
                "type": "LineString",
                "coordinates": [
                    [
                        144.9176,
                        -37.755
                    ],
                    [
                        144.9168,
                        -37.7542
                    ],
                    [
                        144.9103,
                        -37.7447
                    ],
                    [
                        144.91,
                        -37.7444
                    ]
                ]
            }
        },
        {
            "type": "Feature",
            "id": "way/443043637",
            "properties": {},
            "geometry": {
                "type": "LineString",
                "coordinates": [
                    [
                        144.9176,
                        -37.755
                    ],
                    [
                        144.9174,
                        -37.7548
                    ]
                ]
            }
        },
        {
            "type": "Feature",
            "id": "way/443382526",
            "properties": {},
            "geometry": {
                "type": "LineString",
                "coordinates": [
                    [
                        144.926,
                        -37.756
                    ],
                    [
                        144.9176,
                        -37.755
                    ]
                ]
            }
        },
        {
            "type": "Feature",
            "id": "way/443382527",
            "properties": {},
            "geometry": {
                "type": "LineString",
                "coordinates": [
                    [
                        144.9176,
                        -37.755
                    ],
                    [
                        144.9261,
                        -37.7559
                    ]
                ]
            }
        },
        {
            "type": "Feature",
            "id": "way/443781751",
            "properties": {},
            "geometry": {
                "type": "LineString",
                "coordinates": [
                    [
                        144.9012,
                        -37.8
                    ],
                    [
                        144.9009,
                        -37.8011
                    ]
                ]
            }
        },
        {
            "type": "Feature",
            "id": "way/443781752",
            "properties": {},
            "geometry": {
                "type": "LineString",
                "coordinates": [
                    [
                        144.9009,
                        -37.8011
                    ],
                    [
                        144.9011,
                        -37.8
                    ]
                ]
            }
        },
        {
            "type": "Feature",
            "id": "way/445306456",
            "properties": {},
            "geometry": {
                "type": "LineString",
                "coordinates": [
                    [
                        144.8896,
                        -37.7912
                    ],
                    [
                        144.8935,
                        -37.7924
                    ]
                ]
            }
        },
        {
            "type": "Feature",
            "id": "way/445306457",
            "properties": {},
            "geometry": {
                "type": "LineString",
                "coordinates": [
                    [
                        144.8935,
                        -37.7924
                    ],
                    [
                        144.8896,
                        -37.7912
                    ]
                ]
            }
        },
        {
            "type": "Feature",
            "id": "way/445306458",
            "properties": {},
            "geometry": {
                "type": "LineString",
                "coordinates": [
                    [
                        144.8935,
                        -37.7924
                    ],
                    [
                        144.8997,
                        -37.7997
                    ]
                ]
            }
        },
        {
            "type": "Feature",
            "id": "way/445306459",
            "properties": {},
            "geometry": {
                "type": "LineString",
                "coordinates": [
                    [
                        144.8997,
                        -37.7998
                    ],
                    [
                        144.8935,
                        -37.7924
                    ]
                ]
            }
        },
        {
            "type": "Feature",
            "id": "way/445306460",
            "properties": {},
            "geometry": {
                "type": "LineString",
                "coordinates": [
                    [
                        144.8916,
                        -37.7801
                    ],
                    [
                        144.8896,
                        -37.7912
                    ]
                ]
            }
        },
        {
            "type": "Feature",
            "id": "way/445306461",
            "properties": {},
            "geometry": {
                "type": "LineString",
                "coordinates": [
                    [
                        144.8896,
                        -37.7912
                    ],
                    [
                        144.8916,
                        -37.7803
                    ],
                    [
                        144.8915,
                        -37.7801
                    ]
                ]
            }
        },
        {
            "type": "Feature",
            "id": "way/445306462",
            "properties": {},
            "geometry": {
                "type": "LineString",
                "coordinates": [
                    [
                        144.8997,
                        -37.7997
                    ],
                    [
                        144.9012,
                        -37.8
                    ]
                ]
            }
        },
        {
            "type": "Feature",
            "id": "way/445306463",
            "properties": {},
            "geometry": {
                "type": "LineString",
                "coordinates": [
                    [
                        144.9011,
                        -37.8
                    ],
                    [
                        144.8997,
                        -37.7998
                    ]
                ]
            }
        },
        {
            "type": "Feature",
            "id": "way/445306464",
            "properties": {},
            "geometry": {
                "type": "LineString",
                "coordinates": [
                    [
                        144.8915,
                        -37.7801
                    ],
                    [
                        144.8852,
                        -37.7792
                    ]
                ]
            }
        },
        {
            "type": "Feature",
            "id": "way/445306465",
            "properties": {},
            "geometry": {
                "type": "LineString",
                "coordinates": [
                    [
                        144.8853,
                        -37.7791
                    ],
                    [
                        144.8916,
                        -37.7801
                    ]
                ]
            }
        },
        {
            "type": "Feature",
            "id": "way/445306466",
            "properties": {},
            "geometry": {
                "type": "LineString",
                "coordinates": [
                    [
                        144.8856,
                        -37.7756
                    ],
                    [
                        144.8857,
                        -37.7758
                    ],
                    [
                        144.8851,
                        -37.7788
                    ],
                    [
                        144.8853,
                        -37.7791
                    ]
                ]
            }
        },
        {
            "type": "Feature",
            "id": "way/445306468",
            "properties": {},
            "geometry": {
                "type": "LineString",
                "coordinates": [
                    [
                        144.8852,
                        -37.7792
                    ],
                    [
                        144.8851,
                        -37.7788
                    ],
                    [
                        144.8857,
                        -37.7758
                    ],
                    [
                        144.8856,
                        -37.7756
                    ]
                ]
            }
        },
        {
            "type": "Feature",
            "id": "way/445306469",
            "properties": {},
            "geometry": {
                "type": "LineString",
                "coordinates": [
                    [
                        144.8856,
                        -37.7756
                    ],
                    [
                        144.882,
                        -37.7751
                    ]
                ]
            }
        },
        {
            "type": "Feature",
            "id": "way/445306470",
            "properties": {},
            "geometry": {
                "type": "LineString",
                "coordinates": [
                    [
                        144.882,
                        -37.7751
                    ],
                    [
                        144.8856,
                        -37.7756
                    ]
                ]
            }
        },
        {
            "type": "Feature",
            "id": "way/447129070",
            "properties": {},
            "geometry": {
                "type": "LineString",
                "coordinates": [
                    [
                        144.9313,
                        -37.7796
                    ],
                    [
                        144.9335,
                        -37.7822
                    ],
                    [
                        144.9345,
                        -37.7828
                    ],
                    [
                        144.9379,
                        -37.7845
                    ],
                    [
                        144.9398,
                        -37.7869
                    ]
                ]
            }
        },
        {
            "type": "Feature",
            "id": "way/448464594",
            "properties": {},
            "geometry": {
                "type": "LineString",
                "coordinates": [
                    [
                        144.8793,
                        -37.769
                    ],
                    [
                        144.8821,
                        -37.7693
                    ]
                ]
            }
        },
        {
            "type": "Feature",
            "id": "way/448464595",
            "properties": {},
            "geometry": {
                "type": "LineString",
                "coordinates": [
                    [
                        144.8821,
                        -37.7693
                    ],
                    [
                        144.8793,
                        -37.769
                    ]
                ]
            }
        },
        {
            "type": "Feature",
            "id": "way/448464596",
            "properties": {},
            "geometry": {
                "type": "LineString",
                "coordinates": [
                    [
                        144.9208,
                        -37.7722
                    ],
                    [
                        144.9238,
                        -37.7725
                    ]
                ]
            }
        },
        {
            "type": "Feature",
            "id": "way/448464597",
            "properties": {},
            "geometry": {
                "type": "LineString",
                "coordinates": [
                    [
                        144.9239,
                        -37.7725
                    ],
                    [
                        144.9208,
                        -37.7722
                    ]
                ]
            }
        },
        {
            "type": "Feature",
            "id": "way/448464598",
            "properties": {},
            "geometry": {
                "type": "LineString",
                "coordinates": [
                    [
                        144.9249,
                        -37.7664
                    ],
                    [
                        144.925,
                        -37.7662
                    ]
                ]
            }
        },
        {
            "type": "Feature",
            "id": "way/448464599",
            "properties": {},
            "geometry": {
                "type": "LineString",
                "coordinates": [
                    [
                        144.925,
                        -37.7663
                    ],
                    [
                        144.9249,
                        -37.7664
                    ]
                ]
            }
        },
        {
            "type": "Feature",
            "id": "way/448787951",
            "properties": {},
            "geometry": {
                "type": "LineString",
                "coordinates": [
                    [
                        144.9148,
                        -37.7806
                    ],
                    [
                        144.9211,
                        -37.7872
                    ],
                    [
                        144.9215,
                        -37.7874
                    ]
                ]
            }
        },
        {
            "type": "Feature",
            "id": "way/448787958",
            "properties": {},
            "geometry": {
                "type": "LineString",
                "coordinates": [
                    [
                        144.9215,
                        -37.7874
                    ],
                    [
                        144.9212,
                        -37.7873
                    ],
                    [
                        144.9165,
                        -37.7825
                    ]
                ]
            }
        },
        {
            "type": "Feature",
            "id": "way/448787966",
            "properties": {},
            "geometry": {
                "type": "LineString",
                "coordinates": [
                    [
                        144.9147,
                        -37.7806
                    ],
                    [
                        144.9161,
                        -37.7719
                    ],
                    [
                        144.9159,
                        -37.7717
                    ]
                ]
            }
        },
        {
            "type": "Feature",
            "id": "way/448787967",
            "properties": {},
            "geometry": {
                "type": "LineString",
                "coordinates": [
                    [
                        144.9159,
                        -37.7736
                    ],
                    [
                        144.9148,
                        -37.7806
                    ]
                ]
            }
        },
        {
            "type": "Feature",
            "id": "way/449054476",
            "properties": {},
            "geometry": {
                "type": "LineString",
                "coordinates": [
                    [
                        144.9456,
                        -37.8026
                    ],
                    [
                        144.9455,
                        -37.8024
                    ],
                    [
                        144.947,
                        -37.7942
                    ],
                    [
                        144.9472,
                        -37.7936
                    ],
                    [
                        144.9472,
                        -37.7934
                    ]
                ]
            }
        },
        {
            "type": "Feature",
            "id": "way/449054477",
            "properties": {},
            "geometry": {
                "type": "LineString",
                "coordinates": [
                    [
                        144.9472,
                        -37.7934
                    ],
                    [
                        144.9473,
                        -37.7936
                    ],
                    [
                        144.947,
                        -37.7942
                    ],
                    [
                        144.9457,
                        -37.8026
                    ]
                ]
            }
        },
        {
            "type": "Feature",
            "id": "way/449054478",
            "properties": {},
            "geometry": {
                "type": "LineString",
                "coordinates": [
                    [
                        144.9494,
                        -37.8051
                    ],
                    [
                        144.9493,
                        -37.8049
                    ],
                    [
                        144.9496,
                        -37.8033
                    ],
                    [
                        144.9495,
                        -37.8031
                    ]
                ]
            }
        },
        {
            "type": "Feature",
            "id": "way/449054479",
            "properties": {},
            "geometry": {
                "type": "LineString",
                "coordinates": [
                    [
                        144.9496,
                        -37.8031
                    ],
                    [
                        144.9493,
                        -37.8049
                    ],
                    [
                        144.9494,
                        -37.8051
                    ]
                ]
            }
        },
        {
            "type": "Feature",
            "id": "way/449054480",
            "properties": {},
            "geometry": {
                "type": "LineString",
                "coordinates": [
                    [
                        144.9476,
                        -37.7937
                    ],
                    [
                        144.9495,
                        -37.7952
                    ]
                ]
            }
        },
        {
            "type": "Feature",
            "id": "way/449054481",
            "properties": {},
            "geometry": {
                "type": "LineString",
                "coordinates": [
                    [
                        144.9249,
                        -37.767
                    ],
                    [
                        144.9271,
                        -37.7731
                    ],
                    [
                        144.9281,
                        -37.775
                    ],
                    [
                        144.9307,
                        -37.7789
                    ]
                ]
            }
        },
        {
            "type": "Feature",
            "id": "way/449054482",
            "properties": {},
            "geometry": {
                "type": "LineString",
                "coordinates": [
                    [
                        144.9307,
                        -37.7789
                    ],
                    [
                        144.9281,
                        -37.775
                    ],
                    [
                        144.9271,
                        -37.7731
                    ],
                    [
                        144.9248,
                        -37.767
                    ]
                ]
            }
        },
        {
            "type": "Feature",
            "id": "way/449054483",
            "properties": {},
            "geometry": {
                "type": "LineString",
                "coordinates": [
                    [
                        144.9313,
                        -37.7796
                    ],
                    [
                        144.9307,
                        -37.7789
                    ]
                ]
            }
        },
        {
            "type": "Feature",
            "id": "way/449054484",
            "properties": {},
            "geometry": {
                "type": "LineString",
                "coordinates": [
                    [
                        144.9307,
                        -37.7789
                    ],
                    [
                        144.9313,
                        -37.7796
                    ]
                ]
            }
        },
        {
            "type": "Feature",
            "id": "way/449054485",
            "properties": {},
            "geometry": {
                "type": "LineString",
                "coordinates": [
                    [
                        144.9495,
                        -37.8031
                    ],
                    [
                        144.9456,
                        -37.8026
                    ]
                ]
            }
        },
        {
            "type": "Feature",
            "id": "way/449054486",
            "properties": {},
            "geometry": {
                "type": "LineString",
                "coordinates": [
                    [
                        144.9457,
                        -37.8026
                    ],
                    [
                        144.9496,
                        -37.8031
                    ]
                ]
            }
        },
        {
            "type": "Feature",
            "id": "way/449054487",
            "properties": {},
            "geometry": {
                "type": "LineString",
                "coordinates": [
                    [
                        144.916,
                        -37.7717
                    ],
                    [
                        144.9162,
                        -37.7719
                    ],
                    [
                        144.9159,
                        -37.7736
                    ]
                ]
            }
        },
        {
            "type": "Feature",
            "id": "way/455680176",
            "properties": {},
            "geometry": {
                "type": "LineString",
                "coordinates": [
                    [
                        144.9437,
                        -37.7694
                    ],
                    [
                        144.9498,
                        -37.7702
                    ]
                ]
            }
        },
        {
            "type": "Feature",
            "id": "way/455680177",
            "properties": {},
            "geometry": {
                "type": "LineString",
                "coordinates": [
                    [
                        144.9488,
                        -37.7757
                    ],
                    [
                        144.9498,
                        -37.7702
                    ]
                ]
            }
        },
        {
            "type": "Feature",
            "id": "way/455680178",
            "properties": {},
            "geometry": {
                "type": "LineString",
                "coordinates": [
                    [
                        144.9498,
                        -37.7702
                    ],
                    [
                        144.9488,
                        -37.7757
                    ]
                ]
            }
        },
        {
            "type": "Feature",
            "id": "way/455680179",
            "properties": {},
            "geometry": {
                "type": "LineString",
                "coordinates": [
                    [
                        144.9498,
                        -37.7702
                    ],
                    [
                        144.9437,
                        -37.7694
                    ]
                ]
            }
        },
        {
            "type": "Feature",
            "id": "way/479181342",
            "properties": {},
            "geometry": {
                "type": "LineString",
                "coordinates": [
                    [
                        144.9751,
                        -37.8081
                    ],
                    [
                        144.9748,
                        -37.8081
                    ]
                ]
            }
        },
        {
            "type": "Feature",
            "id": "way/490106307",
            "properties": {},
            "geometry": {
                "type": "LineString",
                "coordinates": [
                    [
                        144.887,
                        -37.769
                    ],
                    [
                        144.8865,
                        -37.7689
                    ],
                    [
                        144.8833,
                        -37.7694
                    ]
                ]
            }
        },
        {
            "type": "Feature",
            "id": "way/490106310",
            "properties": {},
            "geometry": {
                "type": "LineString",
                "coordinates": [
                    [
                        144.887,
                        -37.7689
                    ],
                    [
                        144.8893,
                        -37.7686
                    ],
                    [
                        144.8999,
                        -37.7699
                    ]
                ]
            }
        },
        {
            "type": "Feature",
            "id": "way/491079802",
            "properties": {},
            "geometry": {
                "type": "LineString",
                "coordinates": [
                    [
                        145.0303,
                        -37.8436
                    ],
                    [
                        145.0296,
                        -37.8436
                    ]
                ]
            }
        },
        {
            "type": "Feature",
            "id": "way/504505009",
            "properties": {},
            "geometry": {
                "type": "LineString",
                "coordinates": [
                    [
                        144.9533,
                        -37.8278
                    ],
                    [
                        144.9527,
                        -37.828
                    ]
                ]
            }
        },
        {
            "type": "Feature",
            "id": "way/506686939",
            "properties": {},
            "geometry": {
                "type": "LineString",
                "coordinates": [
                    [
                        144.975,
                        -37.8352
                    ],
                    [
                        144.9757,
                        -37.8365
                    ],
                    [
                        144.9787,
                        -37.8447
                    ]
                ]
            }
        },
        {
            "type": "Feature",
            "id": "way/506686940",
            "properties": {},
            "geometry": {
                "type": "LineString",
                "coordinates": [
                    [
                        144.9786,
                        -37.8447
                    ],
                    [
                        144.9754,
                        -37.8361
                    ]
                ]
            }
        },
        {
            "type": "Feature",
            "id": "way/506995848",
            "properties": {},
            "geometry": {
                "type": "LineString",
                "coordinates": [
                    [
                        144.9749,
                        -37.835
                    ],
                    [
                        144.9757,
                        -37.8362
                    ]
                ]
            }
        },
        {
            "type": "Feature",
            "id": "way/514050058",
            "properties": {},
            "geometry": {
                "type": "LineString",
                "coordinates": [
                    [
                        144.9966,
                        -37.7511
                    ],
                    [
                        144.9958,
                        -37.751
                    ],
                    [
                        144.9955,
                        -37.7513
                    ]
                ]
            }
        },
        {
            "type": "Feature",
            "id": "way/514050059",
            "properties": {},
            "geometry": {
                "type": "LineString",
                "coordinates": [
                    [
                        144.9966,
                        -37.7511
                    ],
                    [
                        144.9958,
                        -37.751
                    ],
                    [
                        144.9956,
                        -37.7512
                    ]
                ]
            }
        },
        {
            "type": "Feature",
            "id": "way/514050060",
            "properties": {},
            "geometry": {
                "type": "LineString",
                "coordinates": [
                    [
                        144.9956,
                        -37.751
                    ],
                    [
                        144.9954,
                        -37.7515
                    ],
                    [
                        144.9952,
                        -37.7516
                    ]
                ]
            }
        },
        {
            "type": "Feature",
            "id": "way/514050062",
            "properties": {},
            "geometry": {
                "type": "LineString",
                "coordinates": [
                    [
                        144.9967,
                        -37.7503
                    ],
                    [
                        144.996,
                        -37.7502
                    ],
                    [
                        144.9958,
                        -37.7503
                    ]
                ]
            }
        },
        {
            "type": "Feature",
            "id": "way/514050063",
            "properties": {},
            "geometry": {
                "type": "LineString",
                "coordinates": [
                    [
                        144.9961,
                        -37.7502
                    ],
                    [
                        144.9965,
                        -37.7502
                    ]
                ]
            }
        },
        {
            "type": "Feature",
            "id": "way/514050064",
            "properties": {},
            "geometry": {
                "type": "LineString",
                "coordinates": [
                    [
                        144.9975,
                        -37.7501
                    ],
                    [
                        144.9967,
                        -37.7501
                    ]
                ]
            }
        },
        {
            "type": "Feature",
            "id": "way/514050065",
            "properties": {},
            "geometry": {
                "type": "LineString",
                "coordinates": [
                    [
                        144.9962,
                        -37.75
                    ],
                    [
                        144.996,
                        -37.7498
                    ]
                ]
            }
        },
        {
            "type": "Feature",
            "id": "way/514050066",
            "properties": {},
            "geometry": {
                "type": "LineString",
                "coordinates": [
                    [
                        144.9958,
                        -37.7502
                    ],
                    [
                        144.996,
                        -37.7501
                    ],
                    [
                        144.9965,
                        -37.7501
                    ]
                ]
            }
        },
        {
            "type": "Feature",
            "id": "way/514050067",
            "properties": {},
            "geometry": {
                "type": "LineString",
                "coordinates": [
                    [
                        144.9965,
                        -37.7501
                    ],
                    [
                        144.9961,
                        -37.75
                    ]
                ]
            }
        },
        {
            "type": "Feature",
            "id": "way/514050068",
            "properties": {},
            "geometry": {
                "type": "LineString",
                "coordinates": [
                    [
                        144.9975,
                        -37.7501
                    ],
                    [
                        144.9967,
                        -37.75
                    ]
                ]
            }
        },
        {
            "type": "Feature",
            "id": "way/514050069",
            "properties": {},
            "geometry": {
                "type": "LineString",
                "coordinates": [
                    [
                        144.9968,
                        -37.7499
                    ],
                    [
                        144.9972,
                        -37.75
                    ]
                ]
            }
        },
        {
            "type": "Feature",
            "id": "way/514050070",
            "properties": {},
            "geometry": {
                "type": "LineString",
                "coordinates": [
                    [
                        144.9987,
                        -37.7516
                    ],
                    [
                        144.9986,
                        -37.7514
                    ],
                    [
                        144.9975,
                        -37.7514
                    ]
                ]
            }
        },
        {
            "type": "Feature",
            "id": "way/514050071",
            "properties": {},
            "geometry": {
                "type": "LineString",
                "coordinates": [
                    [
                        144.9985,
                        -37.7509
                    ],
                    [
                        144.9986,
                        -37.7503
                    ]
                ]
            }
        },
        {
            "type": "Feature",
            "id": "way/514050072",
            "properties": {},
            "geometry": {
                "type": "LineString",
                "coordinates": [
                    [
                        144.9986,
                        -37.7509
                    ],
                    [
                        144.9987,
                        -37.7503
                    ]
                ]
            }
        },
        {
            "type": "Feature",
            "id": "way/514050073",
            "properties": {},
            "geometry": {
                "type": "LineString",
                "coordinates": [
                    [
                        144.9986,
                        -37.7509
                    ],
                    [
                        144.9987,
                        -37.7503
                    ]
                ]
            }
        },
        {
            "type": "Feature",
            "id": "way/514050074",
            "properties": {},
            "geometry": {
                "type": "LineString",
                "coordinates": [
                    [
                        144.9988,
                        -37.7503
                    ],
                    [
                        144.9987,
                        -37.7509
                    ]
                ]
            }
        },
        {
            "type": "Feature",
            "id": "way/514050075",
            "properties": {},
            "geometry": {
                "type": "LineString",
                "coordinates": [
                    [
                        144.9989,
                        -37.7503
                    ],
                    [
                        144.9989,
                        -37.7501
                    ],
                    [
                        144.9987,
                        -37.75
                    ]
                ]
            }
        },
        {
            "type": "Feature",
            "id": "way/514050076",
            "properties": {},
            "geometry": {
                "type": "LineString",
                "coordinates": [
                    [
                        144.9985,
                        -37.7514
                    ],
                    [
                        144.9975,
                        -37.7513
                    ]
                ]
            }
        },
        {
            "type": "Feature",
            "id": "way/514050077",
            "properties": {},
            "geometry": {
                "type": "LineString",
                "coordinates": [
                    [
                        144.9988,
                        -37.7509
                    ],
                    [
                        144.9988,
                        -37.7512
                    ]
                ]
            }
        },
        {
            "type": "Feature",
            "id": "way/514050078",
            "properties": {},
            "geometry": {
                "type": "LineString",
                "coordinates": [
                    [
                        144.9988,
                        -37.7509
                    ],
                    [
                        144.9989,
                        -37.7503
                    ]
                ]
            }
        },
        {
            "type": "Feature",
            "id": "way/514050079",
            "properties": {},
            "geometry": {
                "type": "LineString",
                "coordinates": [
                    [
                        144.9973,
                        -37.7512
                    ],
                    [
                        144.9966,
                        -37.7512
                    ]
                ]
            }
        },
        {
            "type": "Feature",
            "id": "way/514050080",
            "properties": {},
            "geometry": {
                "type": "LineString",
                "coordinates": [
                    [
                        144.9966,
                        -37.7511
                    ],
                    [
                        144.9973,
                        -37.7512
                    ]
                ]
            }
        },
        {
            "type": "Feature",
            "id": "way/514050081",
            "properties": {},
            "geometry": {
                "type": "LineString",
                "coordinates": [
                    [
                        144.9975,
                        -37.7512
                    ],
                    [
                        144.9982,
                        -37.7512
                    ]
                ]
            }
        },
        {
            "type": "Feature",
            "id": "way/514050082",
            "properties": {},
            "geometry": {
                "type": "LineString",
                "coordinates": [
                    [
                        144.9973,
                        -37.7511
                    ],
                    [
                        144.9966,
                        -37.751
                    ]
                ]
            }
        },
        {
            "type": "Feature",
            "id": "way/514050083",
            "properties": {},
            "geometry": {
                "type": "LineString",
                "coordinates": [
                    [
                        144.9973,
                        -37.7511
                    ],
                    [
                        144.9966,
                        -37.751
                    ]
                ]
            }
        },
        {
            "type": "Feature",
            "id": "way/514050084",
            "properties": {},
            "geometry": {
                "type": "LineString",
                "coordinates": [
                    [
                        144.9964,
                        -37.7509
                    ],
                    [
                        144.996,
                        -37.7508
                    ]
                ]
            }
        },
        {
            "type": "Feature",
            "id": "way/514050085",
            "properties": {},
            "geometry": {
                "type": "LineString",
                "coordinates": [
                    [
                        144.996,
                        -37.7509
                    ],
                    [
                        144.9964,
                        -37.7509
                    ]
                ]
            }
        },
        {
            "type": "Feature",
            "id": "way/514050086",
            "properties": {},
            "geometry": {
                "type": "LineString",
                "coordinates": [
                    [
                        144.9964,
                        -37.7508
                    ],
                    [
                        144.996,
                        -37.7508
                    ]
                ]
            }
        },
        {
            "type": "Feature",
            "id": "way/514050087",
            "properties": {},
            "geometry": {
                "type": "LineString",
                "coordinates": [
                    [
                        144.9964,
                        -37.7507
                    ],
                    [
                        144.996,
                        -37.7507
                    ]
                ]
            }
        },
        {
            "type": "Feature",
            "id": "way/514050088",
            "properties": {},
            "geometry": {
                "type": "LineString",
                "coordinates": [
                    [
                        144.996,
                        -37.7507
                    ],
                    [
                        144.9964,
                        -37.7508
                    ]
                ]
            }
        },
        {
            "type": "Feature",
            "id": "way/514050089",
            "properties": {},
            "geometry": {
                "type": "LineString",
                "coordinates": [
                    [
                        144.9973,
                        -37.7508
                    ],
                    [
                        144.996,
                        -37.7507
                    ]
                ]
            }
        },
        {
            "type": "Feature",
            "id": "way/514050090",
            "properties": {},
            "geometry": {
                "type": "LineString",
                "coordinates": [
                    [
                        144.9975,
                        -37.7514
                    ],
                    [
                        144.9973,
                        -37.7513
                    ]
                ]
            }
        },
        {
            "type": "Feature",
            "id": "way/514050093",
            "properties": {},
            "geometry": {
                "type": "LineString",
                "coordinates": [
                    [
                        144.9973,
                        -37.7513
                    ],
                    [
                        144.9957,
                        -37.7512
                    ],
                    [
                        144.9955,
                        -37.7514
                    ]
                ]
            }
        },
        {
            "type": "Feature",
            "id": "way/514050095",
            "properties": {},
            "geometry": {
                "type": "LineString",
                "coordinates": [
                    [
                        144.9954,
                        -37.7514
                    ],
                    [
                        144.9955,
                        -37.7516
                    ],
                    [
                        144.9957,
                        -37.7517
                    ]
                ]
            }
        },
        {
            "type": "Feature",
            "id": "way/594172639",
            "properties": {},
            "geometry": {
                "type": "LineString",
                "coordinates": [
                    [
                        145.0272,
                        -37.8864
                    ],
                    [
                        145.027,
                        -37.8862
                    ],
                    [
                        145.0263,
                        -37.8862
                    ]
                ]
            }
        },
        {
            "type": "Feature",
            "id": "way/594172644",
            "properties": {},
            "geometry": {
                "type": "LineString",
                "coordinates": [
                    [
                        145.0272,
                        -37.8864
                    ],
                    [
                        145.027,
                        -37.8863
                    ],
                    [
                        145.026,
                        -37.8861
                    ]
                ]
            }
        },
        {
            "type": "Feature",
            "id": "way/594172647",
            "properties": {},
            "geometry": {
                "type": "LineString",
                "coordinates": [
                    [
                        145.0272,
                        -37.8867
                    ],
                    [
                        145.027,
                        -37.8863
                    ],
                    [
                        145.026,
                        -37.8862
                    ]
                ]
            }
        },
        {
            "type": "Feature",
            "id": "way/594172650",
            "properties": {},
            "geometry": {
                "type": "LineString",
                "coordinates": [
                    [
                        145.0272,
                        -37.8865
                    ],
                    [
                        145.027,
                        -37.8864
                    ],
                    [
                        145.026,
                        -37.8862
                    ]
                ]
            }
        },
        {
            "type": "Feature",
            "id": "way/594172653",
            "properties": {},
            "geometry": {
                "type": "LineString",
                "coordinates": [
                    [
                        145.0272,
                        -37.8865
                    ],
                    [
                        145.027,
                        -37.8864
                    ],
                    [
                        145.026,
                        -37.8863
                    ]
                ]
            }
        },
        {
            "type": "Feature",
            "id": "way/594172655",
            "properties": {},
            "geometry": {
                "type": "LineString",
                "coordinates": [
                    [
                        145.027,
                        -37.886
                    ],
                    [
                        145.0259,
                        -37.8858
                    ]
                ]
            }
        },
        {
            "type": "Feature",
            "id": "way/594172658",
            "properties": {},
            "geometry": {
                "type": "LineString",
                "coordinates": [
                    [
                        145.027,
                        -37.8861
                    ],
                    [
                        145.0259,
                        -37.8859
                    ]
                ]
            }
        },
        {
            "type": "Feature",
            "id": "way/594172661",
            "properties": {},
            "geometry": {
                "type": "LineString",
                "coordinates": [
                    [
                        145.027,
                        -37.8861
                    ],
                    [
                        145.0259,
                        -37.886
                    ]
                ]
            }
        },
        {
            "type": "Feature",
            "id": "way/594176922",
            "properties": {},
            "geometry": {
                "type": "LineString",
                "coordinates": [
                    [
                        145.0547,
                        -37.8298
                    ],
                    [
                        145.0539,
                        -37.8291
                    ]
                ]
            }
        },
        {
            "type": "Feature",
            "id": "way/594179903",
            "properties": {},
            "geometry": {
                "type": "LineString",
                "coordinates": [
                    [
                        144.9618,
                        -37.757
                    ],
                    [
                        144.9619,
                        -37.7573
                    ]
                ]
            }
        },
        {
            "type": "Feature",
            "id": "way/594179904",
            "properties": {},
            "geometry": {
                "type": "LineString",
                "coordinates": [
                    [
                        144.9619,
                        -37.757
                    ],
                    [
                        144.9618,
                        -37.7568
                    ]
                ]
            }
        },
        {
            "type": "Feature",
            "id": "way/594179906",
            "properties": {},
            "geometry": {
                "type": "LineString",
                "coordinates": [
                    [
                        144.9619,
                        -37.7568
                    ],
                    [
                        144.9619,
                        -37.7567
                    ]
                ]
            }
        },
        {
            "type": "Feature",
            "id": "way/594179907",
            "properties": {},
            "geometry": {
                "type": "LineString",
                "coordinates": [
                    [
                        144.962,
                        -37.7569
                    ],
                    [
                        144.9623,
                        -37.757
                    ]
                ]
            }
        },
        {
            "type": "Feature",
            "id": "way/594179908",
            "properties": {},
            "geometry": {
                "type": "LineString",
                "coordinates": [
                    [
                        144.962,
                        -37.757
                    ],
                    [
                        144.9623,
                        -37.757
                    ]
                ]
            }
        },
        {
            "type": "Feature",
            "id": "way/594179909",
            "properties": {},
            "geometry": {
                "type": "LineString",
                "coordinates": [
                    [
                        144.962,
                        -37.757
                    ],
                    [
                        144.9623,
                        -37.7571
                    ]
                ]
            }
        },
        {
            "type": "Feature",
            "id": "way/594179910",
            "properties": {},
            "geometry": {
                "type": "LineString",
                "coordinates": [
                    [
                        144.962,
                        -37.7571
                    ],
                    [
                        144.9622,
                        -37.7571
                    ]
                ]
            }
        },
        {
            "type": "Feature",
            "id": "way/594179911",
            "properties": {},
            "geometry": {
                "type": "LineString",
                "coordinates": [
                    [
                        144.962,
                        -37.7571
                    ],
                    [
                        144.9622,
                        -37.7572
                    ]
                ]
            }
        },
        {
            "type": "Feature",
            "id": "way/594179912",
            "properties": {},
            "geometry": {
                "type": "LineString",
                "coordinates": [
                    [
                        144.9623,
                        -37.757
                    ],
                    [
                        144.9637,
                        -37.7571
                    ]
                ]
            }
        },
        {
            "type": "Feature",
            "id": "way/594179913",
            "properties": {},
            "geometry": {
                "type": "LineString",
                "coordinates": [
                    [
                        144.9623,
                        -37.757
                    ],
                    [
                        144.9636,
                        -37.7572
                    ]
                ]
            }
        },
        {
            "type": "Feature",
            "id": "way/594179914",
            "properties": {},
            "geometry": {
                "type": "LineString",
                "coordinates": [
                    [
                        144.9623,
                        -37.757
                    ],
                    [
                        144.9636,
                        -37.7572
                    ]
                ]
            }
        },
        {
            "type": "Feature",
            "id": "way/594179915",
            "properties": {},
            "geometry": {
                "type": "LineString",
                "coordinates": [
                    [
                        144.9623,
                        -37.7571
                    ],
                    [
                        144.9636,
                        -37.7572
                    ]
                ]
            }
        },
        {
            "type": "Feature",
            "id": "way/594179916",
            "properties": {},
            "geometry": {
                "type": "LineString",
                "coordinates": [
                    [
                        144.9622,
                        -37.7571
                    ],
                    [
                        144.9636,
                        -37.7573
                    ]
                ]
            }
        },
        {
            "type": "Feature",
            "id": "way/594179917",
            "properties": {},
            "geometry": {
                "type": "LineString",
                "coordinates": [
                    [
                        144.9622,
                        -37.7571
                    ],
                    [
                        144.9636,
                        -37.7573
                    ]
                ]
            }
        },
        {
            "type": "Feature",
            "id": "way/594179918",
            "properties": {},
            "geometry": {
                "type": "LineString",
                "coordinates": [
                    [
                        144.9622,
                        -37.7572
                    ],
                    [
                        144.9636,
                        -37.7573
                    ]
                ]
            }
        },
        {
            "type": "Feature",
            "id": "way/594179919",
            "properties": {},
            "geometry": {
                "type": "LineString",
                "coordinates": [
                    [
                        144.9622,
                        -37.7572
                    ],
                    [
                        144.9636,
                        -37.7574
                    ]
                ]
            }
        },
        {
            "type": "Feature",
            "id": "way/594179920",
            "properties": {},
            "geometry": {
                "type": "LineString",
                "coordinates": [
                    [
                        144.962,
                        -37.7561
                    ],
                    [
                        144.962,
                        -37.7562
                    ]
                ]
            }
        },
        {
            "type": "Feature",
            "id": "way/594478538",
            "properties": {},
            "geometry": {
                "type": "LineString",
                "coordinates": [
                    [
                        144.9313,
                        -37.7794
                    ],
                    [
                        144.9314,
                        -37.7791
                    ]
                ]
            }
        },
        {
            "type": "Feature",
            "id": "way/594478541",
            "properties": {},
            "geometry": {
                "type": "LineString",
                "coordinates": [
                    [
                        144.9313,
                        -37.7792
                    ],
                    [
                        144.9314,
                        -37.7791
                    ]
                ]
            }
        },
        {
            "type": "Feature",
            "id": "way/594478544",
            "properties": {},
            "geometry": {
                "type": "LineString",
                "coordinates": [
                    [
                        144.9313,
                        -37.7792
                    ],
                    [
                        144.9315,
                        -37.7792
                    ]
                ]
            }
        },
        {
            "type": "Feature",
            "id": "way/594478548",
            "properties": {},
            "geometry": {
                "type": "LineString",
                "coordinates": [
                    [
                        144.9312,
                        -37.7793
                    ],
                    [
                        144.9313,
                        -37.779
                    ]
                ]
            }
        },
        {
            "type": "Feature",
            "id": "way/594478551",
            "properties": {},
            "geometry": {
                "type": "LineString",
                "coordinates": [
                    [
                        144.9312,
                        -37.7792
                    ],
                    [
                        144.9314,
                        -37.779
                    ]
                ]
            }
        },
        {
            "type": "Feature",
            "id": "way/594478555",
            "properties": {},
            "geometry": {
                "type": "LineString",
                "coordinates": [
                    [
                        144.9312,
                        -37.7792
                    ],
                    [
                        144.9314,
                        -37.7791
                    ]
                ]
            }
        },
        {
            "type": "Feature",
            "id": "way/594478559",
            "properties": {},
            "geometry": {
                "type": "LineString",
                "coordinates": [
                    [
                        144.9313,
                        -37.779
                    ],
                    [
                        144.9319,
                        -37.7788
                    ]
                ]
            }
        },
        {
            "type": "Feature",
            "id": "way/594478563",
            "properties": {},
            "geometry": {
                "type": "LineString",
                "coordinates": [
                    [
                        144.9314,
                        -37.779
                    ],
                    [
                        144.9319,
                        -37.7788
                    ]
                ]
            }
        },
        {
            "type": "Feature",
            "id": "way/594478569",
            "properties": {},
            "geometry": {
                "type": "LineString",
                "coordinates": [
                    [
                        144.9314,
                        -37.7791
                    ],
                    [
                        144.9319,
                        -37.7788
                    ]
                ]
            }
        },
        {
            "type": "Feature",
            "id": "way/594478573",
            "properties": {},
            "geometry": {
                "type": "LineString",
                "coordinates": [
                    [
                        144.9314,
                        -37.7791
                    ],
                    [
                        144.9319,
                        -37.7788
                    ]
                ]
            }
        },
        {
            "type": "Feature",
            "id": "way/594478579",
            "properties": {},
            "geometry": {
                "type": "LineString",
                "coordinates": [
                    [
                        144.9315,
                        -37.7792
                    ],
                    [
                        144.932,
                        -37.7789
                    ]
                ]
            }
        },
        {
            "type": "Feature",
            "id": "way/594478582",
            "properties": {},
            "geometry": {
                "type": "LineString",
                "coordinates": [
                    [
                        144.9314,
                        -37.7791
                    ],
                    [
                        144.932,
                        -37.7789
                    ]
                ]
            }
        },
        {
            "type": "Feature",
            "id": "way/594478586",
            "properties": {},
            "geometry": {
                "type": "LineString",
                "coordinates": [
                    [
                        144.9311,
                        -37.7792
                    ],
                    [
                        144.9312,
                        -37.779
                    ]
                ]
            }
        },
        {
            "type": "Feature",
            "id": "way/594478589",
            "properties": {},
            "geometry": {
                "type": "LineString",
                "coordinates": [
                    [
                        144.9311,
                        -37.7791
                    ],
                    [
                        144.9312,
                        -37.779
                    ]
                ]
            }
        },
        {
            "type": "Feature",
            "id": "way/594478593",
            "properties": {},
            "geometry": {
                "type": "LineString",
                "coordinates": [
                    [
                        144.9311,
                        -37.7791
                    ],
                    [
                        144.9312,
                        -37.779
                    ]
                ]
            }
        },
        {
            "type": "Feature",
            "id": "way/594478598",
            "properties": {},
            "geometry": {
                "type": "LineString",
                "coordinates": [
                    [
                        144.9312,
                        -37.779
                    ],
                    [
                        144.9318,
                        -37.7787
                    ]
                ]
            }
        },
        {
            "type": "Feature",
            "id": "way/594478602",
            "properties": {},
            "geometry": {
                "type": "LineString",
                "coordinates": [
                    [
                        144.9312,
                        -37.779
                    ],
                    [
                        144.9318,
                        -37.7787
                    ]
                ]
            }
        },
        {
            "type": "Feature",
            "id": "way/594478605",
            "properties": {},
            "geometry": {
                "type": "LineString",
                "coordinates": [
                    [
                        144.9312,
                        -37.779
                    ],
                    [
                        144.9318,
                        -37.7787
                    ]
                ]
            }
        },
        {
            "type": "Feature",
            "id": "way/594478608",
            "properties": {},
            "geometry": {
                "type": "LineString",
                "coordinates": [
                    [
                        144.9311,
                        -37.7789
                    ],
                    [
                        144.9317,
                        -37.7786
                    ]
                ]
            }
        },
        {
            "type": "Feature",
            "id": "way/594478611",
            "properties": {},
            "geometry": {
                "type": "LineString",
                "coordinates": [
                    [
                        144.9311,
                        -37.7789
                    ],
                    [
                        144.9317,
                        -37.7786
                    ]
                ]
            }
        },
        {
            "type": "Feature",
            "id": "way/594478615",
            "properties": {},
            "geometry": {
                "type": "LineString",
                "coordinates": [
                    [
                        144.9311,
                        -37.779
                    ],
                    [
                        144.9311,
                        -37.7789
                    ]
                ]
            }
        },
        {
            "type": "Feature",
            "id": "way/594478618",
            "properties": {},
            "geometry": {
                "type": "LineString",
                "coordinates": [
                    [
                        144.9311,
                        -37.7791
                    ],
                    [
                        144.9311,
                        -37.7789
                    ]
                ]
            }
        },
        {
            "type": "Feature",
            "id": "way/594478622",
            "properties": {},
            "geometry": {
                "type": "LineString",
                "coordinates": [
                    [
                        144.9311,
                        -37.779
                    ],
                    [
                        144.9312,
                        -37.7789
                    ]
                ]
            }
        },
        {
            "type": "Feature",
            "id": "way/594478625",
            "properties": {},
            "geometry": {
                "type": "LineString",
                "coordinates": [
                    [
                        144.9312,
                        -37.7789
                    ],
                    [
                        144.9318,
                        -37.7786
                    ]
                ]
            }
        },
        {
            "type": "Feature",
            "id": "way/594478629",
            "properties": {},
            "geometry": {
                "type": "LineString",
                "coordinates": [
                    [
                        144.931,
                        -37.7787
                    ],
                    [
                        144.9316,
                        -37.7784
                    ]
                ]
            }
        },
        {
            "type": "Feature",
            "id": "way/594478632",
            "properties": {},
            "geometry": {
                "type": "LineString",
                "coordinates": [
                    [
                        144.931,
                        -37.7787
                    ],
                    [
                        144.9316,
                        -37.7784
                    ]
                ]
            }
        },
        {
            "type": "Feature",
            "id": "way/594478635",
            "properties": {},
            "geometry": {
                "type": "LineString",
                "coordinates": [
                    [
                        144.9309,
                        -37.7788
                    ],
                    [
                        144.931,
                        -37.7787
                    ]
                ]
            }
        },
        {
            "type": "Feature",
            "id": "way/594478639",
            "properties": {},
            "geometry": {
                "type": "LineString",
                "coordinates": [
                    [
                        144.9309,
                        -37.7789
                    ],
                    [
                        144.931,
                        -37.7787
                    ]
                ]
            }
        },
        {
            "type": "Feature",
            "id": "way/594478644",
            "properties": {},
            "geometry": {
                "type": "LineString",
                "coordinates": [
                    [
                        144.9309,
                        -37.7788
                    ],
                    [
                        144.931,
                        -37.7787
                    ]
                ]
            }
        },
        {
            "type": "Feature",
            "id": "way/594478649",
            "properties": {},
            "geometry": {
                "type": "LineString",
                "coordinates": [
                    [
                        144.931,
                        -37.7787
                    ],
                    [
                        144.9316,
                        -37.7784
                    ]
                ]
            }
        },
        {
            "type": "Feature",
            "id": "way/594478652",
            "properties": {},
            "geometry": {
                "type": "LineString",
                "coordinates": [
                    [
                        144.931,
                        -37.779
                    ],
                    [
                        144.9311,
                        -37.7788
                    ]
                ]
            }
        },
        {
            "type": "Feature",
            "id": "way/594478656",
            "properties": {},
            "geometry": {
                "type": "LineString",
                "coordinates": [
                    [
                        144.9311,
                        -37.7788
                    ],
                    [
                        144.9317,
                        -37.7785
                    ]
                ]
            }
        },
        {
            "type": "Feature",
            "id": "way/594478659",
            "properties": {},
            "geometry": {
                "type": "LineString",
                "coordinates": [
                    [
                        144.9311,
                        -37.7788
                    ],
                    [
                        144.9317,
                        -37.7785
                    ]
                ]
            }
        },
        {
            "type": "Feature",
            "id": "way/594478662",
            "properties": {},
            "geometry": {
                "type": "LineString",
                "coordinates": [
                    [
                        144.9311,
                        -37.7788
                    ],
                    [
                        144.9317,
                        -37.7785
                    ]
                ]
            }
        },
        {
            "type": "Feature",
            "id": "way/594478666",
            "properties": {},
            "geometry": {
                "type": "LineString",
                "coordinates": [
                    [
                        144.931,
                        -37.7789
                    ],
                    [
                        144.9311,
                        -37.7788
                    ]
                ]
            }
        },
        {
            "type": "Feature",
            "id": "way/594478669",
            "properties": {},
            "geometry": {
                "type": "LineString",
                "coordinates": [
                    [
                        144.931,
                        -37.7789
                    ],
                    [
                        144.9311,
                        -37.7788
                    ]
                ]
            }
        },
        {
            "type": "Feature",
            "id": "way/594478672",
            "properties": {},
            "geometry": {
                "type": "LineString",
                "coordinates": [
                    [
                        144.9307,
                        -37.7785
                    ],
                    [
                        144.9313,
                        -37.7782
                    ]
                ]
            }
        },
        {
            "type": "Feature",
            "id": "way/594478677",
            "properties": {},
            "geometry": {
                "type": "LineString",
                "coordinates": [
                    [
                        144.9307,
                        -37.7785
                    ],
                    [
                        144.9313,
                        -37.7782
                    ]
                ]
            }
        },
        {
            "type": "Feature",
            "id": "way/594478681",
            "properties": {},
            "geometry": {
                "type": "LineString",
                "coordinates": [
                    [
                        144.9307,
                        -37.7787
                    ],
                    [
                        144.9308,
                        -37.7785
                    ],
                    [
                        144.9314,
                        -37.7782
                    ]
                ]
            }
        },
        {
            "type": "Feature",
            "id": "way/594478687",
            "properties": {},
            "geometry": {
                "type": "LineString",
                "coordinates": [
                    [
                        144.9308,
                        -37.7786
                    ],
                    [
                        144.9314,
                        -37.7782
                    ]
                ]
            }
        },
        {
            "type": "Feature",
            "id": "way/594478692",
            "properties": {},
            "geometry": {
                "type": "LineString",
                "coordinates": [
                    [
                        144.9308,
                        -37.7786
                    ],
                    [
                        144.9314,
                        -37.7783
                    ]
                ]
            }
        },
        {
            "type": "Feature",
            "id": "way/594478695",
            "properties": {},
            "geometry": {
                "type": "LineString",
                "coordinates": [
                    [
                        144.9313,
                        -37.7781
                    ],
                    [
                        144.9307,
                        -37.7784
                    ],
                    [
                        144.9307,
                        -37.7786
                    ],
                    [
                        144.9313,
                        -37.7795
                    ]
                ]
            }
        },
        {
            "type": "Feature",
            "id": "way/594493887",
            "properties": {},
            "geometry": {
                "type": "LineString",
                "coordinates": [
                    [
                        145.0068,
                        -37.7449
                    ],
                    [
                        145.0068,
                        -37.7447
                    ],
                    [
                        145.0061,
                        -37.7443
                    ]
                ]
            }
        },
        {
            "type": "Feature",
            "id": "way/594493907",
            "properties": {},
            "geometry": {
                "type": "LineString",
                "coordinates": [
                    [
                        145.0061,
                        -37.7442
                    ],
                    [
                        145.0061,
                        -37.744
                    ]
                ]
            }
        },
        {
            "type": "Feature",
            "id": "way/594493919",
            "properties": {},
            "geometry": {
                "type": "LineString",
                "coordinates": [
                    [
                        145.0061,
                        -37.7442
                    ],
                    [
                        145.0061,
                        -37.744
                    ]
                ]
            }
        },
        {
            "type": "Feature",
            "id": "way/594493941",
            "properties": {},
            "geometry": {
                "type": "LineString",
                "coordinates": [
                    [
                        145.0067,
                        -37.7449
                    ],
                    [
                        145.0067,
                        -37.7447
                    ],
                    [
                        145.0062,
                        -37.7444
                    ],
                    [
                        145.006,
                        -37.744
                    ]
                ]
            }
        },
        {
            "type": "Feature",
            "id": "way/594493965",
            "properties": {},
            "geometry": {
                "type": "LineString",
                "coordinates": [
                    [
                        145.006,
                        -37.744
                    ],
                    [
                        145.0062,
                        -37.743
                    ]
                ]
            }
        },
        {
            "type": "Feature",
            "id": "way/594494000",
            "properties": {},
            "geometry": {
                "type": "LineString",
                "coordinates": [
                    [
                        145.0061,
                        -37.744
                    ],
                    [
                        145.0063,
                        -37.743
                    ]
                ]
            }
        },
        {
            "type": "Feature",
            "id": "way/594494015",
            "properties": {},
            "geometry": {
                "type": "LineString",
                "coordinates": [
                    [
                        145.0061,
                        -37.744
                    ],
                    [
                        145.0063,
                        -37.743
                    ]
                ]
            }
        },
        {
            "type": "Feature",
            "id": "way/594494021",
            "properties": {},
            "geometry": {
                "type": "LineString",
                "coordinates": [
                    [
                        145.0063,
                        -37.7445
                    ],
                    [
                        145.0062,
                        -37.744
                    ]
                ]
            }
        },
        {
            "type": "Feature",
            "id": "way/594494028",
            "properties": {},
            "geometry": {
                "type": "LineString",
                "coordinates": [
                    [
                        145.0062,
                        -37.744
                    ],
                    [
                        145.0064,
                        -37.7431
                    ]
                ]
            }
        },
        {
            "type": "Feature",
            "id": "way/594494037",
            "properties": {},
            "geometry": {
                "type": "LineString",
                "coordinates": [
                    [
                        145.0062,
                        -37.7442
                    ],
                    [
                        145.0062,
                        -37.744
                    ]
                ]
            }
        },
        {
            "type": "Feature",
            "id": "way/594494043",
            "properties": {},
            "geometry": {
                "type": "LineString",
                "coordinates": [
                    [
                        145.0062,
                        -37.744
                    ],
                    [
                        145.0064,
                        -37.7431
                    ]
                ]
            }
        },
        {
            "type": "Feature",
            "id": "way/594494047",
            "properties": {},
            "geometry": {
                "type": "LineString",
                "coordinates": [
                    [
                        145.0063,
                        -37.744
                    ],
                    [
                        145.0064,
                        -37.7431
                    ]
                ]
            }
        },
        {
            "type": "Feature",
            "id": "way/594494052",
            "properties": {},
            "geometry": {
                "type": "LineString",
                "coordinates": [
                    [
                        145.0062,
                        -37.7443
                    ],
                    [
                        145.0063,
                        -37.744
                    ]
                ]
            }
        },
        {
            "type": "Feature",
            "id": "way/594494055",
            "properties": {},
            "geometry": {
                "type": "LineString",
                "coordinates": [
                    [
                        145.0063,
                        -37.7445
                    ],
                    [
                        145.0062,
                        -37.7444
                    ]
                ]
            }
        },
        {
            "type": "Feature",
            "id": "way/594494061",
            "properties": {},
            "geometry": {
                "type": "LineString",
                "coordinates": [
                    [
                        145.0065,
                        -37.7446
                    ],
                    [
                        145.0063,
                        -37.744
                    ]
                ]
            }
        },
        {
            "type": "Feature",
            "id": "way/594494063",
            "properties": {},
            "geometry": {
                "type": "LineString",
                "coordinates": [
                    [
                        145.0065,
                        -37.7445
                    ],
                    [
                        145.0064,
                        -37.7444
                    ]
                ]
            }
        },
        {
            "type": "Feature",
            "id": "way/594494065",
            "properties": {},
            "geometry": {
                "type": "LineString",
                "coordinates": [
                    [
                        145.0064,
                        -37.7444
                    ],
                    [
                        145.0064,
                        -37.744
                    ]
                ]
            }
        },
        {
            "type": "Feature",
            "id": "way/594494068",
            "properties": {},
            "geometry": {
                "type": "LineString",
                "coordinates": [
                    [
                        145.0063,
                        -37.7443
                    ],
                    [
                        145.0064,
                        -37.744
                    ]
                ]
            }
        },
        {
            "type": "Feature",
            "id": "way/594494070",
            "properties": {},
            "geometry": {
                "type": "LineString",
                "coordinates": [
                    [
                        145.0063,
                        -37.744
                    ],
                    [
                        145.0065,
                        -37.7431
                    ]
                ]
            }
        },
        {
            "type": "Feature",
            "id": "way/594494076",
            "properties": {},
            "geometry": {
                "type": "LineString",
                "coordinates": [
                    [
                        145.0064,
                        -37.744
                    ],
                    [
                        145.0065,
                        -37.7431
                    ]
                ]
            }
        },
        {
            "type": "Feature",
            "id": "way/594494082",
            "properties": {},
            "geometry": {
                "type": "LineString",
                "coordinates": [
                    [
                        145.0064,
                        -37.744
                    ],
                    [
                        145.0066,
                        -37.7431
                    ]
                ]
            }
        },
        {
            "type": "Feature",
            "id": "way/594494087",
            "properties": {},
            "geometry": {
                "type": "LineString",
                "coordinates": [
                    [
                        145.0064,
                        -37.7443
                    ],
                    [
                        145.0065,
                        -37.744
                    ]
                ]
            }
        },
        {
            "type": "Feature",
            "id": "way/594494093",
            "properties": {},
            "geometry": {
                "type": "LineString",
                "coordinates": [
                    [
                        145.0065,
                        -37.744
                    ],
                    [
                        145.0066,
                        -37.7431
                    ]
                ]
            }
        },
        {
            "type": "Feature",
            "id": "way/594494096",
            "properties": {},
            "geometry": {
                "type": "LineString",
                "coordinates": [
                    [
                        145.0066,
                        -37.7446
                    ],
                    [
                        145.0064,
                        -37.7443
                    ],
                    [
                        145.0067,
                        -37.7439
                    ],
                    [
                        145.0068,
                        -37.7431
                    ]
                ]
            }
        },
        {
            "type": "Feature",
            "id": "way/594494099",
            "properties": {},
            "geometry": {
                "type": "LineString",
                "coordinates": [
                    [
                        145.0065,
                        -37.7445
                    ],
                    [
                        145.0066,
                        -37.7446
                    ]
                ]
            }
        },
        {
            "type": "Feature",
            "id": "way/594494102",
            "properties": {},
            "geometry": {
                "type": "LineString",
                "coordinates": [
                    [
                        145.0066,
                        -37.7441
                    ],
                    [
                        145.0068,
                        -37.7431
                    ]
                ]
            }
        },
        {
            "type": "Feature",
            "id": "way/594494105",
            "properties": {},
            "geometry": {
                "type": "LineString",
                "coordinates": [
                    [
                        145.0065,
                        -37.7441
                    ],
                    [
                        145.0067,
                        -37.7431
                    ]
                ]
            }
        },
        {
            "type": "Feature",
            "id": "way/594498495",
            "properties": {},
            "geometry": {
                "type": "LineString",
                "coordinates": [
                    [
                        145.027,
                        -37.8861
                    ],
                    [
                        145.0259,
                        -37.8859
                    ]
                ]
            }
        },
        {
            "type": "Feature",
            "id": "way/594498498",
            "properties": {},
            "geometry": {
                "type": "LineString",
                "coordinates": [
                    [
                        145.027,
                        -37.8859
                    ],
                    [
                        145.0259,
                        -37.8858
                    ]
                ]
            }
        },
        {
            "type": "Feature",
            "id": "way/594500875",
            "properties": {},
            "geometry": {
                "type": "LineString",
                "coordinates": [
                    [
                        145.0228,
                        -37.8127
                    ],
                    [
                        145.0223,
                        -37.8128
                    ]
                ]
            }
        },
        {
            "type": "Feature",
            "id": "way/594500876",
            "properties": {},
            "geometry": {
                "type": "LineString",
                "coordinates": [
                    [
                        145.0224,
                        -37.8127
                    ],
                    [
                        145.0227,
                        -37.8127
                    ]
                ]
            }
        },
        {
            "type": "Feature",
            "id": "way/594500877",
            "properties": {},
            "geometry": {
                "type": "LineString",
                "coordinates": [
                    [
                        145.0224,
                        -37.8127
                    ],
                    [
                        145.0227,
                        -37.8127
                    ]
                ]
            }
        },
        {
            "type": "Feature",
            "id": "way/594500879",
            "properties": {},
            "geometry": {
                "type": "LineString",
                "coordinates": [
                    [
                        145.0229,
                        -37.8125
                    ],
                    [
                        145.0224,
                        -37.8127
                    ]
                ]
            }
        },
        {
            "type": "Feature",
            "id": "way/594500880",
            "properties": {},
            "geometry": {
                "type": "LineString",
                "coordinates": [
                    [
                        145.0225,
                        -37.8126
                    ],
                    [
                        145.0228,
                        -37.8126
                    ]
                ]
            }
        },
        {
            "type": "Feature",
            "id": "way/594500881",
            "properties": {},
            "geometry": {
                "type": "LineString",
                "coordinates": [
                    [
                        145.0237,
                        -37.8127
                    ],
                    [
                        145.0228,
                        -37.8126
                    ]
                ]
            }
        },
        {
            "type": "Feature",
            "id": "way/594500884",
            "properties": {},
            "geometry": {
                "type": "LineString",
                "coordinates": [
                    [
                        145.0225,
                        -37.8125
                    ],
                    [
                        145.0229,
                        -37.8125
                    ]
                ]
            }
        },
        {
            "type": "Feature",
            "id": "way/594500885",
            "properties": {},
            "geometry": {
                "type": "LineString",
                "coordinates": [
                    [
                        145.0229,
                        -37.8125
                    ],
                    [
                        145.0238,
                        -37.8126
                    ]
                ]
            }
        },
        {
            "type": "Feature",
            "id": "way/594500886",
            "properties": {},
            "geometry": {
                "type": "LineString",
                "coordinates": [
                    [
                        145.0229,
                        -37.8125
                    ],
                    [
                        145.0226,
                        -37.8125
                    ]
                ]
            }
        },
        {
            "type": "Feature",
            "id": "way/604634136",
            "properties": {},
            "geometry": {
                "type": "LineString",
                "coordinates": [
                    [
                        144.9718,
                        -37.8325
                    ],
                    [
                        144.9714,
                        -37.8311
                    ],
                    [
                        144.9713,
                        -37.8293
                    ],
                    [
                        144.9714,
                        -37.8273
                    ],
                    [
                        144.9712,
                        -37.826
                    ],
                    [
                        144.971,
                        -37.8252
                    ],
                    [
                        144.97,
                        -37.8231
                    ]
                ]
            }
        },
        {
            "type": "Feature",
            "id": "way/625212280",
            "properties": {},
            "geometry": {
                "type": "LineString",
                "coordinates": [
                    [
                        144.9971,
                        -37.7497
                    ],
                    [
                        144.9988,
                        -37.7499
                    ],
                    [
                        144.999,
                        -37.7502
                    ]
                ]
            }
        },
        {
            "type": "Feature",
            "id": "way/630992817",
            "properties": {},
            "geometry": {
                "type": "LineString",
                "coordinates": [
                    [
                        144.9734,
                        -37.8066
                    ],
                    [
                        144.9734,
                        -37.8068
                    ]
                ]
            }
        },
        {
            "type": "Feature",
            "id": "way/677590629",
            "properties": {},
            "geometry": {
                "type": "LineString",
                "coordinates": [
                    [
                        144.988,
                        -37.8245
                    ],
                    [
                        144.9877,
                        -37.8245
                    ]
                ]
            }
        },
        {
            "type": "Feature",
            "id": "way/722999499",
            "properties": {},
            "geometry": {
                "type": "LineString",
                "coordinates": [
                    [
                        144.9971,
                        -37.7788
                    ],
                    [
                        144.9973,
                        -37.7775
                    ]
                ]
            }
        },
        {
            "type": "Feature",
            "id": "way/722999500",
            "properties": {},
            "geometry": {
                "type": "LineString",
                "coordinates": [
                    [
                        144.9973,
                        -37.7775
                    ],
                    [
                        144.9992,
                        -37.7685
                    ],
                    [
                        144.9992,
                        -37.7668
                    ],
                    [
                        145.0016,
                        -37.7525
                    ]
                ]
            }
        },
        {
            "type": "Feature",
            "id": "way/722999501",
            "properties": {},
            "geometry": {
                "type": "LineString",
                "coordinates": [
                    [
                        144.9974,
                        -37.7775
                    ],
                    [
                        144.9971,
                        -37.7788
                    ]
                ]
            }
        },
        {
            "type": "Feature",
            "id": "way/722999502",
            "properties": {},
            "geometry": {
                "type": "LineString",
                "coordinates": [
                    [
                        144.9971,
                        -37.7788
                    ],
                    [
                        144.9962,
                        -37.7839
                    ],
                    [
                        144.9959,
                        -37.7844
                    ]
                ]
            }
        },
        {
            "type": "Feature",
            "id": "way/725213926",
            "properties": {},
            "geometry": {
                "type": "LineString",
                "coordinates": [
                    [
                        144.9776,
                        -37.8671
                    ],
                    [
                        144.9779,
                        -37.8671
                    ]
                ]
            }
        },
        {
            "type": "Feature",
            "id": "way/741178272",
            "properties": {},
            "geometry": {
                "type": "LineString",
                "coordinates": [
                    [
                        144.9603,
                        -37.7775
                    ],
                    [
                        144.9603,
                        -37.7777
                    ]
                ]
            }
        },
        {
            "type": "Feature",
            "id": "way/753184893",
            "properties": {},
            "geometry": {
                "type": "LineString",
                "coordinates": [
                    [
                        145.107,
                        -37.8159
                    ],
                    [
                        145.12,
                        -37.8175
                    ]
                ]
            }
        },
        {
            "type": "Feature",
            "id": "way/781767510",
            "properties": {},
            "geometry": {
                "type": "LineString",
                "coordinates": [
                    [
                        145.2212,
                        -38.0004
                    ],
                    [
                        145.2209,
                        -38.0003
                    ]
                ]
            }
        },
        {
            "type": "Feature",
            "id": "way/781767511",
            "properties": {},
            "geometry": {
                "type": "LineString",
                "coordinates": [
                    [
                        145.2217,
                        -38.0008
                    ],
                    [
                        145.2208,
                        -38.0007
                    ]
                ]
            }
        },
        {
            "type": "Feature",
            "id": "way/783547986",
            "properties": {},
            "geometry": {
                "type": "LineString",
                "coordinates": [
                    [
                        144.9852,
                        -37.8559
                    ],
                    [
                        144.9899,
                        -37.8565
                    ],
                    [
                        144.9907,
                        -37.8568
                    ],
                    [
                        144.9923,
                        -37.8576
                    ]
                ]
            }
        },
        {
            "type": "Feature",
            "id": "way/783547989",
            "properties": {},
            "geometry": {
                "type": "LineString",
                "coordinates": [
                    [
                        144.9834,
                        -37.8557
                    ],
                    [
                        144.983,
                        -37.8556
                    ]
                ]
            }
        },
        {
            "type": "Feature",
            "id": "way/785748199",
            "properties": {},
            "geometry": {
                "type": "LineString",
                "coordinates": [
                    [
                        144.9644,
                        -37.8107
                    ],
                    [
                        144.9642,
                        -37.8105
                    ]
                ]
            }
        },
        {
            "type": "Feature",
            "id": "way/792107457",
            "properties": {},
            "geometry": {
                "type": "LineString",
                "coordinates": [
                    [
                        144.9427,
                        -37.7898
                    ],
                    [
                        144.9429,
                        -37.7899
                    ]
                ]
            }
        },
        {
            "type": "Feature",
            "id": "way/808607177",
            "properties": {},
            "geometry": {
                "type": "LineString",
                "coordinates": [
                    [
                        144.9955,
                        -37.7513
                    ],
                    [
                        144.9957,
                        -37.7512
                    ],
                    [
                        144.9967,
                        -37.7513
                    ]
                ]
            }
        },
        {
            "type": "Feature",
            "id": "way/808607180",
            "properties": {},
            "geometry": {
                "type": "LineString",
                "coordinates": [
                    [
                        144.9966,
                        -37.7512
                    ],
                    [
                        144.9958,
                        -37.7511
                    ],
                    [
                        144.9955,
                        -37.7512
                    ]
                ]
            }
        },
        {
            "type": "Feature",
            "id": "way/808648202",
            "properties": {},
            "geometry": {
                "type": "LineString",
                "coordinates": [
                    [
                        144.9968,
                        -37.7499
                    ],
                    [
                        144.996,
                        -37.7499
                    ]
                ]
            }
        },
        {
            "type": "Feature",
            "id": "way/808648203",
            "properties": {},
            "geometry": {
                "type": "LineString",
                "coordinates": [
                    [
                        144.9967,
                        -37.7503
                    ],
                    [
                        144.9974,
                        -37.7504
                    ]
                ]
            }
        },
        {
            "type": "Feature",
            "id": "way/808648204",
            "properties": {},
            "geometry": {
                "type": "LineString",
                "coordinates": [
                    [
                        144.9961,
                        -37.7499
                    ],
                    [
                        144.9965,
                        -37.75
                    ]
                ]
            }
        },
        {
            "type": "Feature",
            "id": "way/808648205",
            "properties": {},
            "geometry": {
                "type": "LineString",
                "coordinates": [
                    [
                        144.9962,
                        -37.7498
                    ],
                    [
                        144.9978,
                        -37.7499
                    ]
                ]
            }
        },
        {
            "type": "Feature",
            "id": "way/859488007",
            "properties": {},
            "geometry": {
                "type": "LineString",
                "coordinates": [
                    [
                        144.9579,
                        -37.8363
                    ],
                    [
                        144.9613,
                        -37.8353
                    ]
                ]
            }
        },
        {
            "type": "Feature",
            "id": "way/859488008",
            "properties": {},
            "geometry": {
                "type": "LineString",
                "coordinates": [
                    [
                        144.9573,
                        -37.8364
                    ],
                    [
                        144.9579,
                        -37.8363
                    ]
                ]
            }
        },
        {
            "type": "Feature",
            "id": "way/907889518",
            "properties": {},
            "geometry": {
                "type": "LineString",
                "coordinates": [
                    [
                        145.0431,
                        -37.8756
                    ],
                    [
                        145.0423,
                        -37.8755
                    ],
                    [
                        145.042,
                        -37.8756
                    ]
                ]
            }
        },
        {
            "type": "Feature",
            "id": "way/907891640",
            "properties": {},
            "geometry": {
                "type": "LineString",
                "coordinates": [
                    [
                        145.0263,
                        -37.8861
                    ],
                    [
                        145.0259,
                        -37.8861
                    ]
                ]
            }
        },
        {
            "type": "Feature",
            "id": "way/907891641",
            "properties": {},
            "geometry": {
                "type": "LineString",
                "coordinates": [
                    [
                        145.0272,
                        -37.8863
                    ],
                    [
                        145.027,
                        -37.8861
                    ]
                ]
            }
        },
        {
            "type": "Feature",
            "id": "way/907891642",
            "properties": {},
            "geometry": {
                "type": "LineString",
                "coordinates": [
                    [
                        145.0273,
                        -37.8864
                    ],
                    [
                        145.0272,
                        -37.8862
                    ],
                    [
                        145.027,
                        -37.8861
                    ]
                ]
            }
        },
        {
            "type": "Feature",
            "id": "way/907891643",
            "properties": {},
            "geometry": {
                "type": "LineString",
                "coordinates": [
                    [
                        145.0272,
                        -37.8862
                    ],
                    [
                        145.027,
                        -37.8861
                    ]
                ]
            }
        },
        {
            "type": "Feature",
            "id": "way/907891644",
            "properties": {},
            "geometry": {
                "type": "LineString",
                "coordinates": [
                    [
                        145.027,
                        -37.886
                    ],
                    [
                        145.0259,
                        -37.8859
                    ]
                ]
            }
        },
        {
            "type": "Feature",
            "id": "way/907891645",
            "properties": {},
            "geometry": {
                "type": "LineString",
                "coordinates": [
                    [
                        145.0273,
                        -37.8862
                    ],
                    [
                        145.027,
                        -37.886
                    ]
                ]
            }
        },
        {
            "type": "Feature",
            "id": "way/907891646",
            "properties": {},
            "geometry": {
                "type": "LineString",
                "coordinates": [
                    [
                        145.0272,
                        -37.8861
                    ],
                    [
                        145.027,
                        -37.8859
                    ]
                ]
            }
        },
        {
            "type": "Feature",
            "id": "way/907892277",
            "properties": {},
            "geometry": {
                "type": "LineString",
                "coordinates": [
                    [
                        145.0241,
                        -37.827
                    ],
                    [
                        145.0243,
                        -37.8272
                    ]
                ]
            }
        },
        {
            "type": "Feature",
            "id": "way/907895098",
            "properties": {},
            "geometry": {
                "type": "LineString",
                "coordinates": [
                    [
                        145.0225,
                        -37.8126
                    ],
                    [
                        145.0228,
                        -37.8126
                    ]
                ]
            }
        },
        {
            "type": "Feature",
            "id": "way/907895099",
            "properties": {},
            "geometry": {
                "type": "LineString",
                "coordinates": [
                    [
                        145.0226,
                        -37.8125
                    ],
                    [
                        145.0229,
                        -37.8125
                    ]
                ]
            }
        },
        {
            "type": "Feature",
            "id": "way/907895100",
            "properties": {},
            "geometry": {
                "type": "LineString",
                "coordinates": [
                    [
                        145.0223,
                        -37.8128
                    ],
                    [
                        145.0227,
                        -37.8127
                    ]
                ]
            }
        },
        {
            "type": "Feature",
            "id": "way/907900225",
            "properties": {},
            "geometry": {
                "type": "LineString",
                "coordinates": [
                    [
                        145.0241,
                        -37.8271
                    ],
                    [
                        145.0243,
                        -37.8272
                    ]
                ]
            }
        },
        {
            "type": "Feature",
            "id": "way/907900226",
            "properties": {},
            "geometry": {
                "type": "LineString",
                "coordinates": [
                    [
                        145.0239,
                        -37.8269
                    ],
                    [
                        145.0243,
                        -37.8273
                    ]
                ]
            }
        },
        {
            "type": "Feature",
            "id": "way/907900227",
            "properties": {},
            "geometry": {
                "type": "LineString",
                "coordinates": [
                    [
                        145.0241,
                        -37.8272
                    ],
                    [
                        145.0242,
                        -37.8273
                    ]
                ]
            }
        },
        {
            "type": "Feature",
            "id": "way/945307263",
            "properties": {},
            "geometry": {
                "type": "LineString",
                "coordinates": [
                    [
                        144.9603,
                        -37.8106
                    ],
                    [
                        144.9605,
                        -37.8105
                    ]
                ]
            }
        },
        {
            "type": "Feature",
            "id": "way/952552603",
            "properties": {},
            "geometry": {
                "type": "LineString",
                "coordinates": [
                    [
                        145.0695,
                        -37.679
                    ],
                    [
                        145.0693,
                        -37.68
                    ]
                ]
            }
        },
        {
            "type": "Feature",
            "id": "way/952552604",
            "properties": {},
            "geometry": {
                "type": "LineString",
                "coordinates": [
                    [
                        145.0693,
                        -37.6803
                    ],
                    [
                        145.0693,
                        -37.68
                    ]
                ]
            }
        },
        {
            "type": "Feature",
            "id": "way/952552605",
            "properties": {},
            "geometry": {
                "type": "LineString",
                "coordinates": [
                    [
                        145.0693,
                        -37.6803
                    ],
                    [
                        145.0694,
                        -37.68
                    ]
                ]
            }
        },
        {
            "type": "Feature",
            "id": "way/952552606",
            "properties": {},
            "geometry": {
                "type": "LineString",
                "coordinates": [
                    [
                        145.0693,
                        -37.68
                    ],
                    [
                        145.0693,
                        -37.6803
                    ]
                ]
            }
        },
        {
            "type": "Feature",
            "id": "way/952552607",
            "properties": {},
            "geometry": {
                "type": "LineString",
                "coordinates": [
                    [
                        145.0694,
                        -37.68
                    ],
                    [
                        145.0693,
                        -37.6803
                    ]
                ]
            }
        },
        {
            "type": "Feature",
            "id": "way/958753672",
            "properties": {},
            "geometry": {
                "type": "LineString",
                "coordinates": [
                    [
                        144.9728,
                        -37.8102
                    ],
                    [
                        144.9728,
                        -37.8099
                    ]
                ]
            }
        },
        {
            "type": "Feature",
            "id": "way/966626627",
            "properties": {},
            "geometry": {
                "type": "LineString",
                "coordinates": [
                    [
                        144.9375,
                        -37.8149
                    ],
                    [
                        144.9378,
                        -37.8148
                    ]
                ]
            }
        },
        {
            "type": "Feature",
            "id": "way/966626628",
            "properties": {},
            "geometry": {
                "type": "LineString",
                "coordinates": [
                    [
                        144.9378,
                        -37.8147
                    ],
                    [
                        144.9375,
                        -37.8149
                    ]
                ]
            }
        },
        {
            "type": "Feature",
            "id": "way/968317591",
            "properties": {},
            "geometry": {
                "type": "LineString",
                "coordinates": [
                    [
                        144.9608,
                        -37.8187
                    ],
                    [
                        144.9609,
                        -37.8189
                    ]
                ]
            }
        },
        {
            "type": "Feature",
            "id": "way/971288903",
            "properties": {},
            "geometry": {
                "type": "LineString",
                "coordinates": [
                    [
                        144.952,
                        -37.8281
                    ],
                    [
                        144.9517,
                        -37.8282
                    ]
                ]
            }
        },
        {
            "type": "Feature",
            "id": "way/971288904",
            "properties": {},
            "geometry": {
                "type": "LineString",
                "coordinates": [
                    [
                        144.9522,
                        -37.8282
                    ],
                    [
                        144.9519,
                        -37.8281
                    ]
                ]
            }
        },
        {
            "type": "Feature",
            "id": "way/971288905",
            "properties": {},
            "geometry": {
                "type": "LineString",
                "coordinates": [
                    [
                        144.9519,
                        -37.8282
                    ],
                    [
                        144.9517,
                        -37.8282
                    ]
                ]
            }
        },
        {
            "type": "Feature",
            "id": "way/971288906",
            "properties": {},
            "geometry": {
                "type": "LineString",
                "coordinates": [
                    [
                        144.9518,
                        -37.8283
                    ],
                    [
                        144.9519,
                        -37.8282
                    ]
                ]
            }
        },
        {
            "type": "Feature",
            "id": "way/971288907",
            "properties": {},
            "geometry": {
                "type": "LineString",
                "coordinates": [
                    [
                        144.9518,
                        -37.8283
                    ],
                    [
                        144.9521,
                        -37.8282
                    ]
                ]
            }
        },
        {
            "type": "Feature",
            "id": "way/971288910",
            "properties": {},
            "geometry": {
                "type": "LineString",
                "coordinates": [
                    [
                        144.95,
                        -37.8291
                    ],
                    [
                        144.9508,
                        -37.8287
                    ]
                ]
            }
        },
        {
            "type": "Feature",
            "id": "way/971288911",
            "properties": {},
            "geometry": {
                "type": "LineString",
                "coordinates": [
                    [
                        144.9509,
                        -37.8287
                    ],
                    [
                        144.9518,
                        -37.8283
                    ]
                ]
            }
        },
        {
            "type": "Feature",
            "id": "way/971288912",
            "properties": {},
            "geometry": {
                "type": "LineString",
                "coordinates": [
                    [
                        144.9504,
                        -37.8288
                    ],
                    [
                        144.9507,
                        -37.8286
                    ]
                ]
            }
        },
        {
            "type": "Feature",
            "id": "way/971288913",
            "properties": {},
            "geometry": {
                "type": "LineString",
                "coordinates": [
                    [
                        144.9498,
                        -37.8293
                    ],
                    [
                        144.9497,
                        -37.8294
                    ]
                ]
            }
        },
        {
            "type": "Feature",
            "id": "way/972795637",
            "properties": {},
            "geometry": {
                "type": "LineString",
                "coordinates": [
                    [
                        144.9788,
                        -37.867
                    ],
                    [
                        144.9791,
                        -37.8669
                    ]
                ]
            }
        },
        {
            "type": "Feature",
            "id": "way/973005516",
            "properties": {},
            "geometry": {
                "type": "LineString",
                "coordinates": [
                    [
                        144.9772,
                        -37.8589
                    ],
                    [
                        144.977,
                        -37.8587
                    ]
                ]
            }
        },
        {
            "type": "Feature",
            "id": "way/973940632",
            "properties": {},
            "geometry": {
                "type": "LineString",
                "coordinates": [
                    [
                        145.0134,
                        -37.82
                    ],
                    [
                        145.0147,
                        -37.8202
                    ]
                ]
            }
        },
        {
            "type": "Feature",
            "id": "way/973940633",
            "properties": {},
            "geometry": {
                "type": "LineString",
                "coordinates": [
                    [
                        145.0131,
                        -37.82
                    ],
                    [
                        145.0134,
                        -37.82
                    ]
                ]
            }
        },
        {
            "type": "Feature",
            "id": "way/977490722",
            "properties": {},
            "geometry": {
                "type": "LineString",
                "coordinates": [
                    [
                        144.9891,
                        -37.8247
                    ],
                    [
                        144.9868,
                        -37.8243
                    ]
                ]
            }
        },
        {
            "type": "Feature",
            "id": "way/977507794",
            "properties": {},
            "geometry": {
                "type": "LineString",
                "coordinates": [
                    [
                        145.0017,
                        -37.8107
                    ],
                    [
                        144.9924,
                        -37.8097
                    ],
                    [
                        144.9913,
                        -37.8098
                    ]
                ]
            }
        },
        {
            "type": "Feature",
            "id": "way/977507797",
            "properties": {},
            "geometry": {
                "type": "LineString",
                "coordinates": [
                    [
                        144.9913,
                        -37.8097
                    ],
                    [
                        144.9925,
                        -37.8097
                    ],
                    [
                        145.0017,
                        -37.8107
                    ]
                ]
            }
        },
        {
            "type": "Feature",
            "id": "way/978653358",
            "properties": {},
            "geometry": {
                "type": "LineString",
                "coordinates": [
                    [
                        144.9852,
                        -37.8559
                    ],
                    [
                        144.9834,
                        -37.8557
                    ]
                ]
            }
        },
        {
            "type": "Feature",
            "id": "way/978653359",
            "properties": {},
            "geometry": {
                "type": "LineString",
                "coordinates": [
                    [
                        144.9834,
                        -37.8557
                    ],
                    [
                        144.9852,
                        -37.8559
                    ]
                ]
            }
        },
        {
            "type": "Feature",
            "id": "way/978684935",
            "properties": {},
            "geometry": {
                "type": "LineString",
                "coordinates": [
                    [
                        144.9828,
                        -37.8561
                    ],
                    [
                        144.9829,
                        -37.8566
                    ],
                    [
                        144.9825,
                        -37.8568
                    ]
                ]
            }
        },
        {
            "type": "Feature",
            "id": "way/980106008",
            "properties": {},
            "geometry": {
                "type": "LineString",
                "coordinates": [
                    [
                        144.9603,
                        -37.8258
                    ],
                    [
                        144.9638,
                        -37.8294
                    ]
                ]
            }
        },
        {
            "type": "Feature",
            "id": "way/981055260",
            "properties": {},
            "geometry": {
                "type": "LineString",
                "coordinates": [
                    [
                        145.0222,
                        -37.8129
                    ],
                    [
                        145.0223,
                        -37.8128
                    ]
                ]
            }
        },
        {
            "type": "Feature",
            "id": "way/982680981",
            "properties": {},
            "geometry": {
                "type": "LineString",
                "coordinates": [
                    [
                        144.983,
                        -37.8063
                    ],
                    [
                        144.9818,
                        -37.8062
                    ]
                ]
            }
        },
        {
            "type": "Feature",
            "id": "way/984852778",
            "properties": {},
            "geometry": {
                "type": "LineString",
                "coordinates": [
                    [
                        144.9521,
                        -37.8219
                    ],
                    [
                        144.9514,
                        -37.8219
                    ],
                    [
                        144.95,
                        -37.8222
                    ]
                ]
            }
        },
        {
            "type": "Feature",
            "id": "way/985032683",
            "properties": {},
            "geometry": {
                "type": "LineString",
                "coordinates": [
                    [
                        144.9749,
                        -37.8153
                    ],
                    [
                        144.9746,
                        -37.8154
                    ]
                ]
            }
        },
        {
            "type": "Feature",
            "id": "way/985113580",
            "properties": {},
            "geometry": {
                "type": "LineString",
                "coordinates": [
                    [
                        144.9685,
                        -37.8198
                    ],
                    [
                        144.9687,
                        -37.8202
                    ]
                ]
            }
        },
        {
            "type": "Feature",
            "id": "way/992095283",
            "properties": {},
            "geometry": {
                "type": "LineString",
                "coordinates": [
                    [
                        145.0565,
                        -37.8313
                    ],
                    [
                        145.0802,
                        -37.8341
                    ]
                ]
            }
        },
        {
            "type": "Feature",
            "id": "way/995754170",
            "properties": {},
            "geometry": {
                "type": "LineString",
                "coordinates": [
                    [
                        144.9731,
                        -37.8082
                    ],
                    [
                        144.9731,
                        -37.8082
                    ]
                ]
            }
        },
        {
            "type": "Feature",
            "id": "way/995754917",
            "properties": {},
            "geometry": {
                "type": "LineString",
                "coordinates": [
                    [
                        144.9732,
                        -37.808
                    ],
                    [
                        144.9732,
                        -37.8082
                    ]
                ]
            }
        },
        {
            "type": "Feature",
            "id": "way/995864812",
            "properties": {},
            "geometry": {
                "type": "LineString",
                "coordinates": [
                    [
                        144.9569,
                        -37.8252
                    ],
                    [
                        144.9569,
                        -37.8251
                    ]
                ]
            }
        },
        {
            "type": "Feature",
            "id": "way/1020731727",
            "properties": {},
            "geometry": {
                "type": "LineString",
                "coordinates": [
                    [
                        144.9883,
                        -37.8167
                    ],
                    [
                        144.9886,
                        -37.8168
                    ]
                ]
            }
        },
        {
            "type": "Feature",
            "id": "way/1020731728",
            "properties": {},
            "geometry": {
                "type": "LineString",
                "coordinates": [
                    [
                        144.9883,
                        -37.8167
                    ],
                    [
                        144.9886,
                        -37.8167
                    ]
                ]
            }
        },
        {
            "type": "Feature",
            "id": "way/1021545744",
            "properties": {},
            "geometry": {
                "type": "LineString",
                "coordinates": [
                    [
                        145.0147,
                        -37.8202
                    ],
                    [
                        145.0133,
                        -37.8201
                    ]
                ]
            }
        },
        {
            "type": "Feature",
            "id": "way/1021545745",
            "properties": {},
            "geometry": {
                "type": "LineString",
                "coordinates": [
                    [
                        145.0133,
                        -37.8201
                    ],
                    [
                        145.0131,
                        -37.82
                    ]
                ]
            }
        },
        {
            "type": "Feature",
            "id": "way/1030367063",
            "properties": {},
            "geometry": {
                "type": "LineString",
                "coordinates": [
                    [
                        144.9456,
                        -37.7399
                    ],
                    [
                        144.9457,
                        -37.7394
                    ]
                ]
            }
        },
        {
            "type": "Feature",
            "id": "way/1030367064",
            "properties": {},
            "geometry": {
                "type": "LineString",
                "coordinates": [
                    [
                        144.9455,
                        -37.7405
                    ],
                    [
                        144.9456,
                        -37.7399
                    ]
                ]
            }
        },
        {
            "type": "Feature",
            "id": "way/1043541324",
            "properties": {},
            "geometry": {
                "type": "LineString",
                "coordinates": [
                    [
                        144.9763,
                        -37.8083
                    ],
                    [
                        144.9762,
                        -37.8083
                    ]
                ]
            }
        },
        {
            "type": "Feature",
            "id": "way/1047791205",
            "properties": {},
            "geometry": {
                "type": "LineString",
                "coordinates": [
                    [
                        144.9816,
                        -37.8452
                    ],
                    [
                        144.9811,
                        -37.8452
                    ]
                ]
            }
        },
        {
            "type": "Feature",
            "id": "way/1047791206",
            "properties": {},
            "geometry": {
                "type": "LineString",
                "coordinates": [
                    [
                        144.9787,
                        -37.8447
                    ],
                    [
                        144.9789,
                        -37.8449
                    ],
                    [
                        144.9811,
                        -37.8451
                    ]
                ]
            }
        },
        {
            "type": "Feature",
            "id": "way/1047791207",
            "properties": {},
            "geometry": {
                "type": "LineString",
                "coordinates": [
                    [
                        144.9811,
                        -37.8451
                    ],
                    [
                        144.9816,
                        -37.8452
                    ]
                ]
            }
        },
        {
            "type": "Feature",
            "id": "way/1047791236",
            "properties": {},
            "geometry": {
                "type": "LineString",
                "coordinates": [
                    [
                        144.9811,
                        -37.8452
                    ],
                    [
                        144.9789,
                        -37.8449
                    ],
                    [
                        144.9786,
                        -37.8447
                    ]
                ]
            }
        },
        {
            "type": "Feature",
            "id": "way/1049186197",
            "properties": {},
            "geometry": {
                "type": "LineString",
                "coordinates": [
                    [
                        144.9106,
                        -37.7451
                    ],
                    [
                        144.9108,
                        -37.7453
                    ]
                ]
            }
        },
        {
            "type": "Feature",
            "id": "way/1060425004",
            "properties": {},
            "geometry": {
                "type": "LineString",
                "coordinates": [
                    [
                        145.0289,
                        -37.8075
                    ],
                    [
                        145.0237,
                        -37.813
                    ]
                ]
            }
        },
        {
            "type": "Feature",
            "id": "way/1060425005",
            "properties": {},
            "geometry": {
                "type": "LineString",
                "coordinates": [
                    [
                        145.0289,
                        -37.8075
                    ],
                    [
                        145.0305,
                        -37.8069
                    ]
                ]
            }
        },
        {
            "type": "Feature",
            "id": "way/1089357725",
            "properties": {},
            "geometry": {
                "type": "LineString",
                "coordinates": [
                    [
                        144.9725,
                        -37.8161
                    ],
                    [
                        144.9729,
                        -37.8167
                    ]
                ]
            }
        },
        {
            "type": "Feature",
            "id": "way/1089357726",
            "properties": {},
            "geometry": {
                "type": "LineString",
                "coordinates": [
                    [
                        144.9729,
                        -37.8167
                    ],
                    [
                        144.9724,
                        -37.8161
                    ]
                ]
            }
        },
        {
            "type": "Feature",
            "id": "way/1102751844",
            "properties": {},
            "geometry": {
                "type": "LineString",
                "coordinates": [
                    [
                        144.9637,
                        -37.7293
                    ],
                    [
                        144.9637,
                        -37.7282
                    ]
                ]
            }
        },
        {
            "type": "Feature",
            "id": "way/1102751845",
            "properties": {},
            "geometry": {
                "type": "LineString",
                "coordinates": [
                    [
                        144.9637,
                        -37.7294
                    ],
                    [
                        144.9637,
                        -37.7293
                    ]
                ]
            }
        },
        {
            "type": "Feature",
            "id": "way/1102751848",
            "properties": {},
            "geometry": {
                "type": "LineString",
                "coordinates": [
                    [
                        144.9637,
                        -37.7282
                    ],
                    [
                        144.9638,
                        -37.7293
                    ]
                ]
            }
        },
        {
            "type": "Feature",
            "id": "way/1102751849",
            "properties": {},
            "geometry": {
                "type": "LineString",
                "coordinates": [
                    [
                        144.9638,
                        -37.7293
                    ],
                    [
                        144.9638,
                        -37.7294
                    ]
                ]
            }
        },
        {
            "type": "Feature",
            "id": "way/1103984483",
            "properties": {},
            "geometry": {
                "type": "LineString",
                "coordinates": [
                    [
                        144.9619,
                        -37.7569
                    ],
                    [
                        144.9619,
                        -37.7568
                    ]
                ]
            }
        },
        {
            "type": "Feature",
            "id": "way/1113483988",
            "properties": {},
            "geometry": {
                "type": "LineString",
                "coordinates": [
                    [
                        145.0547,
                        -37.8306
                    ],
                    [
                        145.0546,
                        -37.8307
                    ]
                ]
            }
        },
        {
            "type": "Feature",
            "id": "way/1113483989",
            "properties": {},
            "geometry": {
                "type": "LineString",
                "coordinates": [
                    [
                        145.0546,
                        -37.8307
                    ],
                    [
                        145.0548,
                        -37.8303
                    ]
                ]
            }
        },
        {
            "type": "Feature",
            "id": "way/1113483990",
            "properties": {},
            "geometry": {
                "type": "LineString",
                "coordinates": [
                    [
                        145.0547,
                        -37.8303
                    ],
                    [
                        145.0545,
                        -37.83
                    ]
                ]
            }
        },
        {
            "type": "Feature",
            "id": "way/1113483991",
            "properties": {},
            "geometry": {
                "type": "LineString",
                "coordinates": [
                    [
                        145.0547,
                        -37.8302
                    ],
                    [
                        145.0545,
                        -37.83
                    ]
                ]
            }
        },
        {
            "type": "Feature",
            "id": "way/1113483992",
            "properties": {},
            "geometry": {
                "type": "LineString",
                "coordinates": [
                    [
                        145.0547,
                        -37.8302
                    ],
                    [
                        145.0546,
                        -37.8299
                    ]
                ]
            }
        },
        {
            "type": "Feature",
            "id": "way/1113483993",
            "properties": {},
            "geometry": {
                "type": "LineString",
                "coordinates": [
                    [
                        145.0548,
                        -37.8301
                    ],
                    [
                        145.0546,
                        -37.8299
                    ]
                ]
            }
        },
        {
            "type": "Feature",
            "id": "way/1113483994",
            "properties": {},
            "geometry": {
                "type": "LineString",
                "coordinates": [
                    [
                        145.0548,
                        -37.8302
                    ],
                    [
                        145.0546,
                        -37.8299
                    ]
                ]
            }
        },
        {
            "type": "Feature",
            "id": "way/1113483995",
            "properties": {},
            "geometry": {
                "type": "LineString",
                "coordinates": [
                    [
                        145.0548,
                        -37.8303
                    ],
                    [
                        145.0548,
                        -37.8301
                    ],
                    [
                        145.0547,
                        -37.8298
                    ]
                ]
            }
        },
        {
            "type": "Feature",
            "id": "way/1113483996",
            "properties": {},
            "geometry": {
                "type": "LineString",
                "coordinates": [
                    [
                        145.0548,
                        -37.83
                    ],
                    [
                        145.0547,
                        -37.8298
                    ]
                ]
            }
        },
        {
            "type": "Feature",
            "id": "way/1113483997",
            "properties": {},
            "geometry": {
                "type": "LineString",
                "coordinates": [
                    [
                        145.0547,
                        -37.8299
                    ],
                    [
                        145.0538,
                        -37.8292
                    ]
                ]
            }
        },
        {
            "type": "Feature",
            "id": "way/1113483998",
            "properties": {},
            "geometry": {
                "type": "LineString",
                "coordinates": [
                    [
                        145.0548,
                        -37.8301
                    ],
                    [
                        145.0547,
                        -37.8299
                    ]
                ]
            }
        },
        {
            "type": "Feature",
            "id": "way/1113483999",
            "properties": {},
            "geometry": {
                "type": "LineString",
                "coordinates": [
                    [
                        145.0547,
                        -37.8298
                    ],
                    [
                        145.0539,
                        -37.8291
                    ]
                ]
            }
        },
        {
            "type": "Feature",
            "id": "way/1113484000",
            "properties": {},
            "geometry": {
                "type": "LineString",
                "coordinates": [
                    [
                        145.0548,
                        -37.83
                    ],
                    [
                        145.0547,
                        -37.8298
                    ]
                ]
            }
        },
        {
            "type": "Feature",
            "id": "way/1113484001",
            "properties": {},
            "geometry": {
                "type": "LineString",
                "coordinates": [
                    [
                        145.0548,
                        -37.8302
                    ],
                    [
                        145.0548,
                        -37.8299
                    ]
                ]
            }
        },
        {
            "type": "Feature",
            "id": "way/1113484002",
            "properties": {},
            "geometry": {
                "type": "LineString",
                "coordinates": [
                    [
                        145.0547,
                        -37.8303
                    ],
                    [
                        145.0548,
                        -37.8301
                    ]
                ]
            }
        },
        {
            "type": "Feature",
            "id": "way/1114790466",
            "properties": {},
            "geometry": {
                "type": "LineString",
                "coordinates": [
                    [
                        144.9985,
                        -37.7503
                    ],
                    [
                        144.9984,
                        -37.7509
                    ]
                ]
            }
        },
        {
            "type": "Feature",
            "id": "way/1114790467",
            "properties": {},
            "geometry": {
                "type": "LineString",
                "coordinates": [
                    [
                        144.9986,
                        -37.7503
                    ],
                    [
                        144.9986,
                        -37.7501
                    ],
                    [
                        144.9983,
                        -37.7499
                    ]
                ]
            }
        },
        {
            "type": "Feature",
            "id": "way/1114790468",
            "properties": {},
            "geometry": {
                "type": "LineString",
                "coordinates": [
                    [
                        144.9984,
                        -37.7499
                    ],
                    [
                        144.9985,
                        -37.7501
                    ],
                    [
                        144.9985,
                        -37.7503
                    ]
                ]
            }
        },
        {
            "type": "Feature",
            "id": "way/1114790469",
            "properties": {},
            "geometry": {
                "type": "LineString",
                "coordinates": [
                    [
                        144.9987,
                        -37.7503
                    ],
                    [
                        144.9987,
                        -37.75
                    ],
                    [
                        144.9984,
                        -37.7499
                    ]
                ]
            }
        },
        {
            "type": "Feature",
            "id": "way/1114790470",
            "properties": {},
            "geometry": {
                "type": "LineString",
                "coordinates": [
                    [
                        144.9987,
                        -37.7503
                    ],
                    [
                        144.9987,
                        -37.7501
                    ],
                    [
                        144.9985,
                        -37.7499
                    ]
                ]
            }
        },
        {
            "type": "Feature",
            "id": "way/1114790471",
            "properties": {},
            "geometry": {
                "type": "LineString",
                "coordinates": [
                    [
                        144.9986,
                        -37.7499
                    ],
                    [
                        144.9988,
                        -37.75
                    ],
                    [
                        144.9988,
                        -37.7503
                    ]
                ]
            }
        },
        {
            "type": "Feature",
            "id": "way/1114790473",
            "properties": {},
            "geometry": {
                "type": "LineString",
                "coordinates": [
                    [
                        144.9966,
                        -37.7497
                    ],
                    [
                        144.9971,
                        -37.7497
                    ]
                ]
            }
        },
        {
            "type": "Feature",
            "id": "way/1114790474",
            "properties": {},
            "geometry": {
                "type": "LineString",
                "coordinates": [
                    [
                        144.9971,
                        -37.7497
                    ],
                    [
                        144.9968,
                        -37.7497
                    ]
                ]
            }
        },
        {
            "type": "Feature",
            "id": "way/1114790475",
            "properties": {},
            "geometry": {
                "type": "LineString",
                "coordinates": [
                    [
                        144.9965,
                        -37.7497
                    ],
                    [
                        144.9963,
                        -37.7497
                    ]
                ]
            }
        },
        {
            "type": "Feature",
            "id": "way/1114790476",
            "properties": {},
            "geometry": {
                "type": "LineString",
                "coordinates": [
                    [
                        144.9963,
                        -37.7497
                    ],
                    [
                        144.9966,
                        -37.7497
                    ]
                ]
            }
        },
        {
            "type": "Feature",
            "id": "way/1114790478",
            "properties": {},
            "geometry": {
                "type": "LineString",
                "coordinates": [
                    [
                        144.9965,
                        -37.7502
                    ],
                    [
                        144.9961,
                        -37.7501
                    ]
                ]
            }
        },
        {
            "type": "Feature",
            "id": "way/1114791158",
            "properties": {},
            "geometry": {
                "type": "LineString",
                "coordinates": [
                    [
                        144.9965,
                        -37.75
                    ],
                    [
                        144.9961,
                        -37.75
                    ],
                    [
                        144.9959,
                        -37.7501
                    ]
                ]
            }
        },
        {
            "type": "Feature",
            "id": "way/1114791159",
            "properties": {},
            "geometry": {
                "type": "LineString",
                "coordinates": [
                    [
                        144.9965,
                        -37.75
                    ],
                    [
                        144.9961,
                        -37.75
                    ],
                    [
                        144.9959,
                        -37.7501
                    ]
                ]
            }
        },
        {
            "type": "Feature",
            "id": "way/1114791160",
            "properties": {},
            "geometry": {
                "type": "LineString",
                "coordinates": [
                    [
                        144.9971,
                        -37.7501
                    ],
                    [
                        144.9975,
                        -37.7501
                    ]
                ]
            }
        },
        {
            "type": "Feature",
            "id": "way/1114799348",
            "properties": {},
            "geometry": {
                "type": "LineString",
                "coordinates": [
                    [
                        144.9966,
                        -37.7512
                    ],
                    [
                        144.9956,
                        -37.7511
                    ]
                ]
            }
        },
        {
            "type": "Feature",
            "id": "way/1114799349",
            "properties": {},
            "geometry": {
                "type": "LineString",
                "coordinates": [
                    [
                        144.9966,
                        -37.751
                    ],
                    [
                        144.9958,
                        -37.751
                    ],
                    [
                        144.9955,
                        -37.7511
                    ]
                ]
            }
        },
        {
            "type": "Feature",
            "id": "way/1114799350",
            "properties": {},
            "geometry": {
                "type": "LineString",
                "coordinates": [
                    [
                        144.996,
                        -37.7509
                    ],
                    [
                        144.9956,
                        -37.751
                    ]
                ]
            }
        },
        {
            "type": "Feature",
            "id": "way/1114799351",
            "properties": {},
            "geometry": {
                "type": "LineString",
                "coordinates": [
                    [
                        144.9966,
                        -37.751
                    ],
                    [
                        144.9958,
                        -37.7509
                    ],
                    [
                        144.9956,
                        -37.751
                    ]
                ]
            }
        },
        {
            "type": "Feature",
            "id": "way/1114799352",
            "properties": {},
            "geometry": {
                "type": "LineString",
                "coordinates": [
                    [
                        144.996,
                        -37.7508
                    ],
                    [
                        144.9957,
                        -37.7509
                    ]
                ]
            }
        },
        {
            "type": "Feature",
            "id": "way/1114799353",
            "properties": {},
            "geometry": {
                "type": "LineString",
                "coordinates": [
                    [
                        144.996,
                        -37.7507
                    ],
                    [
                        144.9956,
                        -37.7509
                    ]
                ]
            }
        },
        {
            "type": "Feature",
            "id": "way/1114799354",
            "properties": {},
            "geometry": {
                "type": "LineString",
                "coordinates": [
                    [
                        144.9961,
                        -37.7503
                    ],
                    [
                        144.9965,
                        -37.7504
                    ]
                ]
            }
        },
        {
            "type": "Feature",
            "id": "way/1114799355",
            "properties": {},
            "geometry": {
                "type": "LineString",
                "coordinates": [
                    [
                        144.9973,
                        -37.7506
                    ],
                    [
                        144.996,
                        -37.7505
                    ]
                ]
            }
        },
        {
            "type": "Feature",
            "id": "way/1114799356",
            "properties": {},
            "geometry": {
                "type": "LineString",
                "coordinates": [
                    [
                        144.9973,
                        -37.7507
                    ],
                    [
                        144.996,
                        -37.7505
                    ]
                ]
            }
        },
        {
            "type": "Feature",
            "id": "way/1114799357",
            "properties": {},
            "geometry": {
                "type": "LineString",
                "coordinates": [
                    [
                        144.9973,
                        -37.7507
                    ],
                    [
                        144.996,
                        -37.7506
                    ]
                ]
            }
        },
        {
            "type": "Feature",
            "id": "way/1114799358",
            "properties": {},
            "geometry": {
                "type": "LineString",
                "coordinates": [
                    [
                        144.9957,
                        -37.7507
                    ],
                    [
                        144.996,
                        -37.7507
                    ]
                ]
            }
        },
        {
            "type": "Feature",
            "id": "way/1114799359",
            "properties": {},
            "geometry": {
                "type": "LineString",
                "coordinates": [
                    [
                        144.996,
                        -37.7507
                    ],
                    [
                        144.9957,
                        -37.7508
                    ]
                ]
            }
        },
        {
            "type": "Feature",
            "id": "way/1114814792",
            "properties": {},
            "geometry": {
                "type": "LineString",
                "coordinates": [
                    [
                        144.9972,
                        -37.7513
                    ],
                    [
                        144.9966,
                        -37.7512
                    ]
                ]
            }
        },
        {
            "type": "Feature",
            "id": "way/1114814793",
            "properties": {},
            "geometry": {
                "type": "LineString",
                "coordinates": [
                    [
                        144.9975,
                        -37.7513
                    ],
                    [
                        144.9972,
                        -37.7513
                    ]
                ]
            }
        },
        {
            "type": "Feature",
            "id": "way/1114814794",
            "properties": {},
            "geometry": {
                "type": "LineString",
                "coordinates": [
                    [
                        144.9987,
                        -37.7515
                    ],
                    [
                        144.9982,
                        -37.7513
                    ]
                ]
            }
        },
        {
            "type": "Feature",
            "id": "way/1114814795",
            "properties": {},
            "geometry": {
                "type": "LineString",
                "coordinates": [
                    [
                        144.9982,
                        -37.7513
                    ],
                    [
                        144.9975,
                        -37.7513
                    ]
                ]
            }
        },
        {
            "type": "Feature",
            "id": "way/1114814796",
            "properties": {},
            "geometry": {
                "type": "LineString",
                "coordinates": [
                    [
                        144.9975,
                        -37.7513
                    ],
                    [
                        144.9973,
                        -37.7512
                    ]
                ]
            }
        },
        {
            "type": "Feature",
            "id": "way/1114814797",
            "properties": {},
            "geometry": {
                "type": "LineString",
                "coordinates": [
                    [
                        144.9982,
                        -37.7513
                    ],
                    [
                        144.9985,
                        -37.7513
                    ],
                    [
                        144.9987,
                        -37.7515
                    ]
                ]
            }
        },
        {
            "type": "Feature",
            "id": "way/1114814798",
            "properties": {},
            "geometry": {
                "type": "LineString",
                "coordinates": [
                    [
                        144.9975,
                        -37.7512
                    ],
                    [
                        144.9982,
                        -37.7513
                    ]
                ]
            }
        },
        {
            "type": "Feature",
            "id": "way/1114814799",
            "properties": {},
            "geometry": {
                "type": "LineString",
                "coordinates": [
                    [
                        144.9973,
                        -37.7512
                    ],
                    [
                        144.9975,
                        -37.7512
                    ]
                ]
            }
        },
        {
            "type": "Feature",
            "id": "way/1114814800",
            "properties": {},
            "geometry": {
                "type": "LineString",
                "coordinates": [
                    [
                        144.9982,
                        -37.7512
                    ],
                    [
                        144.9986,
                        -37.7513
                    ],
                    [
                        144.9988,
                        -37.7515
                    ]
                ]
            }
        },
        {
            "type": "Feature",
            "id": "way/1114814801",
            "properties": {},
            "geometry": {
                "type": "LineString",
                "coordinates": [
                    [
                        144.9966,
                        -37.7511
                    ],
                    [
                        144.9973,
                        -37.7511
                    ]
                ]
            }
        },
        {
            "type": "Feature",
            "id": "way/1114814802",
            "properties": {},
            "geometry": {
                "type": "LineString",
                "coordinates": [
                    [
                        144.9973,
                        -37.7511
                    ],
                    [
                        144.9975,
                        -37.7512
                    ]
                ]
            }
        },
        {
            "type": "Feature",
            "id": "way/1114814803",
            "properties": {},
            "geometry": {
                "type": "LineString",
                "coordinates": [
                    [
                        144.9987,
                        -37.7514
                    ],
                    [
                        144.9982,
                        -37.7512
                    ]
                ]
            }
        },
        {
            "type": "Feature",
            "id": "way/1114814804",
            "properties": {},
            "geometry": {
                "type": "LineString",
                "coordinates": [
                    [
                        144.9982,
                        -37.7512
                    ],
                    [
                        144.9976,
                        -37.7511
                    ]
                ]
            }
        },
        {
            "type": "Feature",
            "id": "way/1114814805",
            "properties": {},
            "geometry": {
                "type": "LineString",
                "coordinates": [
                    [
                        144.9976,
                        -37.7511
                    ],
                    [
                        144.9973,
                        -37.7511
                    ]
                ]
            }
        },
        {
            "type": "Feature",
            "id": "way/1114814806",
            "properties": {},
            "geometry": {
                "type": "LineString",
                "coordinates": [
                    [
                        144.9987,
                        -37.7513
                    ],
                    [
                        144.9982,
                        -37.7511
                    ]
                ]
            }
        },
        {
            "type": "Feature",
            "id": "way/1114814807",
            "properties": {},
            "geometry": {
                "type": "LineString",
                "coordinates": [
                    [
                        144.9982,
                        -37.7511
                    ],
                    [
                        144.9976,
                        -37.7511
                    ]
                ]
            }
        },
        {
            "type": "Feature",
            "id": "way/1114814808",
            "properties": {},
            "geometry": {
                "type": "LineString",
                "coordinates": [
                    [
                        144.9976,
                        -37.7511
                    ],
                    [
                        144.9973,
                        -37.7511
                    ]
                ]
            }
        },
        {
            "type": "Feature",
            "id": "way/1114814809",
            "properties": {},
            "geometry": {
                "type": "LineString",
                "coordinates": [
                    [
                        144.9982,
                        -37.7511
                    ],
                    [
                        144.9987,
                        -37.7512
                    ]
                ]
            }
        },
        {
            "type": "Feature",
            "id": "way/1114814810",
            "properties": {},
            "geometry": {
                "type": "LineString",
                "coordinates": [
                    [
                        144.9976,
                        -37.751
                    ],
                    [
                        144.9982,
                        -37.7511
                    ]
                ]
            }
        },
        {
            "type": "Feature",
            "id": "way/1114814811",
            "properties": {},
            "geometry": {
                "type": "LineString",
                "coordinates": [
                    [
                        144.9973,
                        -37.751
                    ],
                    [
                        144.9976,
                        -37.751
                    ]
                ]
            }
        },
        {
            "type": "Feature",
            "id": "way/1114814812",
            "properties": {},
            "geometry": {
                "type": "LineString",
                "coordinates": [
                    [
                        144.9966,
                        -37.7509
                    ],
                    [
                        144.9973,
                        -37.751
                    ]
                ]
            }
        },
        {
            "type": "Feature",
            "id": "way/1114814813",
            "properties": {},
            "geometry": {
                "type": "LineString",
                "coordinates": [
                    [
                        144.9964,
                        -37.7509
                    ],
                    [
                        144.9966,
                        -37.7509
                    ]
                ]
            }
        },
        {
            "type": "Feature",
            "id": "way/1114814814",
            "properties": {},
            "geometry": {
                "type": "LineString",
                "coordinates": [
                    [
                        144.9988,
                        -37.7514
                    ],
                    [
                        144.9986,
                        -37.7511
                    ],
                    [
                        144.9982,
                        -37.7511
                    ]
                ]
            }
        },
        {
            "type": "Feature",
            "id": "way/1114814815",
            "properties": {},
            "geometry": {
                "type": "LineString",
                "coordinates": [
                    [
                        144.9982,
                        -37.7511
                    ],
                    [
                        144.9976,
                        -37.751
                    ]
                ]
            }
        },
        {
            "type": "Feature",
            "id": "way/1114814816",
            "properties": {},
            "geometry": {
                "type": "LineString",
                "coordinates": [
                    [
                        144.9976,
                        -37.751
                    ],
                    [
                        144.9973,
                        -37.751
                    ]
                ]
            }
        },
        {
            "type": "Feature",
            "id": "way/1114814817",
            "properties": {},
            "geometry": {
                "type": "LineString",
                "coordinates": [
                    [
                        144.9973,
                        -37.751
                    ],
                    [
                        144.9967,
                        -37.7509
                    ]
                ]
            }
        },
        {
            "type": "Feature",
            "id": "way/1114814818",
            "properties": {},
            "geometry": {
                "type": "LineString",
                "coordinates": [
                    [
                        144.9967,
                        -37.7509
                    ],
                    [
                        144.9964,
                        -37.7509
                    ]
                ]
            }
        },
        {
            "type": "Feature",
            "id": "way/1114814819",
            "properties": {},
            "geometry": {
                "type": "LineString",
                "coordinates": [
                    [
                        144.9987,
                        -37.7512
                    ],
                    [
                        144.9982,
                        -37.751
                    ]
                ]
            }
        },
        {
            "type": "Feature",
            "id": "way/1114814820",
            "properties": {},
            "geometry": {
                "type": "LineString",
                "coordinates": [
                    [
                        144.9982,
                        -37.751
                    ],
                    [
                        144.9976,
                        -37.7509
                    ]
                ]
            }
        },
        {
            "type": "Feature",
            "id": "way/1114814821",
            "properties": {},
            "geometry": {
                "type": "LineString",
                "coordinates": [
                    [
                        144.9976,
                        -37.7509
                    ],
                    [
                        144.9973,
                        -37.7509
                    ]
                ]
            }
        },
        {
            "type": "Feature",
            "id": "way/1114814822",
            "properties": {},
            "geometry": {
                "type": "LineString",
                "coordinates": [
                    [
                        144.9973,
                        -37.7509
                    ],
                    [
                        144.9967,
                        -37.7509
                    ]
                ]
            }
        },
        {
            "type": "Feature",
            "id": "way/1114814823",
            "properties": {},
            "geometry": {
                "type": "LineString",
                "coordinates": [
                    [
                        144.9967,
                        -37.7509
                    ],
                    [
                        144.9964,
                        -37.7508
                    ]
                ]
            }
        },
        {
            "type": "Feature",
            "id": "way/1114814824",
            "properties": {},
            "geometry": {
                "type": "LineString",
                "coordinates": [
                    [
                        144.9982,
                        -37.751
                    ],
                    [
                        144.9987,
                        -37.7511
                    ]
                ]
            }
        },
        {
            "type": "Feature",
            "id": "way/1114814825",
            "properties": {},
            "geometry": {
                "type": "LineString",
                "coordinates": [
                    [
                        144.9976,
                        -37.7509
                    ],
                    [
                        144.9982,
                        -37.751
                    ]
                ]
            }
        },
        {
            "type": "Feature",
            "id": "way/1114814826",
            "properties": {},
            "geometry": {
                "type": "LineString",
                "coordinates": [
                    [
                        144.9973,
                        -37.7509
                    ],
                    [
                        144.9976,
                        -37.7509
                    ]
                ]
            }
        },
        {
            "type": "Feature",
            "id": "way/1114814827",
            "properties": {},
            "geometry": {
                "type": "LineString",
                "coordinates": [
                    [
                        144.9967,
                        -37.7508
                    ],
                    [
                        144.9973,
                        -37.7509
                    ]
                ]
            }
        },
        {
            "type": "Feature",
            "id": "way/1114814828",
            "properties": {},
            "geometry": {
                "type": "LineString",
                "coordinates": [
                    [
                        144.9964,
                        -37.7508
                    ],
                    [
                        144.9967,
                        -37.7508
                    ]
                ]
            }
        },
        {
            "type": "Feature",
            "id": "way/1114814829",
            "properties": {},
            "geometry": {
                "type": "LineString",
                "coordinates": [
                    [
                        144.9988,
                        -37.7513
                    ],
                    [
                        144.9986,
                        -37.751
                    ],
                    [
                        144.9983,
                        -37.7509
                    ]
                ]
            }
        },
        {
            "type": "Feature",
            "id": "way/1114814830",
            "properties": {},
            "geometry": {
                "type": "LineString",
                "coordinates": [
                    [
                        144.9983,
                        -37.7509
                    ],
                    [
                        144.9976,
                        -37.7509
                    ]
                ]
            }
        },
        {
            "type": "Feature",
            "id": "way/1114814831",
            "properties": {},
            "geometry": {
                "type": "LineString",
                "coordinates": [
                    [
                        144.9976,
                        -37.7509
                    ],
                    [
                        144.9973,
                        -37.7508
                    ]
                ]
            }
        },
        {
            "type": "Feature",
            "id": "way/1114814832",
            "properties": {},
            "geometry": {
                "type": "LineString",
                "coordinates": [
                    [
                        144.9973,
                        -37.7508
                    ],
                    [
                        144.9967,
                        -37.7508
                    ]
                ]
            }
        },
        {
            "type": "Feature",
            "id": "way/1114814833",
            "properties": {},
            "geometry": {
                "type": "LineString",
                "coordinates": [
                    [
                        144.9967,
                        -37.7508
                    ],
                    [
                        144.9964,
                        -37.7507
                    ]
                ]
            }
        },
        {
            "type": "Feature",
            "id": "way/1114814834",
            "properties": {},
            "geometry": {
                "type": "LineString",
                "coordinates": [
                    [
                        144.9987,
                        -37.7511
                    ],
                    [
                        144.9983,
                        -37.7509
                    ]
                ]
            }
        },
        {
            "type": "Feature",
            "id": "way/1114814835",
            "properties": {},
            "geometry": {
                "type": "LineString",
                "coordinates": [
                    [
                        144.9983,
                        -37.7509
                    ],
                    [
                        144.9976,
                        -37.7508
                    ]
                ]
            }
        },
        {
            "type": "Feature",
            "id": "way/1114814836",
            "properties": {},
            "geometry": {
                "type": "LineString",
                "coordinates": [
                    [
                        144.9976,
                        -37.7508
                    ],
                    [
                        144.9973,
                        -37.7508
                    ]
                ]
            }
        },
        {
            "type": "Feature",
            "id": "way/1114814837",
            "properties": {},
            "geometry": {
                "type": "LineString",
                "coordinates": [
                    [
                        144.9956,
                        -37.7509
                    ],
                    [
                        144.9958,
                        -37.7507
                    ],
                    [
                        144.996,
                        -37.7506
                    ]
                ]
            }
        },
        {
            "type": "Feature",
            "id": "way/1114814838",
            "properties": {},
            "geometry": {
                "type": "LineString",
                "coordinates": [
                    [
                        144.996,
                        -37.7506
                    ],
                    [
                        144.9957,
                        -37.7507
                    ]
                ]
            }
        },
        {
            "type": "Feature",
            "id": "way/1114814839",
            "properties": {},
            "geometry": {
                "type": "LineString",
                "coordinates": [
                    [
                        144.996,
                        -37.7505
                    ],
                    [
                        144.9957,
                        -37.7508
                    ]
                ]
            }
        },
        {
            "type": "Feature",
            "id": "way/1114814840",
            "properties": {},
            "geometry": {
                "type": "LineString",
                "coordinates": [
                    [
                        144.996,
                        -37.7505
                    ],
                    [
                        144.9957,
                        -37.7506
                    ]
                ]
            }
        },
        {
            "type": "Feature",
            "id": "way/1114814841",
            "properties": {},
            "geometry": {
                "type": "LineString",
                "coordinates": [
                    [
                        144.9958,
                        -37.7504
                    ],
                    [
                        144.9961,
                        -37.7503
                    ]
                ]
            }
        },
        {
            "type": "Feature",
            "id": "way/1114818930",
            "properties": {},
            "geometry": {
                "type": "LineString",
                "coordinates": [
                    [
                        144.9968,
                        -37.7502
                    ],
                    [
                        144.9974,
                        -37.7502
                    ]
                ]
            }
        },
        {
            "type": "Feature",
            "id": "way/1114818931",
            "properties": {},
            "geometry": {
                "type": "LineString",
                "coordinates": [
                    [
                        144.9974,
                        -37.7502
                    ],
                    [
                        144.9975,
                        -37.7502
                    ]
                ]
            }
        },
        {
            "type": "Feature",
            "id": "way/1114818932",
            "properties": {},
            "geometry": {
                "type": "LineString",
                "coordinates": [
                    [
                        144.9967,
                        -37.7502
                    ],
                    [
                        144.9968,
                        -37.7502
                    ]
                ]
            }
        },
        {
            "type": "Feature",
            "id": "way/1114818933",
            "properties": {},
            "geometry": {
                "type": "LineString",
                "coordinates": [
                    [
                        144.9975,
                        -37.7504
                    ],
                    [
                        144.9974,
                        -37.7504
                    ]
                ]
            }
        },
        {
            "type": "Feature",
            "id": "way/1114818934",
            "properties": {},
            "geometry": {
                "type": "LineString",
                "coordinates": [
                    [
                        144.9974,
                        -37.7504
                    ],
                    [
                        144.9967,
                        -37.7503
                    ]
                ]
            }
        },
        {
            "type": "Feature",
            "id": "way/1114818935",
            "properties": {},
            "geometry": {
                "type": "LineString",
                "coordinates": [
                    [
                        144.9961,
                        -37.7502
                    ],
                    [
                        144.9967,
                        -37.7503
                    ]
                ]
            }
        },
        {
            "type": "Feature",
            "id": "way/1114818936",
            "properties": {},
            "geometry": {
                "type": "LineString",
                "coordinates": [
                    [
                        144.9974,
                        -37.7504
                    ],
                    [
                        144.9975,
                        -37.7504
                    ]
                ]
            }
        },
        {
            "type": "Feature",
            "id": "way/1114818937",
            "properties": {},
            "geometry": {
                "type": "LineString",
                "coordinates": [
                    [
                        144.9968,
                        -37.7502
                    ],
                    [
                        144.9974,
                        -37.7503
                    ]
                ]
            }
        },
        {
            "type": "Feature",
            "id": "way/1114818938",
            "properties": {},
            "geometry": {
                "type": "LineString",
                "coordinates": [
                    [
                        144.9974,
                        -37.7503
                    ],
                    [
                        144.9975,
                        -37.7503
                    ]
                ]
            }
        },
        {
            "type": "Feature",
            "id": "way/1114818939",
            "properties": {},
            "geometry": {
                "type": "LineString",
                "coordinates": [
                    [
                        144.9967,
                        -37.7502
                    ],
                    [
                        144.9968,
                        -37.7502
                    ]
                ]
            }
        },
        {
            "type": "Feature",
            "id": "way/1114818940",
            "properties": {},
            "geometry": {
                "type": "LineString",
                "coordinates": [
                    [
                        144.9968,
                        -37.7502
                    ],
                    [
                        144.9974,
                        -37.7503
                    ]
                ]
            }
        },
        {
            "type": "Feature",
            "id": "way/1114818941",
            "properties": {},
            "geometry": {
                "type": "LineString",
                "coordinates": [
                    [
                        144.9974,
                        -37.7503
                    ],
                    [
                        144.9975,
                        -37.7503
                    ]
                ]
            }
        },
        {
            "type": "Feature",
            "id": "way/1114818942",
            "properties": {},
            "geometry": {
                "type": "LineString",
                "coordinates": [
                    [
                        144.9967,
                        -37.7502
                    ],
                    [
                        144.9968,
                        -37.7502
                    ]
                ]
            }
        },
        {
            "type": "Feature",
            "id": "way/1115096870",
            "properties": {},
            "geometry": {
                "type": "LineString",
                "coordinates": [
                    [
                        144.9978,
                        -37.75
                    ],
                    [
                        144.9983,
                        -37.75
                    ]
                ]
            }
        },
        {
            "type": "Feature",
            "id": "way/1115096871",
            "properties": {},
            "geometry": {
                "type": "LineString",
                "coordinates": [
                    [
                        144.9978,
                        -37.7499
                    ],
                    [
                        144.9983,
                        -37.7499
                    ]
                ]
            }
        },
        {
            "type": "Feature",
            "id": "way/1115640659",
            "properties": {},
            "geometry": {
                "type": "LineString",
                "coordinates": [
                    [
                        144.9962,
                        -37.8826
                    ],
                    [
                        144.9961,
                        -37.8824
                    ]
                ]
            }
        },
        {
            "type": "Feature",
            "id": "way/1125715978",
            "properties": {},
            "geometry": {
                "type": "LineString",
                "coordinates": [
                    [
                        144.9562,
                        -37.8113
                    ],
                    [
                        144.9555,
                        -37.8098
                    ]
                ]
            }
        },
        {
            "type": "Feature",
            "id": "way/1136400301",
            "properties": {},
            "geometry": {
                "type": "LineString",
                "coordinates": [
                    [
                        144.925,
                        -37.7662
                    ],
                    [
                        144.925,
                        -37.7661
                    ]
                ]
            }
        },
        {
            "type": "Feature",
            "id": "way/1137555763",
            "properties": {},
            "geometry": {
                "type": "LineString",
                "coordinates": [
                    [
                        144.9248,
                        -37.7671
                    ],
                    [
                        144.9248,
                        -37.767
                    ]
                ]
            }
        },
        {
            "type": "Feature",
            "id": "way/1145590309",
            "properties": {},
            "geometry": {
                "type": "LineString",
                "coordinates": [
                    [
                        144.9769,
                        -37.8076
                    ],
                    [
                        144.9769,
                        -37.8075
                    ]
                ]
            }
        },
        {
            "type": "Feature",
            "id": "way/1156846895",
            "properties": {},
            "geometry": {
                "type": "LineString",
                "coordinates": [
                    [
                        144.9652,
                        -37.7969
                    ],
                    [
                        144.9655,
                        -37.7969
                    ]
                ]
            }
        },
        {
            "type": "Feature",
            "id": "way/1171487208",
            "properties": {},
            "geometry": {
                "type": "LineString",
                "coordinates": [
                    [
                        144.9555,
                        -37.8098
                    ],
                    [
                        144.9564,
                        -37.8115
                    ]
                ]
            }
        },
        {
            "type": "Feature",
            "id": "way/1183872021",
            "properties": {},
            "geometry": {
                "type": "LineString",
                "coordinates": [
                    [
                        144.8893,
                        -37.7356
                    ],
                    [
                        144.8893,
                        -37.7354
                    ]
                ]
            }
        },
        {
            "type": "Feature",
            "id": "way/1186126597",
            "properties": {},
            "geometry": {
                "type": "LineString",
                "coordinates": [
                    [
                        145.0499,
                        -37.7996
                    ],
                    [
                        145.0497,
                        -37.7998
                    ]
                ]
            }
        },
        {
            "type": "Feature",
            "id": "way/1188566425",
            "properties": {},
            "geometry": {
                "type": "LineString",
                "coordinates": [
                    [
                        145.054,
                        -37.8909
                    ],
                    [
                        145.0423,
                        -37.8895
                    ]
                ]
            }
        },
        {
            "type": "Feature",
            "id": "way/1188566427",
            "properties": {},
            "geometry": {
                "type": "LineString",
                "coordinates": [
                    [
                        145.0423,
                        -37.8894
                    ],
                    [
                        145.054,
                        -37.8908
                    ]
                ]
            }
        },
        {
            "type": "Feature",
            "id": "way/1188566428",
            "properties": {},
            "geometry": {
                "type": "LineString",
                "coordinates": [
                    [
                        145.0423,
                        -37.8895
                    ],
                    [
                        145.042,
                        -37.8894
                    ]
                ]
            }
        },
        {
            "type": "Feature",
            "id": "way/1188566430",
            "properties": {},
            "geometry": {
                "type": "LineString",
                "coordinates": [
                    [
                        145.042,
                        -37.8894
                    ],
                    [
                        145.0423,
                        -37.8894
                    ]
                ]
            }
        },
        {
            "type": "Feature",
            "id": "way/1211762807",
            "properties": {},
            "geometry": {
                "type": "LineString",
                "coordinates": [
                    [
                        145.1212,
                        -37.8177
                    ],
                    [
                        145.1221,
                        -37.8178
                    ]
                ]
            }
        },
        {
            "type": "Feature",
            "id": "way/1211762808",
            "properties": {},
            "geometry": {
                "type": "LineString",
                "coordinates": [
                    [
                        145.1221,
                        -37.8179
                    ],
                    [
                        145.1212,
                        -37.8178
                    ]
                ]
            }
        },
        {
            "type": "Feature",
            "id": "way/1211762811",
            "properties": {},
            "geometry": {
                "type": "LineString",
                "coordinates": [
                    [
                        145.1216,
                        -37.8178
                    ],
                    [
                        145.1212,
                        -37.8177
                    ]
                ]
            }
        },
        {
            "type": "Feature",
            "id": "way/1211762812",
            "properties": {},
            "geometry": {
                "type": "LineString",
                "coordinates": [
                    [
                        145.1212,
                        -37.8178
                    ],
                    [
                        145.1216,
                        -37.8178
                    ]
                ]
            }
        },
        {
            "type": "Feature",
            "id": "way/1223642661",
            "properties": {},
            "geometry": {
                "type": "LineString",
                "coordinates": [
                    [
                        145.0293,
                        -37.8568
                    ],
                    [
                        145.0293,
                        -37.8568
                    ]
                ]
            }
        },
        {
            "type": "Feature",
            "id": "way/1223670319",
            "properties": {},
            "geometry": {
                "type": "LineString",
                "coordinates": [
                    [
                        145.028,
                        -37.8648
                    ],
                    [
                        145.0279,
                        -37.8651
                    ]
                ]
            }
        },
        {
            "type": "Feature",
            "id": "way/1261785509",
            "properties": {},
            "geometry": {
                "type": "LineString",
                "coordinates": [
                    [
                        144.8822,
                        -37.7752
                    ],
                    [
                        144.8809,
                        -37.7751
                    ],
                    [
                        144.8786,
                        -37.7766
                    ],
                    [
                        144.8763,
                        -37.776
                    ]
                ]
            }
        },
        {
            "type": "Feature",
            "id": "way/1261785510",
            "properties": {},
            "geometry": {
                "type": "LineString",
                "coordinates": [
                    [
                        144.8768,
                        -37.776
                    ],
                    [
                        144.8786,
                        -37.7765
                    ],
                    [
                        144.8809,
                        -37.7751
                    ],
                    [
                        144.8822,
                        -37.7751
                    ]
                ]
            }
        },
        {
            "type": "Feature",
            "id": "way/1271205625",
            "properties": {},
            "geometry": {
                "type": "LineString",
                "coordinates": [
                    [
                        144.9943,
                        -37.7859
                    ],
                    [
                        144.9941,
                        -37.7861
                    ]
                ]
            }
        },
        {
            "type": "Feature",
            "id": "way/1271387133",
            "properties": {},
            "geometry": {
                "type": "LineString",
                "coordinates": [
                    [
                        145.001,
                        -37.7522
                    ],
                    [
                        145.0008,
                        -37.7522
                    ]
                ]
            }
        },
        {
            "type": "Feature",
            "id": "way/1271668316",
            "properties": {},
            "geometry": {
                "type": "LineString",
                "coordinates": [
                    [
                        145.0024,
                        -37.7512
                    ],
                    [
                        145.0023,
                        -37.7514
                    ]
                ]
            }
        },
        {
            "type": "Feature",
            "id": "way/1271668899",
            "properties": {},
            "geometry": {
                "type": "LineString",
                "coordinates": [
                    [
                        144.978,
                        -37.7809
                    ],
                    [
                        144.978,
                        -37.7811
                    ]
                ]
            }
        },
        {
            "type": "Feature",
            "id": "way/1271669037",
            "properties": {},
            "geometry": {
                "type": "LineString",
                "coordinates": [
                    [
                        144.9901,
                        -37.7746
                    ],
                    [
                        144.9901,
                        -37.7744
                    ]
                ]
            }
        },
        {
            "type": "Feature",
            "id": "way/1271782961",
            "properties": {},
            "geometry": {
                "type": "LineString",
                "coordinates": [
                    [
                        144.9978,
                        -37.8264
                    ],
                    [
                        144.9978,
                        -37.8262
                    ]
                ]
            }
        },
        {
            "type": "Feature",
            "id": "way/1273245173",
            "properties": {},
            "geometry": {
                "type": "LineString",
                "coordinates": [
                    [
                        144.9246,
                        -37.7685
                    ],
                    [
                        144.9248,
                        -37.7671
                    ]
                ]
            }
        },
        {
            "type": "Feature",
            "id": "way/1273245174",
            "properties": {},
            "geometry": {
                "type": "LineString",
                "coordinates": [
                    [
                        144.9245,
                        -37.7691
                    ],
                    [
                        144.9246,
                        -37.7685
                    ]
                ]
            }
        },
        {
            "type": "Feature",
            "id": "way/1273572729",
            "properties": {},
            "geometry": {
                "type": "LineString",
                "coordinates": [
                    [
                        144.9454,
                        -37.8321
                    ],
                    [
                        144.9477,
                        -37.8307
                    ]
                ]
            }
        },
        {
            "type": "Feature",
            "id": "way/1273572731",
            "properties": {},
            "geometry": {
                "type": "LineString",
                "coordinates": [
                    [
                        144.9491,
                        -37.8299
                    ],
                    [
                        144.9454,
                        -37.8321
                    ]
                ]
            }
        },
        {
            "type": "Feature",
            "id": "way/1273572734",
            "properties": {},
            "geometry": {
                "type": "LineString",
                "coordinates": [
                    [
                        144.9454,
                        -37.8321
                    ],
                    [
                        144.9453,
                        -37.8322
                    ]
                ]
            }
        },
        {
            "type": "Feature",
            "id": "way/1273572735",
            "properties": {},
            "geometry": {
                "type": "LineString",
                "coordinates": [
                    [
                        144.9453,
                        -37.8322
                    ],
                    [
                        144.9454,
                        -37.8321
                    ]
                ]
            }
        },
        {
            "type": "Feature",
            "id": "way/1273998175",
            "properties": {},
            "geometry": {
                "type": "LineString",
                "coordinates": [
                    [
                        145.0274,
                        -37.7242
                    ],
                    [
                        145.0306,
                        -37.7224
                    ],
                    [
                        145.0345,
                        -37.7209
                    ]
                ]
            }
        },
        {
            "type": "Feature",
            "id": "way/1273998771",
            "properties": {},
            "geometry": {
                "type": "LineString",
                "coordinates": [
                    [
                        145.0349,
                        -37.7207
                    ],
                    [
                        145.0403,
                        -37.7188
                    ],
                    [
                        145.0422,
                        -37.7178
                    ],
                    [
                        145.0429,
                        -37.717
                    ],
                    [
                        145.0452,
                        -37.7134
                    ],
                    [
                        145.0494,
                        -37.7101
                    ],
                    [
                        145.0557,
                        -37.704
                    ]
                ]
            }
        },
        {
            "type": "Feature",
            "id": "way/1274249324",
            "properties": {},
            "geometry": {
                "type": "LineString",
                "coordinates": [
                    [
                        144.9708,
                        -37.7778
                    ],
                    [
                        144.9708,
                        -37.7776
                    ]
                ]
            }
        },
        {
            "type": "Feature",
            "id": "way/1274749812",
            "properties": {},
            "geometry": {
                "type": "LineString",
                "coordinates": [
                    [
                        144.9498,
                        -37.7884
                    ],
                    [
                        144.9498,
                        -37.7906
                    ],
                    [
                        144.9484,
                        -37.7926
                    ],
                    [
                        144.9476,
                        -37.7934
                    ],
                    [
                        144.9476,
                        -37.7937
                    ]
                ]
            }
        },
        {
            "type": "Feature",
            "id": "way/1274749814",
            "properties": {},
            "geometry": {
                "type": "LineString",
                "coordinates": [
                    [
                        144.9476,
                        -37.7937
                    ],
                    [
                        144.9475,
                        -37.7934
                    ],
                    [
                        144.9484,
                        -37.7926
                    ],
                    [
                        144.9497,
                        -37.7907
                    ],
                    [
                        144.9498,
                        -37.7903
                    ],
                    [
                        144.9498,
                        -37.7884
                    ]
                ]
            }
        },
        {
            "type": "Feature",
            "id": "way/1274749815",
            "properties": {},
            "geometry": {
                "type": "LineString",
                "coordinates": [
                    [
                        144.9498,
                        -37.7884
                    ],
                    [
                        144.9497,
                        -37.7883
                    ]
                ]
            }
        },
        {
            "type": "Feature",
            "id": "way/1274749817",
            "properties": {},
            "geometry": {
                "type": "LineString",
                "coordinates": [
                    [
                        144.9498,
                        -37.7882
                    ],
                    [
                        144.9498,
                        -37.7884
                    ]
                ]
            }
        },
        {
            "type": "Feature",
            "id": "way/1274775624",
            "properties": {},
            "geometry": {
                "type": "LineString",
                "coordinates": [
                    [
                        144.9966,
                        -37.8346
                    ],
                    [
                        144.9965,
                        -37.8351
                    ]
                ]
            }
        },
        {
            "type": "Feature",
            "id": "way/1274777265",
            "properties": {},
            "geometry": {
                "type": "LineString",
                "coordinates": [
                    [
                        144.9635,
                        -37.8347
                    ],
                    [
                        144.9647,
                        -37.8343
                    ]
                ]
            }
        },
        {
            "type": "Feature",
            "id": "way/1279303823",
            "properties": {},
            "geometry": {
                "type": "LineString",
                "coordinates": [
                    [
                        144.9527,
                        -37.828
                    ],
                    [
                        144.9524,
                        -37.8281
                    ]
                ]
            }
        },
        {
            "type": "Feature",
            "id": "way/1279303824",
            "properties": {},
            "geometry": {
                "type": "LineString",
                "coordinates": [
                    [
                        144.9522,
                        -37.8282
                    ],
                    [
                        144.9524,
                        -37.8281
                    ]
                ]
            }
        },
        {
            "type": "Feature",
            "id": "way/1279303825",
            "properties": {},
            "geometry": {
                "type": "LineString",
                "coordinates": [
                    [
                        144.9521,
                        -37.8282
                    ],
                    [
                        144.9523,
                        -37.8281
                    ]
                ]
            }
        },
        {
            "type": "Feature",
            "id": "way/1279303826",
            "properties": {},
            "geometry": {
                "type": "LineString",
                "coordinates": [
                    [
                        144.9494,
                        -37.8297
                    ],
                    [
                        144.9496,
                        -37.8295
                    ]
                ]
            }
        },
        {
            "type": "Feature",
            "id": "way/1279303827",
            "properties": {},
            "geometry": {
                "type": "LineString",
                "coordinates": [
                    [
                        144.9496,
                        -37.8295
                    ],
                    [
                        144.9499,
                        -37.8292
                    ]
                ]
            }
        },
        {
            "type": "Feature",
            "id": "way/1279303828",
            "properties": {},
            "geometry": {
                "type": "LineString",
                "coordinates": [
                    [
                        144.9503,
                        -37.8289
                    ],
                    [
                        144.9499,
                        -37.8292
                    ]
                ]
            }
        },
        {
            "type": "Feature",
            "id": "way/1279303829",
            "properties": {},
            "geometry": {
                "type": "LineString",
                "coordinates": [
                    [
                        144.9503,
                        -37.8289
                    ],
                    [
                        144.9504,
                        -37.8288
                    ]
                ]
            }
        },
        {
            "type": "Feature",
            "id": "way/1279303830",
            "properties": {},
            "geometry": {
                "type": "LineString",
                "coordinates": [
                    [
                        144.9519,
                        -37.8281
                    ],
                    [
                        144.9516,
                        -37.8281
                    ]
                ]
            }
        },
        {
            "type": "Feature",
            "id": "way/1279303831",
            "properties": {},
            "geometry": {
                "type": "LineString",
                "coordinates": [
                    [
                        144.9521,
                        -37.8282
                    ],
                    [
                        144.9519,
                        -37.8282
                    ]
                ]
            }
        },
        {
            "type": "Feature",
            "id": "way/1279303833",
            "properties": {},
            "geometry": {
                "type": "LineString",
                "coordinates": [
                    [
                        144.9477,
                        -37.8307
                    ],
                    [
                        144.9491,
                        -37.8299
                    ]
                ]
            }
        },
        {
            "type": "Feature",
            "id": "way/1279303834",
            "properties": {},
            "geometry": {
                "type": "LineString",
                "coordinates": [
                    [
                        144.9494,
                        -37.8297
                    ],
                    [
                        144.9494,
                        -37.8297
                    ]
                ]
            }
        },
        {
            "type": "Feature",
            "id": "way/1279303843",
            "properties": {},
            "geometry": {
                "type": "LineString",
                "coordinates": [
                    [
                        144.9486,
                        -37.8301
                    ],
                    [
                        144.949,
                        -37.8298
                    ]
                ]
            }
        },
        {
            "type": "Feature",
            "id": "way/1282714015",
            "properties": {},
            "geometry": {
                "type": "LineString",
                "coordinates": [
                    [
                        144.9825,
                        -37.8554
                    ],
                    [
                        144.9825,
                        -37.8554
                    ]
                ]
            }
        },
        {
            "type": "Feature",
            "id": "way/1282714016",
            "properties": {},
            "geometry": {
                "type": "LineString",
                "coordinates": [
                    [
                        144.9825,
                        -37.8554
                    ],
                    [
                        144.9825,
                        -37.8554
                    ]
                ]
            }
        },
        {
            "type": "Feature",
            "id": "way/1282714577",
            "properties": {},
            "geometry": {
                "type": "LineString",
                "coordinates": [
                    [
                        144.983,
                        -37.8556
                    ],
                    [
                        144.9828,
                        -37.8556
                    ]
                ]
            }
        },
        {
            "type": "Feature",
            "id": "way/1282714578",
            "properties": {},
            "geometry": {
                "type": "LineString",
                "coordinates": [
                    [
                        144.983,
                        -37.8556
                    ],
                    [
                        144.9834,
                        -37.8557
                    ]
                ]
            }
        },
        {
            "type": "Feature",
            "id": "way/1291949226",
            "properties": {},
            "geometry": {
                "type": "LineString",
                "coordinates": [
                    [
                        145.0398,
                        -37.8755
                    ],
                    [
                        145.0397,
                        -37.8756
                    ]
                ]
            }
        },
        {
            "type": "Feature",
            "id": "way/1291949227",
            "properties": {},
            "geometry": {
                "type": "LineString",
                "coordinates": [
                    [
                        145.04,
                        -37.8754
                    ],
                    [
                        145.0398,
                        -37.8755
                    ]
                ]
            }
        },
        {
            "type": "Feature",
            "id": "way/1291949228",
            "properties": {},
            "geometry": {
                "type": "LineString",
                "coordinates": [
                    [
                        145.0396,
                        -37.8755
                    ],
                    [
                        145.0398,
                        -37.8754
                    ]
                ]
            }
        },
        {
            "type": "Feature",
            "id": "way/1291949229",
            "properties": {},
            "geometry": {
                "type": "LineString",
                "coordinates": [
                    [
                        145.0396,
                        -37.8755
                    ],
                    [
                        145.0396,
                        -37.8755
                    ]
                ]
            }
        },
        {
            "type": "Feature",
            "id": "way/1300080826",
            "properties": {},
            "geometry": {
                "type": "LineString",
                "coordinates": [
                    [
                        144.9739,
                        -37.7565
                    ],
                    [
                        144.9737,
                        -37.7566
                    ]
                ]
            }
        },
        {
            "type": "Feature",
            "id": "way/1303181958",
            "properties": {},
            "geometry": {
                "type": "LineString",
                "coordinates": [
                    [
                        144.8816,
                        -37.7751
                    ],
                    [
                        144.8819,
                        -37.7749
                    ]
                ]
            }
        },
        {
            "type": "Feature",
            "id": "way/1303181959",
            "properties": {},
            "geometry": {
                "type": "LineString",
                "coordinates": [
                    [
                        144.882,
                        -37.7749
                    ],
                    [
                        144.8818,
                        -37.7751
                    ],
                    [
                        144.8816,
                        -37.7751
                    ]
                ]
            }
        },
        {
            "type": "Feature",
            "id": "way/1306132049",
            "properties": {},
            "geometry": {
                "type": "LineString",
                "coordinates": [
                    [
                        145.2236,
                        -38.0024
                    ],
                    [
                        145.2232,
                        -38.0014
                    ],
                    [
                        145.2226,
                        -38.0007
                    ],
                    [
                        145.2221,
                        -38.0004
                    ],
                    [
                        145.2212,
                        -38.0004
                    ]
                ]
            }
        },
        {
            "type": "Feature",
            "id": "way/1306132050",
            "properties": {},
            "geometry": {
                "type": "LineString",
                "coordinates": [
                    [
                        145.2209,
                        -38.0003
                    ],
                    [
                        145.2208,
                        -38.0003
                    ]
                ]
            }
        },
        {
            "type": "Feature",
            "id": "way/1306132051",
            "properties": {},
            "geometry": {
                "type": "LineString",
                "coordinates": [
                    [
                        145.2208,
                        -38.0007
                    ],
                    [
                        145.2207,
                        -38.0007
                    ]
                ]
            }
        },
        {
            "type": "Feature",
            "id": "way/1306132052",
            "properties": {},
            "geometry": {
                "type": "LineString",
                "coordinates": [
                    [
                        145.2208,
                        -38.0008
                    ],
                    [
                        145.2216,
                        -38.0009
                    ]
                ]
            }
        },
        {
            "type": "Feature",
            "id": "way/1306132053",
            "properties": {},
            "geometry": {
                "type": "LineString",
                "coordinates": [
                    [
                        145.2208,
                        -38.0008
                    ],
                    [
                        145.2212,
                        -38.0009
                    ]
                ]
            }
        },
        {
            "type": "Feature",
            "id": "way/1306132054",
            "properties": {},
            "geometry": {
                "type": "LineString",
                "coordinates": [
                    [
                        145.2208,
                        -38.0009
                    ],
                    [
                        145.2211,
                        -38.0009
                    ]
                ]
            }
        },
        {
            "type": "Feature",
            "id": "way/1306132055",
            "properties": {},
            "geometry": {
                "type": "LineString",
                "coordinates": [
                    [
                        145.2207,
                        -38.001
                    ],
                    [
                        145.2225,
                        -38.0012
                    ]
                ]
            }
        },
        {
            "type": "Feature",
            "id": "way/1306132056",
            "properties": {},
            "geometry": {
                "type": "LineString",
                "coordinates": [
                    [
                        145.2207,
                        -38.0011
                    ],
                    [
                        145.2225,
                        -38.0013
                    ]
                ]
            }
        },
        {
            "type": "Feature",
            "id": "way/1306132057",
            "properties": {},
            "geometry": {
                "type": "LineString",
                "coordinates": [
                    [
                        145.2207,
                        -38.0008
                    ],
                    [
                        145.2208,
                        -38.0008
                    ]
                ]
            }
        },
        {
            "type": "Feature",
            "id": "way/1306132058",
            "properties": {},
            "geometry": {
                "type": "LineString",
                "coordinates": [
                    [
                        145.2207,
                        -38.0008
                    ],
                    [
                        145.2208,
                        -38.0008
                    ]
                ]
            }
        },
        {
            "type": "Feature",
            "id": "way/1306132059",
            "properties": {},
            "geometry": {
                "type": "LineString",
                "coordinates": [
                    [
                        145.2207,
                        -38.0009
                    ],
                    [
                        145.2208,
                        -38.0009
                    ]
                ]
            }
        },
        {
            "type": "Feature",
            "id": "way/1306132060",
            "properties": {},
            "geometry": {
                "type": "LineString",
                "coordinates": [
                    [
                        145.2207,
                        -38.001
                    ],
                    [
                        145.2207,
                        -38.001
                    ]
                ]
            }
        },
        {
            "type": "Feature",
            "id": "way/1306132061",
            "properties": {},
            "geometry": {
                "type": "LineString",
                "coordinates": [
                    [
                        145.2206,
                        -38.0011
                    ],
                    [
                        145.2207,
                        -38.0011
                    ]
                ]
            }
        },
        {
            "type": "Feature",
            "id": "way/1306132064",
            "properties": {},
            "geometry": {
                "type": "LineString",
                "coordinates": [
                    [
                        145.2201,
                        -38.0021
                    ],
                    [
                        145.2196,
                        -38.002
                    ]
                ]
            }
        },
        {
            "type": "Feature",
            "id": "way/1306132065",
            "properties": {},
            "geometry": {
                "type": "LineString",
                "coordinates": [
                    [
                        145.2201,
                        -38.0022
                    ],
                    [
                        145.2196,
                        -38.0021
                    ]
                ]
            }
        },
        {
            "type": "Feature",
            "id": "way/1306132066",
            "properties": {},
            "geometry": {
                "type": "LineString",
                "coordinates": [
                    [
                        145.2201,
                        -38.0022
                    ],
                    [
                        145.2196,
                        -38.0021
                    ]
                ]
            }
        },
        {
            "type": "Feature",
            "id": "way/1306132067",
            "properties": {},
            "geometry": {
                "type": "LineString",
                "coordinates": [
                    [
                        145.2201,
                        -38.0023
                    ],
                    [
                        145.2197,
                        -38.0022
                    ]
                ]
            }
        },
        {
            "type": "Feature",
            "id": "way/1306132068",
            "properties": {},
            "geometry": {
                "type": "LineString",
                "coordinates": [
                    [
                        145.2201,
                        -38.0024
                    ],
                    [
                        145.2197,
                        -38.0023
                    ]
                ]
            }
        },
        {
            "type": "Feature",
            "id": "way/1306132069",
            "properties": {},
            "geometry": {
                "type": "LineString",
                "coordinates": [
                    [
                        145.2201,
                        -38.0024
                    ],
                    [
                        145.2197,
                        -38.0024
                    ]
                ]
            }
        },
        {
            "type": "Feature",
            "id": "way/1306132070",
            "properties": {},
            "geometry": {
                "type": "LineString",
                "coordinates": [
                    [
                        145.2202,
                        -38.0025
                    ],
                    [
                        145.2201,
                        -38.0024
                    ]
                ]
            }
        },
        {
            "type": "Feature",
            "id": "way/1306132071",
            "properties": {},
            "geometry": {
                "type": "LineString",
                "coordinates": [
                    [
                        145.2202,
                        -38.0024
                    ],
                    [
                        145.2201,
                        -38.0024
                    ]
                ]
            }
        },
        {
            "type": "Feature",
            "id": "way/1306132072",
            "properties": {},
            "geometry": {
                "type": "LineString",
                "coordinates": [
                    [
                        145.2202,
                        -38.0023
                    ],
                    [
                        145.2201,
                        -38.0023
                    ]
                ]
            }
        },
        {
            "type": "Feature",
            "id": "way/1306132073",
            "properties": {},
            "geometry": {
                "type": "LineString",
                "coordinates": [
                    [
                        145.2202,
                        -38.0022
                    ],
                    [
                        145.2201,
                        -38.0022
                    ]
                ]
            }
        },
        {
            "type": "Feature",
            "id": "way/1306132074",
            "properties": {},
            "geometry": {
                "type": "LineString",
                "coordinates": [
                    [
                        145.2202,
                        -38.0022
                    ],
                    [
                        145.2201,
                        -38.0022
                    ]
                ]
            }
        },
        {
            "type": "Feature",
            "id": "way/1306132075",
            "properties": {},
            "geometry": {
                "type": "LineString",
                "coordinates": [
                    [
                        145.2202,
                        -38.0021
                    ],
                    [
                        145.2201,
                        -38.0021
                    ]
                ]
            }
        },
        {
            "type": "Feature",
            "id": "way/1306132076",
            "properties": {},
            "geometry": {
                "type": "LineString",
                "coordinates": [
                    [
                        145.2205,
                        -38.0023
                    ],
                    [
                        145.222,
                        -38.0025
                    ]
                ]
            }
        },
        {
            "type": "Feature",
            "id": "way/1306132077",
            "properties": {},
            "geometry": {
                "type": "LineString",
                "coordinates": [
                    [
                        145.2205,
                        -38.0023
                    ],
                    [
                        145.222,
                        -38.0025
                    ]
                ]
            }
        },
        {
            "type": "Feature",
            "id": "way/1306132078",
            "properties": {},
            "geometry": {
                "type": "LineString",
                "coordinates": [
                    [
                        145.2205,
                        -38.0023
                    ],
                    [
                        145.222,
                        -38.0024
                    ]
                ]
            }
        },
        {
            "type": "Feature",
            "id": "way/1306132079",
            "properties": {},
            "geometry": {
                "type": "LineString",
                "coordinates": [
                    [
                        145.2205,
                        -38.0022
                    ],
                    [
                        145.2204,
                        -38.0022
                    ]
                ]
            }
        },
        {
            "type": "Feature",
            "id": "way/1306132080",
            "properties": {},
            "geometry": {
                "type": "LineString",
                "coordinates": [
                    [
                        145.2205,
                        -38.0021
                    ],
                    [
                        145.2205,
                        -38.0021
                    ]
                ]
            }
        },
        {
            "type": "Feature",
            "id": "way/1306132081",
            "properties": {},
            "geometry": {
                "type": "LineString",
                "coordinates": [
                    [
                        145.2205,
                        -38.002
                    ],
                    [
                        145.2205,
                        -38.002
                    ]
                ]
            }
        },
        {
            "type": "Feature",
            "id": "way/1306132082",
            "properties": {},
            "geometry": {
                "type": "LineString",
                "coordinates": [
                    [
                        145.2205,
                        -38.002
                    ],
                    [
                        145.222,
                        -38.0022
                    ]
                ]
            }
        },
        {
            "type": "Feature",
            "id": "way/1306132083",
            "properties": {},
            "geometry": {
                "type": "LineString",
                "coordinates": [
                    [
                        145.2205,
                        -38.0021
                    ],
                    [
                        145.222,
                        -38.0023
                    ]
                ]
            }
        },
        {
            "type": "Feature",
            "id": "way/1306132084",
            "properties": {},
            "geometry": {
                "type": "LineString",
                "coordinates": [
                    [
                        145.2205,
                        -38.0022
                    ],
                    [
                        145.222,
                        -38.0024
                    ]
                ]
            }
        },
        {
            "type": "Feature",
            "id": "way/1306132085",
            "properties": {},
            "geometry": {
                "type": "LineString",
                "coordinates": [
                    [
                        145.2204,
                        -38.0023
                    ],
                    [
                        145.2205,
                        -38.0023
                    ]
                ]
            }
        },
        {
            "type": "Feature",
            "id": "way/1306132086",
            "properties": {},
            "geometry": {
                "type": "LineString",
                "coordinates": [
                    [
                        145.2204,
                        -38.0023
                    ],
                    [
                        145.2205,
                        -38.0023
                    ]
                ]
            }
        },
        {
            "type": "Feature",
            "id": "way/1306132087",
            "properties": {},
            "geometry": {
                "type": "LineString",
                "coordinates": [
                    [
                        145.2204,
                        -38.0023
                    ],
                    [
                        145.2205,
                        -38.0023
                    ]
                ]
            }
        },
        {
            "type": "Feature",
            "id": "way/1312716970",
            "properties": {},
            "geometry": {
                "type": "LineString",
                "coordinates": [
                    [
                        144.906,
                        -37.7706
                    ],
                    [
                        144.9062,
                        -37.7706
                    ]
                ]
            }
        },
        {
            "type": "Feature",
            "id": "way/1330559428",
            "properties": {},
            "geometry": {
                "type": "LineString",
                "coordinates": [
                    [
                        145.0148,
                        -37.8121
                    ],
                    [
                        145.0147,
                        -37.8121
                    ]
                ]
            }
        },
        {
            "type": "Feature",
            "id": "way/1339995416",
            "properties": {},
            "geometry": {
                "type": "LineString",
                "coordinates": [
                    [
                        144.9818,
                        -37.8062
                    ],
                    [
                        144.9794,
                        -37.806
                    ]
                ]
            }
        },
        {
            "type": "Feature",
            "id": "way/1339995417",
            "properties": {},
            "geometry": {
                "type": "LineString",
                "coordinates": [
                    [
                        144.9794,
                        -37.806
                    ],
                    [
                        144.9793,
                        -37.806
                    ]
                ]
            }
        },
        {
            "type": "Feature",
            "id": "way/1343781342",
            "properties": {},
            "geometry": {
                "type": "LineString",
                "coordinates": [
                    [
                        144.8752,
                        -37.775
                    ],
                    [
                        144.8738,
                        -37.7748
                    ]
                ]
            }
        },
        {
            "type": "Feature",
            "id": "way/1343781343",
            "properties": {},
            "geometry": {
                "type": "LineString",
                "coordinates": [
                    [
                        144.8752,
                        -37.7749
                    ],
                    [
                        144.8738,
                        -37.7748
                    ]
                ]
            }
        },
        {
            "type": "Feature",
            "id": "way/1343781344",
            "properties": {},
            "geometry": {
                "type": "LineString",
                "coordinates": [
                    [
                        144.8752,
                        -37.7749
                    ],
                    [
                        144.8739,
                        -37.7747
                    ]
                ]
            }
        },
        {
            "type": "Feature",
            "id": "way/1343781345",
            "properties": {},
            "geometry": {
                "type": "LineString",
                "coordinates": [
                    [
                        144.8752,
                        -37.7748
                    ],
                    [
                        144.8739,
                        -37.7747
                    ]
                ]
            }
        },
        {
            "type": "Feature",
            "id": "way/1343781346",
            "properties": {},
            "geometry": {
                "type": "LineString",
                "coordinates": [
                    [
                        144.8759,
                        -37.7749
                    ],
                    [
                        144.8757,
                        -37.7748
                    ],
                    [
                        144.8739,
                        -37.7746
                    ]
                ]
            }
        },
        {
            "type": "Feature",
            "id": "way/1343781347",
            "properties": {},
            "geometry": {
                "type": "LineString",
                "coordinates": [
                    [
                        144.876,
                        -37.775
                    ],
                    [
                        144.8757,
                        -37.7749
                    ],
                    [
                        144.8739,
                        -37.7746
                    ]
                ]
            }
        },
        {
            "type": "Feature",
            "id": "way/1343781348",
            "properties": {},
            "geometry": {
                "type": "LineString",
                "coordinates": [
                    [
                        144.876,
                        -37.7752
                    ],
                    [
                        144.8757,
                        -37.7748
                    ],
                    [
                        144.8739,
                        -37.7746
                    ]
                ]
            }
        },
        {
            "type": "Feature",
            "id": "way/1343781349",
            "properties": {},
            "geometry": {
                "type": "LineString",
                "coordinates": [
                    [
                        144.876,
                        -37.7753
                    ],
                    [
                        144.876,
                        -37.775
                    ],
                    [
                        144.8758,
                        -37.7748
                    ],
                    [
                        144.8739,
                        -37.7745
                    ]
                ]
            }
        },
        {
            "type": "Feature",
            "id": "way/1343781350",
            "properties": {},
            "geometry": {
                "type": "LineString",
                "coordinates": [
                    [
                        144.8745,
                        -37.776
                    ],
                    [
                        144.8739,
                        -37.7759
                    ]
                ]
            }
        },
        {
            "type": "Feature",
            "id": "way/1343781351",
            "properties": {},
            "geometry": {
                "type": "LineString",
                "coordinates": [
                    [
                        144.8745,
                        -37.7761
                    ],
                    [
                        144.8739,
                        -37.7761
                    ]
                ]
            }
        },
        {
            "type": "Feature",
            "id": "way/1343781352",
            "properties": {},
            "geometry": {
                "type": "LineString",
                "coordinates": [
                    [
                        144.8744,
                        -37.7762
                    ],
                    [
                        144.8736,
                        -37.7761
                    ]
                ]
            }
        },
        {
            "type": "Feature",
            "id": "way/1343781353",
            "properties": {},
            "geometry": {
                "type": "LineString",
                "coordinates": [
                    [
                        144.8752,
                        -37.7759
                    ],
                    [
                        144.8745,
                        -37.7761
                    ]
                ]
            }
        },
        {
            "type": "Feature",
            "id": "way/1343781354",
            "properties": {},
            "geometry": {
                "type": "LineString",
                "coordinates": [
                    [
                        144.8754,
                        -37.7758
                    ],
                    [
                        144.8745,
                        -37.7759
                    ]
                ]
            }
        },
        {
            "type": "Feature",
            "id": "way/1343781355",
            "properties": {},
            "geometry": {
                "type": "LineString",
                "coordinates": [
                    [
                        144.8746,
                        -37.7754
                    ],
                    [
                        144.8737,
                        -37.7753
                    ]
                ]
            }
        },
        {
            "type": "Feature",
            "id": "way/1343781356",
            "properties": {},
            "geometry": {
                "type": "LineString",
                "coordinates": [
                    [
                        144.8746,
                        -37.7755
                    ],
                    [
                        144.8737,
                        -37.7754
                    ]
                ]
            }
        },
        {
            "type": "Feature",
            "id": "way/1343781357",
            "properties": {},
            "geometry": {
                "type": "LineString",
                "coordinates": [
                    [
                        144.8756,
                        -37.7759
                    ],
                    [
                        144.8745,
                        -37.7756
                    ]
                ]
            }
        },
        {
            "type": "Feature",
            "id": "way/1343781358",
            "properties": {},
            "geometry": {
                "type": "LineString",
                "coordinates": [
                    [
                        144.8752,
                        -37.7758
                    ],
                    [
                        144.8745,
                        -37.7757
                    ]
                ]
            }
        },
        {
            "type": "Feature",
            "id": "way/1343781359",
            "properties": {},
            "geometry": {
                "type": "LineString",
                "coordinates": [
                    [
                        144.8745,
                        -37.7758
                    ],
                    [
                        144.8739,
                        -37.7757
                    ]
                ]
            }
        },
        {
            "type": "Feature",
            "id": "way/1343781362",
            "properties": {},
            "geometry": {
                "type": "LineString",
                "coordinates": [
                    [
                        144.8739,
                        -37.7743
                    ],
                    [
                        144.876,
                        -37.7746
                    ]
                ]
            }
        },
        {
            "type": "Feature",
            "id": "way/1343781363",
            "properties": {},
            "geometry": {
                "type": "LineString",
                "coordinates": [
                    [
                        144.8762,
                        -37.7759
                    ],
                    [
                        144.876,
                        -37.7758
                    ],
                    [
                        144.876,
                        -37.7754
                    ]
                ]
            }
        },
        {
            "type": "Feature",
            "id": "way/1343781364",
            "properties": {},
            "geometry": {
                "type": "LineString",
                "coordinates": [
                    [
                        144.8758,
                        -37.7759
                    ],
                    [
                        144.876,
                        -37.7757
                    ]
                ]
            }
        },
        {
            "type": "Feature",
            "id": "way/1343781365",
            "properties": {},
            "geometry": {
                "type": "LineString",
                "coordinates": [
                    [
                        144.8759,
                        -37.7753
                    ],
                    [
                        144.8748,
                        -37.775
                    ]
                ]
            }
        },
        {
            "type": "Feature",
            "id": "way/1343781366",
            "properties": {},
            "geometry": {
                "type": "LineString",
                "coordinates": [
                    [
                        144.8755,
                        -37.7751
                    ],
                    [
                        144.8738,
                        -37.7749
                    ]
                ]
            }
        },
        {
            "type": "Feature",
            "id": "way/1343781367",
            "properties": {},
            "geometry": {
                "type": "LineString",
                "coordinates": [
                    [
                        144.8763,
                        -37.776
                    ],
                    [
                        144.8768,
                        -37.776
                    ]
                ]
            }
        },
        {
            "type": "Feature",
            "id": "way/1343781368",
            "properties": {},
            "geometry": {
                "type": "LineString",
                "coordinates": [
                    [
                        144.8757,
                        -37.7745
                    ],
                    [
                        144.8761,
                        -37.7747
                    ],
                    [
                        144.876,
                        -37.7754
                    ],
                    [
                        144.8761,
                        -37.7758
                    ],
                    [
                        144.8768,
                        -37.776
                    ]
                ]
            }
        },
        {
            "type": "Feature",
            "id": "way/1343781369",
            "properties": {},
            "geometry": {
                "type": "LineString",
                "coordinates": [
                    [
                        144.8745,
                        -37.7758
                    ],
                    [
                        144.8756,
                        -37.7759
                    ]
                ]
            }
        },
        {
            "type": "Feature",
            "id": "way/1343781370",
            "properties": {},
            "geometry": {
                "type": "LineString",
                "coordinates": [
                    [
                        144.877,
                        -37.7762
                    ],
                    [
                        144.8765,
                        -37.776
                    ]
                ]
            }
        },
        {
            "type": "Feature",
            "id": "way/1343785387",
            "properties": {},
            "geometry": {
                "type": "LineString",
                "coordinates": [
                    [
                        144.8756,
                        -37.7759
                    ],
                    [
                        144.8763,
                        -37.776
                    ]
                ]
            }
        },
        {
            "type": "Feature",
            "id": "way/1346334512",
            "properties": {},
            "geometry": {
                "type": "LineString",
                "coordinates": [
                    [
                        144.974,
                        -37.834
                    ],
                    [
                        144.9735,
                        -37.8338
                    ]
                ]
            }
        },
        {
            "type": "Feature",
            "id": "way/1346373227",
            "properties": {},
            "geometry": {
                "type": "LineString",
                "coordinates": [
                    [
                        145.12,
                        -37.8175
                    ],
                    [
                        145.1212,
                        -37.8177
                    ]
                ]
            }
        },
        {
            "type": "Feature",
            "id": "way/1346373228",
            "properties": {},
            "geometry": {
                "type": "LineString",
                "coordinates": [
                    [
                        145.1212,
                        -37.8178
                    ],
                    [
                        145.12,
                        -37.8175
                    ]
                ]
            }
        },
        {
            "type": "Feature",
            "id": "way/1346373229",
            "properties": {},
            "geometry": {
                "type": "LineString",
                "coordinates": [
                    [
                        144.9689,
                        -37.8236
                    ],
                    [
                        144.9698,
                        -37.8234
                    ]
                ]
            }
        },
        {
            "type": "Feature",
            "id": "way/1346373230",
            "properties": {},
            "geometry": {
                "type": "LineString",
                "coordinates": [
                    [
                        144.9698,
                        -37.8234
                    ],
                    [
                        144.969,
                        -37.8237
                    ]
                ]
            }
        },
        {
            "type": "Feature",
            "id": "way/1346373231",
            "properties": {},
            "geometry": {
                "type": "LineString",
                "coordinates": [
                    [
                        144.9678,
                        -37.8235
                    ],
                    [
                        144.9674,
                        -37.8236
                    ]
                ]
            }
        },
        {
            "type": "Feature",
            "id": "way/1346373232",
            "properties": {},
            "geometry": {
                "type": "LineString",
                "coordinates": [
                    [
                        144.9673,
                        -37.8236
                    ],
                    [
                        144.9678,
                        -37.8235
                    ]
                ]
            }
        },
        {
            "type": "Feature",
            "id": "way/1347887825",
            "properties": {},
            "geometry": {
                "type": "LineString",
                "coordinates": [
                    [
                        145.015,
                        -37.8418
                    ],
                    [
                        145.0153,
                        -37.8418
                    ]
                ]
            }
        },
        {
            "type": "Feature",
            "id": "way/1347888314",
            "properties": {},
            "geometry": {
                "type": "LineString",
                "coordinates": [
                    [
                        144.98,
                        -37.8375
                    ],
                    [
                        144.9803,
                        -37.8375
                    ]
                ]
            }
        },
        {
            "type": "Feature",
            "id": "way/1347894523",
            "properties": {},
            "geometry": {
                "type": "LineString",
                "coordinates": [
                    [
                        144.9701,
                        -37.8328
                    ],
                    [
                        144.9703,
                        -37.8327
                    ]
                ]
            }
        },
        {
            "type": "Feature",
            "id": "way/1347895143",
            "properties": {},
            "geometry": {
                "type": "LineString",
                "coordinates": [
                    [
                        144.9613,
                        -37.8269
                    ],
                    [
                        144.9614,
                        -37.827
                    ]
                ]
            }
        },
        {
            "type": "Feature",
            "id": "way/1348096719",
            "properties": {},
            "geometry": {
                "type": "LineString",
                "coordinates": [
                    [
                        144.9595,
                        -37.8153
                    ],
                    [
                        144.9596,
                        -37.8152
                    ]
                ]
            }
        },
        {
            "type": "Feature",
            "id": "way/1348097479",
            "properties": {},
            "geometry": {
                "type": "LineString",
                "coordinates": [
                    [
                        144.9548,
                        -37.8166
                    ],
                    [
                        144.9551,
                        -37.8165
                    ]
                ]
            }
        },
        {
            "type": "Feature",
            "id": "way/1348100697",
            "properties": {},
            "geometry": {
                "type": "LineString",
                "coordinates": [
                    [
                        144.9557,
                        -37.8225
                    ],
                    [
                        144.9556,
                        -37.8222
                    ]
                ]
            }
        },
        {
            "type": "Feature",
            "id": "way/1348140377",
            "properties": {},
            "geometry": {
                "type": "LineString",
                "coordinates": [
                    [
                        144.9457,
                        -37.8148
                    ],
                    [
                        144.9459,
                        -37.8147
                    ]
                ]
            }
        },
        {
            "type": "Feature",
            "id": "way/1348156808",
            "properties": {},
            "geometry": {
                "type": "LineString",
                "coordinates": [
                    [
                        144.9648,
                        -37.8093
                    ],
                    [
                        144.965,
                        -37.8092
                    ]
                ]
            }
        },
        {
            "type": "Feature",
            "id": "way/1349122000",
            "properties": {},
            "geometry": {
                "type": "LineString",
                "coordinates": [
                    [
                        144.9636,
                        -37.8091
                    ],
                    [
                        144.9635,
                        -37.8089
                    ]
                ]
            }
        },
        {
            "type": "Feature",
            "id": "way/1349126824",
            "properties": {},
            "geometry": {
                "type": "LineString",
                "coordinates": [
                    [
                        144.971,
                        -37.8164
                    ],
                    [
                        144.9714,
                        -37.8163
                    ]
                ]
            }
        },
        {
            "type": "Feature",
            "id": "way/1349144831",
            "properties": {},
            "geometry": {
                "type": "LineString",
                "coordinates": [
                    [
                        144.9957,
                        -37.839
                    ],
                    [
                        144.9957,
                        -37.8388
                    ]
                ]
            }
        },
        {
            "type": "Feature",
            "id": "way/1349147159",
            "properties": {},
            "geometry": {
                "type": "LineString",
                "coordinates": [
                    [
                        144.9714,
                        -37.8314
                    ],
                    [
                        144.9714,
                        -37.8312
                    ]
                ]
            }
        },
        {
            "type": "Feature",
            "id": "way/1351985455",
            "properties": {},
            "geometry": {
                "type": "LineString",
                "coordinates": [
                    [
                        144.9461,
                        -37.7518
                    ],
                    [
                        144.946,
                        -37.7516
                    ]
                ]
            }
        },
        {
            "type": "Feature",
            "id": "way/1352491654",
            "properties": {},
            "geometry": {
                "type": "LineString",
                "coordinates": [
                    [
                        144.9614,
                        -37.82
                    ],
                    [
                        144.9613,
                        -37.8198
                    ]
                ]
            }
        },
        {
            "type": "Feature",
            "id": "way/1352491655",
            "properties": {},
            "geometry": {
                "type": "LineString",
                "coordinates": [
                    [
                        144.9613,
                        -37.8198
                    ],
                    [
                        144.9614,
                        -37.82
                    ]
                ]
            }
        },
        {
            "type": "Feature",
            "id": "way/1352491659",
            "properties": {},
            "geometry": {
                "type": "LineString",
                "coordinates": [
                    [
                        144.9613,
                        -37.8198
                    ],
                    [
                        144.9612,
                        -37.8197
                    ]
                ]
            }
        },
        {
            "type": "Feature",
            "id": "way/1352491660",
            "properties": {},
            "geometry": {
                "type": "LineString",
                "coordinates": [
                    [
                        144.9613,
                        -37.8197
                    ],
                    [
                        144.9613,
                        -37.8198
                    ]
                ]
            }
        },
        {
            "type": "Feature",
            "id": "way/1352841574",
            "properties": {},
            "geometry": {
                "type": "LineString",
                "coordinates": [
                    [
                        144.9761,
                        -37.8183
                    ],
                    [
                        144.9755,
                        -37.8183
                    ]
                ]
            }
        },
        {
            "type": "Feature",
            "id": "way/1352841575",
            "properties": {},
            "geometry": {
                "type": "LineString",
                "coordinates": [
                    [
                        144.9755,
                        -37.8183
                    ],
                    [
                        144.976,
                        -37.8182
                    ]
                ]
            }
        },
        {
            "type": "Feature",
            "id": "way/1352841576",
            "properties": {},
            "geometry": {
                "type": "LineString",
                "coordinates": [
                    [
                        144.976,
                        -37.8182
                    ],
                    [
                        144.9764,
                        -37.8182
                    ],
                    [
                        144.9767,
                        -37.8183
                    ]
                ]
            }
        },
        {
            "type": "Feature",
            "id": "way/1352841577",
            "properties": {},
            "geometry": {
                "type": "LineString",
                "coordinates": [
                    [
                        144.9766,
                        -37.8183
                    ],
                    [
                        144.9761,
                        -37.8183
                    ]
                ]
            }
        },
        {
            "type": "Feature",
            "id": "way/1359327715",
            "properties": {},
            "geometry": {
                "type": "LineString",
                "coordinates": [
                    [
                        145.0229,
                        -37.8125
                    ],
                    [
                        145.0238,
                        -37.8126
                    ]
                ]
            }
        },
        {
            "type": "Feature",
            "id": "way/1359327716",
            "properties": {},
            "geometry": {
                "type": "LineString",
                "coordinates": [
                    [
                        145.0229,
                        -37.8125
                    ],
                    [
                        145.0238,
                        -37.8126
                    ]
                ]
            }
        },
        {
            "type": "Feature",
            "id": "way/1359327717",
            "properties": {},
            "geometry": {
                "type": "LineString",
                "coordinates": [
                    [
                        145.0229,
                        -37.8125
                    ],
                    [
                        145.0237,
                        -37.8127
                    ]
                ]
            }
        },
        {
            "type": "Feature",
            "id": "way/1359327718",
            "properties": {},
            "geometry": {
                "type": "LineString",
                "coordinates": [
                    [
                        145.0228,
                        -37.8126
                    ],
                    [
                        145.0237,
                        -37.8127
                    ]
                ]
            }
        },
        {
            "type": "Feature",
            "id": "way/1359327719",
            "properties": {},
            "geometry": {
                "type": "LineString",
                "coordinates": [
                    [
                        145.0228,
                        -37.8127
                    ],
                    [
                        145.0236,
                        -37.8128
                    ]
                ]
            }
        },
        {
            "type": "Feature",
            "id": "way/1359327720",
            "properties": {},
            "geometry": {
                "type": "LineString",
                "coordinates": [
                    [
                        145.0227,
                        -37.8127
                    ],
                    [
                        145.0236,
                        -37.8128
                    ]
                ]
            }
        },
        {
            "type": "Feature",
            "id": "way/1359327721",
            "properties": {},
            "geometry": {
                "type": "LineString",
                "coordinates": [
                    [
                        145.0226,
                        -37.8128
                    ],
                    [
                        145.0235,
                        -37.8129
                    ]
                ]
            }
        },
        {
            "type": "Feature",
            "id": "way/1359327722",
            "properties": {},
            "geometry": {
                "type": "LineString",
                "coordinates": [
                    [
                        145.0226,
                        -37.8128
                    ],
                    [
                        145.0235,
                        -37.8129
                    ]
                ]
            }
        },
        {
            "type": "Feature",
            "id": "way/1359327723",
            "properties": {},
            "geometry": {
                "type": "LineString",
                "coordinates": [
                    [
                        145.0227,
                        -37.8127
                    ],
                    [
                        145.0236,
                        -37.8128
                    ]
                ]
            }
        },
        {
            "type": "Feature",
            "id": "way/1359725064",
            "properties": {},
            "geometry": {
                "type": "LineString",
                "coordinates": [
                    [
                        145.0146,
                        -37.812
                    ],
                    [
                        145.0148,
                        -37.8121
                    ]
                ]
            }
        },
        {
            "type": "Feature",
            "id": "way/1362746790",
            "properties": {},
            "geometry": {
                "type": "LineString",
                "coordinates": [
                    [
                        145.0493,
                        -37.865
                    ],
                    [
                        145.0494,
                        -37.865
                    ]
                ]
            }
        },
        {
            "type": "Feature",
            "id": "way/1362746791",
            "properties": {},
            "geometry": {
                "type": "LineString",
                "coordinates": [
                    [
                        145.0494,
                        -37.865
                    ],
                    [
                        145.0501,
                        -37.8651
                    ]
                ]
            }
        },
        {
            "type": "Feature",
            "id": "way/1363180568",
            "properties": {},
            "geometry": {
                "type": "LineString",
                "coordinates": [
                    [
                        145.0283,
                        -37.8565
                    ],
                    [
                        145.0285,
                        -37.8565
                    ]
                ]
            }
        },
        {
            "type": "Feature",
            "id": "way/1366434945",
            "properties": {},
            "geometry": {
                "type": "LineString",
                "coordinates": [
                    [
                        144.9772,
                        -37.8084
                    ],
                    [
                        144.9769,
                        -37.8083
                    ]
                ]
            }
        },
        {
            "type": "Feature",
            "id": "way/1366434946",
            "properties": {},
            "geometry": {
                "type": "LineString",
                "coordinates": [
                    [
                        144.9782,
                        -37.8084
                    ],
                    [
                        144.9775,
                        -37.8083
                    ]
                ]
            }
        },
        {
            "type": "Feature",
            "id": "way/1371460942",
            "properties": {},
            "geometry": {
                "type": "LineString",
                "coordinates": [
                    [
                        145.0527,
                        -37.8516
                    ],
                    [
                        145.0527,
                        -37.8514
                    ]
                ]
            }
        },
        {
            "type": "Feature",
            "id": "way/1418196906",
            "properties": {},
            "geometry": {
                "type": "LineString",
                "coordinates": [
                    [
                        144.8793,
                        -37.769
                    ],
                    [
                        144.8788,
                        -37.7689
                    ]
                ]
            }
        },
        {
            "type": "Feature",
            "id": "way/1418196907",
            "properties": {},
            "geometry": {
                "type": "LineString",
                "coordinates": [
                    [
                        144.8785,
                        -37.7689
                    ],
                    [
                        144.8793,
                        -37.769
                    ]
                ]
            }
        },
        {
            "type": "Feature",
            "id": "way/1418196908",
            "properties": {},
            "geometry": {
                "type": "LineString",
                "coordinates": [
                    [
                        144.8788,
                        -37.7689
                    ],
                    [
                        144.8785,
                        -37.7689
                    ]
                ]
            }
        },
        {
            "type": "Feature",
            "id": "way/1419944277",
            "properties": {},
            "geometry": {
                "type": "LineString",
                "coordinates": [
                    [
                        144.9754,
                        -37.8361
                    ],
                    [
                        144.9749,
                        -37.8352
                    ]
                ]
            }
        },
        {
            "type": "Feature",
            "id": "way/1419944278",
            "properties": {},
            "geometry": {
                "type": "LineString",
                "coordinates": [
                    [
                        144.9749,
                        -37.835
                    ],
                    [
                        144.975,
                        -37.8352
                    ]
                ]
            }
        },
        {
            "type": "Feature",
            "id": "way/1419945431",
            "properties": {},
            "geometry": {
                "type": "LineString",
                "coordinates": [
                    [
                        144.9687,
                        -37.8203
                    ],
                    [
                        144.9685,
                        -37.8198
                    ]
                ]
            }
        },
        {
            "type": "Feature",
            "id": "way/1423171896",
            "properties": {},
            "geometry": {
                "type": "LineString",
                "coordinates": [
                    [
                        144.9165,
                        -37.7825
                    ],
                    [
                        144.9147,
                        -37.7806
                    ]
                ]
            }
        },
        {
            "type": "Feature",
            "id": "way/1436180653",
            "properties": {},
            "geometry": {
                "type": "LineString",
                "coordinates": [
                    [
                        144.876,
                        -37.7756
                    ],
                    [
                        144.876,
                        -37.7754
                    ],
                    [
                        144.8756,
                        -37.7751
                    ]
                ]
            }
        },
        {
            "type": "Feature",
            "id": "way/1436180654",
            "properties": {},
            "geometry": {
                "type": "LineString",
                "coordinates": [
                    [
                        144.8756,
                        -37.7751
                    ],
                    [
                        144.8755,
                        -37.7751
                    ]
                ]
            }
        },
        {
            "type": "Feature",
            "id": "way/1436180655",
            "properties": {},
            "geometry": {
                "type": "LineString",
                "coordinates": [
                    [
                        144.8756,
                        -37.775
                    ],
                    [
                        144.8752,
                        -37.775
                    ]
                ]
            }
        },
        {
            "type": "Feature",
            "id": "way/1436180656",
            "properties": {},
            "geometry": {
                "type": "LineString",
                "coordinates": [
                    [
                        144.8758,
                        -37.7751
                    ],
                    [
                        144.8756,
                        -37.775
                    ]
                ]
            }
        },
        {
            "type": "Feature",
            "id": "way/1436180657",
            "properties": {},
            "geometry": {
                "type": "LineString",
                "coordinates": [
                    [
                        144.876,
                        -37.7753
                    ],
                    [
                        144.8756,
                        -37.775
                    ]
                ]
            }
        },
        {
            "type": "Feature",
            "id": "way/1436180658",
            "properties": {},
            "geometry": {
                "type": "LineString",
                "coordinates": [
                    [
                        144.8756,
                        -37.775
                    ],
                    [
                        144.8752,
                        -37.7749
                    ]
                ]
            }
        },
        {
            "type": "Feature",
            "id": "way/1436180659",
            "properties": {},
            "geometry": {
                "type": "LineString",
                "coordinates": [
                    [
                        144.8759,
                        -37.7752
                    ],
                    [
                        144.8756,
                        -37.7749
                    ]
                ]
            }
        },
        {
            "type": "Feature",
            "id": "way/1436180660",
            "properties": {},
            "geometry": {
                "type": "LineString",
                "coordinates": [
                    [
                        144.8756,
                        -37.7749
                    ],
                    [
                        144.8752,
                        -37.7749
                    ]
                ]
            }
        },
        {
            "type": "Feature",
            "id": "way/1436180661",
            "properties": {},
            "geometry": {
                "type": "LineString",
                "coordinates": [
                    [
                        144.876,
                        -37.7755
                    ],
                    [
                        144.8759,
                        -37.775
                    ],
                    [
                        144.8756,
                        -37.7749
                    ]
                ]
            }
        },
        {
            "type": "Feature",
            "id": "way/1436180662",
            "properties": {},
            "geometry": {
                "type": "LineString",
                "coordinates": [
                    [
                        144.8756,
                        -37.7749
                    ],
                    [
                        144.8752,
                        -37.7748
                    ]
                ]
            }
        },
        {
            "type": "Feature",
            "id": "way/1436180663",
            "properties": {},
            "geometry": {
                "type": "LineString",
                "coordinates": [
                    [
                        144.875,
                        -37.7759
                    ],
                    [
                        144.8747,
                        -37.7762
                    ],
                    [
                        144.8744,
                        -37.7762
                    ]
                ]
            }
        },
        {
            "type": "Feature",
            "id": "way/1436180664",
            "properties": {},
            "geometry": {
                "type": "LineString",
                "coordinates": [
                    [
                        144.8749,
                        -37.7761
                    ],
                    [
                        144.8745,
                        -37.7761
                    ]
                ]
            }
        },
        {
            "type": "Feature",
            "id": "way/1436180665",
            "properties": {},
            "geometry": {
                "type": "LineString",
                "coordinates": [
                    [
                        144.8745,
                        -37.7761
                    ],
                    [
                        144.8739,
                        -37.776
                    ]
                ]
            }
        },
        {
            "type": "Feature",
            "id": "way/1436180666",
            "properties": {},
            "geometry": {
                "type": "LineString",
                "coordinates": [
                    [
                        144.8749,
                        -37.776
                    ],
                    [
                        144.8745,
                        -37.776
                    ]
                ]
            }
        },
        {
            "type": "Feature",
            "id": "way/1436180667",
            "properties": {},
            "geometry": {
                "type": "LineString",
                "coordinates": [
                    [
                        144.8745,
                        -37.7759
                    ],
                    [
                        144.8739,
                        -37.7758
                    ]
                ]
            }
        },
        {
            "type": "Feature",
            "id": "way/1436180668",
            "properties": {},
            "geometry": {
                "type": "LineString",
                "coordinates": [
                    [
                        144.8739,
                        -37.7758
                    ],
                    [
                        144.8745,
                        -37.7758
                    ]
                ]
            }
        },
        {
            "type": "Feature",
            "id": "way/1436180669",
            "properties": {},
            "geometry": {
                "type": "LineString",
                "coordinates": [
                    [
                        144.875,
                        -37.7758
                    ],
                    [
                        144.8745,
                        -37.7758
                    ]
                ]
            }
        },
        {
            "type": "Feature",
            "id": "way/1436180670",
            "properties": {},
            "geometry": {
                "type": "LineString",
                "coordinates": [
                    [
                        144.8745,
                        -37.7757
                    ],
                    [
                        144.8739,
                        -37.7756
                    ]
                ]
            }
        },
        {
            "type": "Feature",
            "id": "way/1436180671",
            "properties": {},
            "geometry": {
                "type": "LineString",
                "coordinates": [
                    [
                        144.8745,
                        -37.7756
                    ],
                    [
                        144.874,
                        -37.7756
                    ]
                ]
            }
        },
        {
            "type": "Feature",
            "id": "way/1436180672",
            "properties": {},
            "geometry": {
                "type": "LineString",
                "coordinates": [
                    [
                        144.875,
                        -37.7757
                    ],
                    [
                        144.8746,
                        -37.7755
                    ]
                ]
            }
        },
        {
            "type": "Feature",
            "id": "way/1436180673",
            "properties": {},
            "geometry": {
                "type": "LineString",
                "coordinates": [
                    [
                        144.8753,
                        -37.7758
                    ],
                    [
                        144.8746,
                        -37.7754
                    ]
                ]
            }
        },
        {
            "type": "Feature",
            "id": "way/1475469832",
            "properties": {},
            "geometry": {
                "type": "LineString",
                "coordinates": [
                    [
                        145.0119,
                        -37.8116
                    ],
                    [
                        145.0126,
                        -37.8117
                    ]
                ]
            }
        },
        {
            "type": "Feature",
            "id": "way/1475469833",
            "properties": {},
            "geometry": {
                "type": "LineString",
                "coordinates": [
                    [
                        144.9762,
                        -37.8083
                    ],
                    [
                        144.9755,
                        -37.8082
                    ]
                ]
            }
        },
        {
            "type": "Feature",
            "id": "way/1475469834",
            "properties": {},
            "geometry": {
                "type": "LineString",
                "coordinates": [
                    [
                        144.9755,
                        -37.8081
                    ],
                    [
                        144.9762,
                        -37.8082
                    ]
                ]
            }
        },
        {
            "type": "Feature",
            "id": "way/1475469835",
            "properties": {},
            "geometry": {
                "type": "LineString",
                "coordinates": [
                    [
                        144.9755,
                        -37.8105
                    ],
                    [
                        144.9752,
                        -37.811
                    ]
                ]
            }
        },
        {
            "type": "Feature",
            "id": "way/1475469836",
            "properties": {},
            "geometry": {
                "type": "LineString",
                "coordinates": [
                    [
                        144.9752,
                        -37.811
                    ],
                    [
                        144.9755,
                        -37.8105
                    ]
                ]
            }
        },
        {
            "type": "Feature",
            "id": "way/1475469837",
            "properties": {},
            "geometry": {
                "type": "LineString",
                "coordinates": [
                    [
                        144.9755,
                        -37.8105
                    ],
                    [
                        144.9756,
                        -37.8097
                    ]
                ]
            }
        },
        {
            "type": "Feature",
            "id": "way/1475469838",
            "properties": {},
            "geometry": {
                "type": "LineString",
                "coordinates": [
                    [
                        144.9757,
                        -37.8097
                    ],
                    [
                        144.9755,
                        -37.8105
                    ]
                ]
            }
        },
        {
            "type": "Feature",
            "id": "way/1475469839",
            "properties": {},
            "geometry": {
                "type": "LineString",
                "coordinates": [
                    [
                        144.9543,
                        -37.8213
                    ],
                    [
                        144.9553,
                        -37.821
                    ]
                ]
            }
        },
        {
            "type": "Feature",
            "id": "way/1475469840",
            "properties": {},
            "geometry": {
                "type": "LineString",
                "coordinates": [
                    [
                        144.955,
                        -37.8209
                    ],
                    [
                        144.9553,
                        -37.8215
                    ]
                ]
            }
        },
        {
            "type": "Feature",
            "id": "way/1475469841",
            "properties": {},
            "geometry": {
                "type": "LineString",
                "coordinates": [
                    [
                        144.9553,
                        -37.821
                    ],
                    [
                        144.954,
                        -37.8214
                    ]
                ]
            }
        },
        {
            "type": "Feature",
            "id": "way/1475469843",
            "properties": {},
            "geometry": {
                "type": "LineString",
                "coordinates": [
                    [
                        144.9567,
                        -37.8245
                    ],
                    [
                        144.9571,
                        -37.8254
                    ]
                ]
            }
        },
        {
            "type": "Feature",
            "id": "way/1475469844",
            "properties": {},
            "geometry": {
                "type": "LineString",
                "coordinates": [
                    [
                        144.9567,
                        -37.8256
                    ],
                    [
                        144.9569,
                        -37.8254
                    ],
                    [
                        144.9569,
                        -37.8251
                    ]
                ]
            }
        },
        {
            "type": "Feature",
            "id": "way/1475469845",
            "properties": {},
            "geometry": {
                "type": "LineString",
                "coordinates": [
                    [
                        144.9544,
                        -37.8273
                    ],
                    [
                        144.9557,
                        -37.8264
                    ]
                ]
            }
        },
        {
            "type": "Feature",
            "id": "way/1475469846",
            "properties": {},
            "geometry": {
                "type": "LineString",
                "coordinates": [
                    [
                        144.9548,
                        -37.8277
                    ],
                    [
                        144.9557,
                        -37.8264
                    ]
                ]
            }
        },
        {
            "type": "Feature",
            "id": "way/1475469847",
            "properties": {},
            "geometry": {
                "type": "LineString",
                "coordinates": [
                    [
                        144.941,
                        -37.8347
                    ],
                    [
                        144.9453,
                        -37.8322
                    ]
                ]
            }
        },
        {
            "type": "Feature",
            "id": "way/1475469848",
            "properties": {},
            "geometry": {
                "type": "LineString",
                "coordinates": [
                    [
                        144.9409,
                        -37.8348
                    ],
                    [
                        144.941,
                        -37.8347
                    ]
                ]
            }
        },
        {
            "type": "Feature",
            "id": "way/1475469849",
            "properties": {},
            "geometry": {
                "type": "LineString",
                "coordinates": [
                    [
                        144.9453,
                        -37.8322
                    ],
                    [
                        144.9411,
                        -37.8348
                    ]
                ]
            }
        },
        {
            "type": "Feature",
            "id": "way/1475469850",
            "properties": {},
            "geometry": {
                "type": "LineString",
                "coordinates": [
                    [
                        144.9411,
                        -37.8348
                    ],
                    [
                        144.9409,
                        -37.8349
                    ]
                ]
            }
        },
        {
            "type": "Feature",
            "id": "way/1475469851",
            "properties": {},
            "geometry": {
                "type": "LineString",
                "coordinates": [
                    [
                        144.9333,
                        -37.8402
                    ],
                    [
                        144.9344,
                        -37.8389
                    ],
                    [
                        144.9364,
                        -37.8376
                    ]
                ]
            }
        },
        {
            "type": "Feature",
            "id": "way/1475469852",
            "properties": {},
            "geometry": {
                "type": "LineString",
                "coordinates": [
                    [
                        144.9364,
                        -37.8376
                    ],
                    [
                        144.9348,
                        -37.8387
                    ],
                    [
                        144.9333,
                        -37.8402
                    ]
                ]
            }
        },
        {
            "type": "Feature",
            "id": "way/1481621150",
            "properties": {},
            "geometry": {
                "type": "LineString",
                "coordinates": [
                    [
                        144.9594,
                        -37.806
                    ],
                    [
                        144.9598,
                        -37.8063
                    ]
                ]
            }
        },
        {
            "type": "Feature",
            "id": "way/1481621151",
            "properties": {},
            "geometry": {
                "type": "LineString",
                "coordinates": [
                    [
                        144.9599,
                        -37.8063
                    ],
                    [
                        144.9594,
                        -37.8061
                    ]
                ]
            }
        },
        {
            "type": "Feature",
            "id": "way/1488755583",
            "properties": {},
            "geometry": {
                "type": "LineString",
                "coordinates": [
                    [
                        145.0298,
                        -37.8516
                    ],
                    [
                        145.0126,
                        -37.8493
                    ]
                ]
            }
        },
        {
            "type": "Feature",
            "id": "way/1488755584",
            "properties": {},
            "geometry": {
                "type": "LineString",
                "coordinates": [
                    [
                        145.0126,
                        -37.8493
                    ],
                    [
                        145.0122,
                        -37.8493
                    ]
                ]
            }
        },
        {
            "type": "Feature",
            "id": "way/1488755585",
            "properties": {},
            "geometry": {
                "type": "LineString",
                "coordinates": [
                    [
                        145.0125,
                        -37.8493
                    ],
                    [
                        145.0298,
                        -37.8516
                    ]
                ]
            }
        },
        {
            "type": "Feature",
            "id": "way/1488755586",
            "properties": {},
            "geometry": {
                "type": "LineString",
                "coordinates": [
                    [
                        145.0122,
                        -37.8493
                    ],
                    [
                        145.0125,
                        -37.8493
                    ]
                ]
            }
        },
        {
            "type": "Feature",
            "id": "way/1489675694",
            "properties": {},
            "geometry": {
                "type": "LineString",
                "coordinates": [
                    [
                        144.915,
                        -37.7792
                    ],
                    [
                        144.915,
                        -37.7791
                    ]
                ]
            }
        },
        {
            "type": "Feature",
            "id": "way/1489675695",
            "properties": {},
            "geometry": {
                "type": "LineString",
                "coordinates": [
                    [
                        144.915,
                        -37.779
                    ],
                    [
                        144.915,
                        -37.7792
                    ]
                ]
            }
        },
        {
            "type": "Feature",
            "id": "way/1489675696",
            "properties": {},
            "geometry": {
                "type": "LineString",
                "coordinates": [
                    [
                        144.915,
                        -37.7792
                    ],
                    [
                        144.9149,
                        -37.7798
                    ]
                ]
            }
        },
        {
            "type": "Feature",
            "id": "way/1495963649",
            "properties": {},
            "geometry": {
                "type": "LineString",
                "coordinates": [
                    [
                        145.0118,
                        -37.8117
                    ],
                    [
                        145.0101,
                        -37.8115
                    ]
                ]
            }
        },
        {
            "type": "Feature",
            "id": "way/1495963650",
            "properties": {},
            "geometry": {
                "type": "LineString",
                "coordinates": [
                    [
                        145.0104,
                        -37.8115
                    ],
                    [
                        145.0119,
                        -37.8116
                    ]
                ]
            }
        },
        {
            "type": "Feature",
            "id": "way/1495966165",
            "properties": {},
            "geometry": {
                "type": "LineString",
                "coordinates": [
                    [
                        144.9537,
                        -37.8277
                    ],
                    [
                        144.9535,
                        -37.8277
                    ]
                ]
            }
        },
        {
            "type": "Feature",
            "id": "way/1499329561",
            "properties": {},
            "geometry": {
                "type": "LineString",
                "coordinates": [
                    [
                        144.8774,
                        -37.7763
                    ],
                    [
                        144.877,
                        -37.7762
                    ]
                ]
            }
        },
        {
            "type": "Feature",
            "id": "way/1500741192",
            "properties": {},
            "geometry": {
                "type": "LineString",
                "coordinates": [
                    [
                        144.9555,
                        -37.8096
                    ],
                    [
                        144.9555,
                        -37.8098
                    ]
                ]
            }
        },
        {
            "type": "Feature",
            "id": "way/1500741193",
            "properties": {},
            "geometry": {
                "type": "LineString",
                "coordinates": [
                    [
                        144.9554,
                        -37.8096
                    ],
                    [
                        144.9555,
                        -37.8098
                    ]
                ]
            }
        },
        {
            "type": "Feature",
            "id": "way/1500741194",
            "properties": {},
            "geometry": {
                "type": "LineString",
                "coordinates": [
                    [
                        144.9555,
                        -37.8098
                    ],
                    [
                        144.9554,
                        -37.8096
                    ]
                ]
            }
        },
        {
            "type": "Feature",
            "id": "way/1500741195",
            "properties": {},
            "geometry": {
                "type": "LineString",
                "coordinates": [
                    [
                        144.9555,
                        -37.8098
                    ],
                    [
                        144.9554,
                        -37.8096
                    ]
                ]
            }
        },
        {
            "type": "Feature",
            "id": "way/1500954875",
            "properties": {},
            "geometry": {
                "type": "LineString",
                "coordinates": [
                    [
                        144.943,
                        -37.8128
                    ],
                    [
                        144.9427,
                        -37.8126
                    ]
                ]
            }
        },
        {
            "type": "Feature",
            "id": "way/1500954876",
            "properties": {},
            "geometry": {
                "type": "LineString",
                "coordinates": [
                    [
                        144.9428,
                        -37.8126
                    ],
                    [
                        144.9431,
                        -37.8128
                    ]
                ]
            }
        },
        {
            "type": "Feature",
            "id": "way/1503798001",
            "properties": {},
            "geometry": {
                "type": "LineString",
                "coordinates": [
                    [
                        145.0234,
                        -37.8133
                    ],
                    [
                        145.0235,
                        -37.8131
                    ]
                ]
            }
        },
        {
            "type": "Feature",
            "id": "way/1504375955",
            "properties": {},
            "geometry": {
                "type": "LineString",
                "coordinates": [
                    [
                        145.0193,
                        -37.9009
                    ],
                    [
                        145.0193,
                        -37.9007
                    ]
                ]
            }
        },
        {
            "type": "Feature",
            "id": "way/1504433410",
            "properties": {},
            "geometry": {
                "type": "LineString",
                "coordinates": [
                    [
                        145.0222,
                        -37.8854
                    ],
                    [
                        145.0222,
                        -37.8856
                    ]
                ]
            }
        }
    ]
}