{"type":"FeatureCollection","features":[{"type":"Feature","id":"way/4074848","properties":{},"geometry":{"type":"LineString","coordinates":[[144.9934,-37.8328],[144.9939,-37.8303]]}},{"type":"Feature","id":"way/4374932","properties":{},"geometry":{"type":"LineString","coordinates":[[144.8281,-37.782],[144.8284,-37.7824]]}},{"type":"Feature","id":"way/4374946","properties":{},"geometry":{"type":"LineString","coordinates":[[144.8622,-37.7991],[144.8844,-37.8017]]}},{"type":"Feature","id":"way/4374947","properties":{},"geometry":{"type":"LineString","coordinates":[[144.8924,-37.8026],[144.8851,-37.8017]]}},{"type":"Feature","id":"way/4374951","properties":{},"geometry":{"type":"LineString","coordinates":[[144.9362,-37.8024],[144.9385,-37.8036],[144.9409,-37.806]]}},{"type":"Feature","id":"way/4443967","properties":{},"geometry":{"type":"LineString","coordinates":[[145.0529,-37.8536],[145.055,-37.8552],[145.0587,-37.8598],[145.061,-37.8665],[145.0641,-37.8704],[145.0662,-37.8747],[145.0681,-37.8763],[145.0701,-37.8772]]}},{"type":"Feature","id":"way/4534926","properties":{},"geometry":{"type":"LineString","coordinates":[[145.1482,-37.8761],[145.151,-37.8765],[145.1601,-37.8789]]}},{"type":"Feature","id":"way/4535336","properties":{},"geometry":{"type":"LineString","coordinates":[[145.1109,-37.8732],[145.1156,-37.8747],[145.1226,-37.8753]]}},{"type":"Feature","id":"way/4535337","properties":{},"geometry":{"type":"LineString","coordinates":[[145.1106,-37.8732],[145.1109,-37.8732]]}},{"type":"Feature","id":"way/4535338","properties":{},"geometry":{"type":"LineString","coordinates":[[145.0999,-37.8736],[145.1084,-37.873],[145.1106,-37.8732]]}},{"type":"Feature","id":"way/4535339","properties":{},"geometry":{"type":"LineString","coordinates":[[145.0786,-37.877],[145.0804,-37.8768]]}},{"type":"Feature","id":"way/4536002","properties":{},"geometry":{"type":"LineString","coordinates":[[145.0138,-37.8276],[145.0183,-37.828],[145.0197,-37.829],[145.0205,-37.8303]]}},{"type":"Feature","id":"way/4536004","properties":{},"geometry":{"type":"LineString","coordinates":[[145.0205,-37.8303],[145.0214,-37.8327]]}},{"type":"Feature","id":"way/4536009","properties":{},"geometry":{"type":"LineString","coordinates":[[145.0701,-37.8772],[145.072,-37.8775],[145.0786,-37.877]]}},{"type":"Feature","id":"way/4536011","properties":{},"geometry":{"type":"LineString","coordinates":[[145.1228,-37.8753],[145.1397,-37.8752],[145.1474,-37.876]]}},{"type":"Feature","id":"way/4681868","properties":{},"geometry":{"type":"LineString","coordinates":[[145.3303,-37.7751],[145.3301,-37.7752]]}},{"type":"Feature","id":"way/4709602","properties":{},"geometry":{"type":"LineString","coordinates":[[145.0444,-37.8788],[145.0446,-37.8789]]}},{"type":"Feature","id":"way/4709603","properties":{},"geometry":{"type":"LineString","coordinates":[[145.0449,-37.8848],[145.0461,-37.8832],[145.0463,-37.882],[145.0459,-37.8803],[145.0449,-37.8792]]}},{"type":"Feature","id":"way/4709665","properties":{},"geometry":{"type":"LineString","coordinates":[[145.0373,-37.9155],[145.0378,-37.9122]]}},{"type":"Feature","id":"way/4748280","properties":{},"geometry":{"type":"LineString","coordinates":[[144.9183,-37.7078],[144.9223,-37.7202],[144.9266,-37.7267],[144.9277,-37.729],[144.9294,-37.7376]]}},{"type":"Feature","id":"way/4749323","properties":{},"geometry":{"type":"LineString","coordinates":[[144.9178,-37.7836],[144.9256,-37.7839],[144.9277,-37.785],[144.9288,-37.7866]]}},{"type":"Feature","id":"way/4749392","properties":{},"geometry":{"type":"LineString","coordinates":[[145.0176,-37.8255],[145.0168,-37.826]]}},{"type":"Feature","id":"way/4814008","properties":{},"geometry":{"type":"LineString","coordinates":[[144.7781,-37.7061],[144.7785,-37.7066]]}},{"type":"Feature","id":"way/5094948","properties":{},"geometry":{"type":"LineString","coordinates":[[145.0916,-37.8742],[145.0921,-37.8742]]}},{"type":"Feature","id":"way/5396764","properties":{},"geometry":{"type":"LineString","coordinates":[[144.9294,-37.738],[144.9292,-37.7406],[144.928,-37.7429],[144.926,-37.7447],[144.9217,-37.7467],[144.92,-37.748],[144.918,-37.7502],[144.9167,-37.7533]]}},{"type":"Feature","id":"way/5405930","properties":{},"geometry":{"type":"LineString","coordinates":[[144.9166,-37.7536],[144.9165,-37.7539]]}},{"type":"Feature","id":"way/5435815","properties":{},"geometry":{"type":"LineString","coordinates":[[145.3301,-37.7752],[145.3269,-37.7769],[145.3233,-37.7803],[145.3182,-37.7835]]}},{"type":"Feature","id":"way/5435817","properties":{},"geometry":{"type":"LineString","coordinates":[[145.2311,-37.8149],[145.2313,-37.8148]]}},{"type":"Feature","id":"way/5713352","properties":{},"geometry":{"type":"LineString","coordinates":[[144.779,-37.7795],[144.7861,-37.7813],[144.8149,-37.7843]]}},{"type":"Feature","id":"way/7696387","properties":{},"geometry":{"type":"LineString","coordinates":[[144.9616,-37.8195],[144.9591,-37.82],[144.9565,-37.8212],[144.9553,-37.8212],[144.9542,-37.8208]]}},{"type":"Feature","id":"way/7696570","properties":{},"geometry":{"type":"LineString","coordinates":[[144.9769,-37.8177],[144.9789,-37.8189]]}},{"type":"Feature","id":"way/7697633","properties":{},"geometry":{"type":"LineString","coordinates":[[145.0126,-37.8277],[145.0138,-37.8276]]}},{"type":"Feature","id":"way/7697650","properties":{},"geometry":{"type":"LineString","coordinates":[[145.0162,-37.8277],[145.0154,-37.8277]]}},{"type":"Feature","id":"way/8002758","properties":{},"geometry":{"type":"LineString","coordinates":[[144.9506,-37.8165],[144.9501,-37.8156],[144.9501,-37.8148],[144.9505,-37.8139],[144.9514,-37.8133],[144.9689,-37.8082],[144.9704,-37.8083],[144.9718,-37.8091],[144.9743,-37.8137]]}},{"type":"Feature","id":"way/8037697","properties":{},"geometry":{"type":"LineString","coordinates":[[144.9729,-37.8163],[144.9739,-37.8158],[144.9745,-37.8152],[144.9746,-37.8144],[144.9743,-37.8137]]}},{"type":"Feature","id":"way/8037777","properties":{},"geometry":{"type":"LineString","coordinates":[[144.953,-37.8201],[144.9541,-37.821]]}},{"type":"Feature","id":"way/8037795","properties":{},"geometry":{"type":"LineString","coordinates":[[144.9913,-37.8248],[144.99,-37.8243]]}},{"type":"Feature","id":"way/8037815","properties":{},"geometry":{"type":"LineString","coordinates":[[144.9922,-37.8252],[144.9919,-37.8249]]}},{"type":"Feature","id":"way/8037820","properties":{},"geometry":{"type":"LineString","coordinates":[[144.9933,-37.8328],[144.9938,-37.8303]]}},{"type":"Feature","id":"way/8037828","properties":{},"geometry":{"type":"LineString","coordinates":[[144.995,-37.8262],[144.9937,-37.8259],[144.9925,-37.8252]]}},{"type":"Feature","id":"way/8037831","properties":{},"geometry":{"type":"LineString","coordinates":[[144.9883,-37.8238],[144.9887,-37.8239]]}},{"type":"Feature","id":"way/8037833","properties":{},"geometry":{"type":"LineString","coordinates":[[144.9888,-37.8236],[144.9884,-37.8235]]}},{"type":"Feature","id":"way/8037852","properties":{},"geometry":{"type":"LineString","coordinates":[[144.9705,-37.8174],[144.9729,-37.8169],[144.9752,-37.8172],[144.9833,-37.822],[144.9884,-37.8236]]}},{"type":"Feature","id":"way/8037864","properties":{},"geometry":{"type":"LineString","coordinates":[[144.9848,-37.8227],[144.983,-37.8219],[144.9805,-37.8202],[144.9752,-37.8172],[144.973,-37.8169],[144.9704,-37.8175]]}},{"type":"Feature","id":"way/8038328","properties":{},"geometry":{"type":"LineString","coordinates":[[144.9531,-37.8186],[144.9521,-37.8173]]}},{"type":"Feature","id":"way/8038333","properties":{},"geometry":{"type":"LineString","coordinates":[[144.9533,-37.8185],[144.9523,-37.8173]]}},{"type":"Feature","id":"way/8038356","properties":{},"geometry":{"type":"LineString","coordinates":[[144.9427,-37.8078],[144.9459,-37.8116]]}},{"type":"Feature","id":"way/8038359","properties":{},"geometry":{"type":"LineString","coordinates":[[144.9386,-37.8034],[144.9411,-37.8058],[144.9427,-37.8078]]}},{"type":"Feature","id":"way/8065090","properties":{},"geometry":{"type":"LineString","coordinates":[[144.4127,-37.7077],[144.417,-37.7001],[144.4203,-37.6958],[144.4225,-37.6937],[144.4301,-37.6877],[144.4329,-37.6871],[144.4362,-37.6875]]}},{"type":"Feature","id":"way/8095161","properties":{},"geometry":{"type":"LineString","coordinates":[[144.9418,-37.6073],[144.9424,-37.6048],[144.9445,-37.5994]]}},{"type":"Feature","id":"way/8453000","properties":{},"geometry":{"type":"LineString","coordinates":[[144.9963,-37.7856],[144.9958,-37.7868]]}},{"type":"Feature","id":"way/8949020","properties":{},"geometry":{"type":"LineString","coordinates":[[144.9174,-37.7836],[144.9178,-37.7836]]}},{"type":"Feature","id":"way/8956195","properties":{},"geometry":{"type":"LineString","coordinates":[[144.9229,-37.7767],[144.9231,-37.777]]}},{"type":"Feature","id":"way/8956214","properties":{},"geometry":{"type":"LineString","coordinates":[[144.9231,-37.777],[144.9233,-37.7772]]}},{"type":"Feature","id":"way/8956466","properties":{},"geometry":{"type":"LineString","coordinates":[[144.9227,-37.7766],[144.9229,-37.7767]]}},{"type":"Feature","id":"way/8972753","properties":{},"geometry":{"type":"LineString","coordinates":[[144.9233,-37.7772],[144.9273,-37.7818],[144.9281,-37.7837],[144.9288,-37.7866]]}},{"type":"Feature","id":"way/8972759","properties":{},"geometry":{"type":"LineString","coordinates":[[144.9292,-37.788],[144.9292,-37.7883]]}},{"type":"Feature","id":"way/9127851","properties":{},"geometry":{"type":"LineString","coordinates":[[144.916,-37.7981],[144.9169,-37.7982]]}},{"type":"Feature","id":"way/9127926","properties":{},"geometry":{"type":"LineString","coordinates":[[144.9196,-37.7986],[144.92,-37.7987]]}},{"type":"Feature","id":"way/9127933","properties":{},"geometry":{"type":"LineString","coordinates":[[144.9169,-37.7982],[144.9196,-37.7986]]}},{"type":"Feature","id":"way/9778349","properties":{},"geometry":{"type":"LineString","coordinates":[[145.2862,-37.8638],[145.288,-37.8695],[145.29,-37.8722]]}},{"type":"Feature","id":"way/9778351","properties":{},"geometry":{"type":"LineString","coordinates":[[145.2851,-37.861],[145.2859,-37.8629]]}},{"type":"Feature","id":"way/10339071","properties":{},"geometry":{"type":"LineString","coordinates":[[144.94,-37.7877],[144.9409,-37.7874]]}},{"type":"Feature","id":"way/10339075","properties":{},"geometry":{"type":"LineString","coordinates":[[144.9409,-37.7874],[144.9419,-37.7869]]}},{"type":"Feature","id":"way/10339112","properties":{},"geometry":{"type":"LineString","coordinates":[[144.9419,-37.7869],[144.9421,-37.7868]]}},{"type":"Feature","id":"way/10339113","properties":{},"geometry":{"type":"LineString","coordinates":[[144.9421,-37.7868],[144.9443,-37.7854],[144.9474,-37.7825],[144.9495,-37.7815]]}},{"type":"Feature","id":"way/10736135","properties":{},"geometry":{"type":"LineString","coordinates":[[144.9331,-37.8003],[144.9333,-37.8005]]}},{"type":"Feature","id":"way/10736136","properties":{},"geometry":{"type":"LineString","coordinates":[[144.9292,-37.7883],[144.931,-37.7953]]}},{"type":"Feature","id":"way/11318877","properties":{},"geometry":{"type":"LineString","coordinates":[[145.2311,-37.815],[145.2306,-37.8152]]}},{"type":"Feature","id":"way/11318886","properties":{},"geometry":{"type":"LineString","coordinates":[[145.2627,-37.8363],[145.2594,-37.8347],[145.2491,-37.8327],[145.2468,-37.8316],[145.2455,-37.8302],[145.239,-37.8181]]}},{"type":"Feature","id":"way/11319043","properties":{},"geometry":{"type":"LineString","coordinates":[[145.245,-37.8134],[145.2411,-37.8142],[145.2345,-37.8138],[145.2318,-37.8147]]}},{"type":"Feature","id":"way/11319267","properties":{},"geometry":{"type":"LineString","coordinates":[[145.2314,-37.8149],[145.2311,-37.815]]}},{"type":"Feature","id":"way/11319338","properties":{},"geometry":{"type":"LineString","coordinates":[[145.2273,-37.8166],[145.2271,-37.8167]]}},{"type":"Feature","id":"way/11319345","properties":{},"geometry":{"type":"LineString","coordinates":[[145.2271,-37.8167],[145.2238,-37.818],[145.2205,-37.8184]]}},{"type":"Feature","id":"way/11337938","properties":{},"geometry":{"type":"LineString","coordinates":[[145.2205,-37.8184],[145.2203,-37.8184]]}},{"type":"Feature","id":"way/11337940","properties":{},"geometry":{"type":"LineString","coordinates":[[145.2203,-37.8184],[145.2176,-37.8186]]}},{"type":"Feature","id":"way/11445343","properties":{},"geometry":{"type":"LineString","coordinates":[[145.2176,-37.8186],[145.2164,-37.8187]]}},{"type":"Feature","id":"way/11445352","properties":{},"geometry":{"type":"LineString","coordinates":[[145.2164,-37.8187],[145.2114,-37.8189],[145.2021,-37.8182]]}},{"type":"Feature","id":"way/13322947","properties":{},"geometry":{"type":"LineString","coordinates":[[144.8465,-37.7982],[144.8482,-37.7976]]}},{"type":"Feature","id":"way/13609287","properties":{},"geometry":{"type":"LineString","coordinates":[[144.68,-37.8918],[144.6803,-37.8916]]}},{"type":"Feature","id":"way/13609302","properties":{},"geometry":{"type":"LineString","coordinates":[[144.68,-37.8919],[144.6636,-37.8985]]}},{"type":"Feature","id":"way/13609307","properties":{},"geometry":{"type":"LineString","coordinates":[[144.6803,-37.8918],[144.68,-37.8919]]}},{"type":"Feature","id":"way/13859237","properties":{},"geometry":{"type":"LineString","coordinates":[[144.9329,-37.8009],[144.9326,-37.8009]]}},{"type":"Feature","id":"way/15286384","properties":{},"geometry":{"type":"LineString","coordinates":[[144.995,-37.7961],[144.9943,-37.7998]]}},{"type":"Feature","id":"way/15286388","properties":{},"geometry":{"type":"LineString","coordinates":[[144.9952,-37.7947],[144.995,-37.7961]]}},{"type":"Feature","id":"way/15351399","properties":{},"geometry":{"type":"LineString","coordinates":[[144.9294,-37.7376],[144.9294,-37.738]]}},{"type":"Feature","id":"way/16077045","properties":{},"geometry":{"type":"LineString","coordinates":[[144.901,-37.7089],[144.9032,-37.7085],[144.9053,-37.7074],[144.9107,-37.7013]]}},{"type":"Feature","id":"way/16077046","properties":{},"geometry":{"type":"LineString","coordinates":[[144.8973,-37.7093],[144.901,-37.7089]]}},{"type":"Feature","id":"way/16077438","properties":{},"geometry":{"type":"LineString","coordinates":[[144.8442,-37.7495],[144.828,-37.767]]}},{"type":"Feature","id":"way/16077796","properties":{},"geometry":{"type":"LineString","coordinates":[[144.8469,-37.7466],[144.8545,-37.7383]]}},{"type":"Feature","id":"way/16077841","properties":{},"geometry":{"type":"LineString","coordinates":[[144.8442,-37.7495],[144.8469,-37.7466]]}},{"type":"Feature","id":"way/17366195","properties":{},"geometry":{"type":"LineString","coordinates":[[144.9572,-37.6924],[144.9568,-37.6915]]}},{"type":"Feature","id":"way/17366257","properties":{},"geometry":{"type":"LineString","coordinates":[[144.9568,-37.6915],[144.955,-37.6834]]}},{"type":"Feature","id":"way/19469402","properties":{},"geometry":{"type":"LineString","coordinates":[[144.933,-37.8021],[144.9334,-37.8021]]}},{"type":"Feature","id":"way/19469868","properties":{},"geometry":{"type":"LineString","coordinates":[[144.9303,-37.8021],[144.9307,-37.8021]]}},{"type":"Feature","id":"way/19469870","properties":{},"geometry":{"type":"LineString","coordinates":[[144.9307,-37.8021],[144.9328,-37.8021]]}},{"type":"Feature","id":"way/19471767","properties":{},"geometry":{"type":"LineString","coordinates":[[144.9078,-37.804],[144.9066,-37.8036]]}},{"type":"Feature","id":"way/19473983","properties":{},"geometry":{"type":"LineString","coordinates":[[144.931,-37.7953],[144.9321,-37.7987],[144.933,-37.8004]]}},{"type":"Feature","id":"way/19473988","properties":{},"geometry":{"type":"LineString","coordinates":[[144.9336,-37.8013],[144.9354,-37.8025]]}},{"type":"Feature","id":"way/19475387","properties":{},"geometry":{"type":"LineString","coordinates":[[144.933,-37.8004],[144.9331,-37.8006]]}},{"type":"Feature","id":"way/19475389","properties":{},"geometry":{"type":"LineString","coordinates":[[144.9331,-37.8006],[144.9334,-37.801]]}},{"type":"Feature","id":"way/19475442","properties":{},"geometry":{"type":"LineString","coordinates":[[144.9334,-37.801],[144.9336,-37.8013]]}},{"type":"Feature","id":"way/19486326","properties":{},"geometry":{"type":"LineString","coordinates":[[144.9066,-37.8036],[144.9022,-37.8023]]}},{"type":"Feature","id":"way/19491383","properties":{},"geometry":{"type":"LineString","coordinates":[[144.916,-37.8022],[144.917,-37.8016]]}},{"type":"Feature","id":"way/19491386","properties":{},"geometry":{"type":"LineString","coordinates":[[144.9078,-37.804],[144.9089,-37.8043]]}},{"type":"Feature","id":"way/19832274","properties":{},"geometry":{"type":"LineString","coordinates":[[144.9005,-37.8039],[144.9003,-37.8041]]}},{"type":"Feature","id":"way/19832275","properties":{},"geometry":{"type":"LineString","coordinates":[[144.9003,-37.8041],[144.8985,-37.806]]}},{"type":"Feature","id":"way/19978895","properties":{},"geometry":{"type":"LineString","coordinates":[[145.0316,-37.8683],[145.0246,-37.862],[145.0115,-37.8487],[145.0096,-37.8476],[144.9988,-37.8434]]}},{"type":"Feature","id":"way/21001390","properties":{},"geometry":{"type":"LineString","coordinates":[[145.0625,-37.7559],[145.058,-37.7594],[145.0549,-37.7629],[145.0513,-37.7655]]}},{"type":"Feature","id":"way/21723053","properties":{},"geometry":{"type":"LineString","coordinates":[[144.869,-37.7226],[144.8717,-37.7204],[144.8875,-37.7112],[144.8911,-37.71],[144.8973,-37.7093]]}},{"type":"Feature","id":"way/21723062","properties":{},"geometry":{"type":"LineString","coordinates":[[144.8665,-37.7253],[144.869,-37.7226]]}},{"type":"Feature","id":"way/23002183","properties":{},"geometry":{"type":"LineString","coordinates":[[144.8469,-37.8642],[144.843,-37.867],[144.8404,-37.8679],[144.8383,-37.868],[144.8286,-37.867]]}},{"type":"Feature","id":"way/23002184","properties":{},"geometry":{"type":"LineString","coordinates":[[144.8472,-37.864],[144.8469,-37.8642]]}},{"type":"Feature","id":"way/23143950","properties":{},"geometry":{"type":"LineString","coordinates":[[144.8985,-37.806],[144.8983,-37.8062]]}},{"type":"Feature","id":"way/23143951","properties":{},"geometry":{"type":"LineString","coordinates":[[144.8983,-37.8062],[144.8906,-37.8148],[144.8895,-37.8169],[144.8885,-37.8209]]}},{"type":"Feature","id":"way/23212259","properties":{},"geometry":{"type":"LineString","coordinates":[[144.9383,-37.7888],[144.94,-37.7877]]}},{"type":"Feature","id":"way/24120389","properties":{},"geometry":{"type":"LineString","coordinates":[[145.3066,-38.029],[145.3104,-38.0307],[145.3203,-38.033],[145.3269,-38.0344],[145.3386,-38.0356],[145.3408,-38.0363],[145.3424,-38.0372]]}},{"type":"Feature","id":"way/24399586","properties":{},"geometry":{"type":"LineString","coordinates":[[145.0711,-37.8255],[145.0642,-37.8265]]}},{"type":"Feature","id":"way/24399588","properties":{},"geometry":{"type":"LineString","coordinates":[[145.0608,-37.8266],[145.0602,-37.8265]]}},{"type":"Feature","id":"way/24399600","properties":{},"geometry":{"type":"LineString","coordinates":[[145.0626,-37.8264],[145.0649,-37.8263]]}},{"type":"Feature","id":"way/24399601","properties":{},"geometry":{"type":"LineString","coordinates":[[145.0621,-37.8266],[145.0616,-37.8265]]}},{"type":"Feature","id":"way/24474540","properties":{},"geometry":{"type":"LineString","coordinates":[[144.995,-37.785],[144.9952,-37.7852]]}},{"type":"Feature","id":"way/24474692","properties":{},"geometry":{"type":"LineString","coordinates":[[144.9972,-37.7843],[144.9963,-37.7856]]}},{"type":"Feature","id":"way/24529963","properties":{},"geometry":{"type":"LineString","coordinates":[[144.9927,-37.8096],[144.9926,-37.8098]]}},{"type":"Feature","id":"way/24577659","properties":{},"geometry":{"type":"LineString","coordinates":[[145.1272,-37.8201],[145.1237,-37.8196]]}},{"type":"Feature","id":"way/24577662","properties":{},"geometry":{"type":"LineString","coordinates":[[145.1237,-37.8195],[145.1261,-37.8199]]}},{"type":"Feature","id":"way/24577663","properties":{},"geometry":{"type":"LineString","coordinates":[[145.1237,-37.8196],[145.1207,-37.8192]]}},{"type":"Feature","id":"way/24577664","properties":{},"geometry":{"type":"LineString","coordinates":[[145.1208,-37.819],[145.1237,-37.8195]]}},{"type":"Feature","id":"way/24577665","properties":{},"geometry":{"type":"LineString","coordinates":[[145.1207,-37.8191],[145.1237,-37.8195]]}},{"type":"Feature","id":"way/24577666","properties":{},"geometry":{"type":"LineString","coordinates":[[145.1207,-37.8192],[145.1149,-37.8183]]}},{"type":"Feature","id":"way/24577811","properties":{},"geometry":{"type":"LineString","coordinates":[[145.1149,-37.8182],[145.1208,-37.819]]}},{"type":"Feature","id":"way/24853879","properties":{},"geometry":{"type":"LineString","coordinates":[[145.2971,-37.8855],[145.2972,-37.8857]]}},{"type":"Feature","id":"way/24853880","properties":{},"geometry":{"type":"LineString","coordinates":[[145.2972,-37.8857],[145.2984,-37.888],[145.2996,-37.8893],[145.3048,-37.892]]}},{"type":"Feature","id":"way/25401658","properties":{},"geometry":{"type":"LineString","coordinates":[[145.0427,-37.7701],[145.0379,-37.7757],[145.0357,-37.7769]]}},{"type":"Feature","id":"way/25401659","properties":{},"geometry":{"type":"LineString","coordinates":[[145.0357,-37.7769],[145.0345,-37.7773]]}},{"type":"Feature","id":"way/25453313","properties":{},"geometry":{"type":"LineString","coordinates":[[145.0804,-37.8768],[145.0916,-37.8742]]}},{"type":"Feature","id":"way/25621257","properties":{},"geometry":{"type":"LineString","coordinates":[[144.9363,-37.8024],[144.9357,-37.8022]]}},{"type":"Feature","id":"way/25621261","properties":{},"geometry":{"type":"LineString","coordinates":[[144.9358,-37.8021],[144.9363,-37.8024]]}},{"type":"Feature","id":"way/25621286","properties":{},"geometry":{"type":"LineString","coordinates":[[144.9326,-37.8009],[144.9203,-37.7988]]}},{"type":"Feature","id":"way/25715481","properties":{},"geometry":{"type":"LineString","coordinates":[[145.3424,-38.0372],[145.3406,-38.0363],[145.3386,-38.0357],[145.3241,-38.0339],[145.3102,-38.0307],[145.3066,-38.029]]}},{"type":"Feature","id":"way/25715482","properties":{},"geometry":{"type":"LineString","coordinates":[[145.3647,-38.0504],[145.3653,-38.0506]]}},{"type":"Feature","id":"way/25715483","properties":{},"geometry":{"type":"LineString","coordinates":[[145.3653,-38.0506],[145.3712,-38.0529],[145.3781,-38.0588],[145.3807,-38.0602],[145.4074,-38.0654]]}},{"type":"Feature","id":"way/25715485","properties":{},"geometry":{"type":"LineString","coordinates":[[145.3652,-38.0507],[145.3647,-38.0505]]}},{"type":"Feature","id":"way/25757514","properties":{},"geometry":{"type":"LineString","coordinates":[[145.0407,-37.8975],[145.0407,-37.8974]]}},{"type":"Feature","id":"way/26433680","properties":{},"geometry":{"type":"LineString","coordinates":[[144.9459,-37.8116],[144.9462,-37.8118]]}},{"type":"Feature","id":"way/26433682","properties":{},"geometry":{"type":"LineString","coordinates":[[144.9457,-37.8116],[144.946,-37.8118]]}},{"type":"Feature","id":"way/26742284","properties":{},"geometry":{"type":"LineString","coordinates":[[144.7219,-37.8765],[144.7107,-37.8794],[144.6803,-37.8918]]}},{"type":"Feature","id":"way/26742285","properties":{},"geometry":{"type":"LineString","coordinates":[[144.7224,-37.8764],[144.7219,-37.8765]]}},{"type":"Feature","id":"way/26742294","properties":{},"geometry":{"type":"LineString","coordinates":[[144.6803,-37.8916],[144.7107,-37.8794],[144.7219,-37.8765]]}},{"type":"Feature","id":"way/26742364","properties":{},"geometry":{"type":"LineString","coordinates":[[144.6803,-37.8916],[144.7107,-37.8793],[144.7217,-37.8764]]}},{"type":"Feature","id":"way/26742366","properties":{},"geometry":{"type":"LineString","coordinates":[[144.7217,-37.8764],[144.7225,-37.8762]]}},{"type":"Feature","id":"way/26742370","properties":{},"geometry":{"type":"LineString","coordinates":[[144.7225,-37.8762],[144.7792,-37.8619]]}},{"type":"Feature","id":"way/26742642","properties":{},"geometry":{"type":"LineString","coordinates":[[144.7795,-37.8619],[144.7793,-37.862]]}},{"type":"Feature","id":"way/26832885","properties":{},"geometry":{"type":"LineString","coordinates":[[144.9668,-37.818],[144.9649,-37.8185]]}},{"type":"Feature","id":"way/26832893","properties":{},"geometry":{"type":"LineString","coordinates":[[144.9616,-37.8195],[144.9621,-37.8194]]}},{"type":"Feature","id":"way/26832946","properties":{},"geometry":{"type":"LineString","coordinates":[[144.9634,-37.8191],[144.9657,-37.8185]]}},{"type":"Feature","id":"way/26832968","properties":{},"geometry":{"type":"LineString","coordinates":[[144.9669,-37.8181],[144.9657,-37.8185]]}},{"type":"Feature","id":"way/26833009","properties":{},"geometry":{"type":"LineString","coordinates":[[144.967,-37.8183],[144.9657,-37.8186]]}},{"type":"Feature","id":"way/26833015","properties":{},"geometry":{"type":"LineString","coordinates":[[144.967,-37.8183],[144.9658,-37.8186]]}},{"type":"Feature","id":"way/26833026","properties":{},"geometry":{"type":"LineString","coordinates":[[144.9671,-37.8184],[144.9658,-37.8187]]}},{"type":"Feature","id":"way/26833067","properties":{},"geometry":{"type":"LineString","coordinates":[[144.967,-37.8186],[144.9659,-37.8188]]}},{"type":"Feature","id":"way/26833096","properties":{},"geometry":{"type":"LineString","coordinates":[[144.9636,-37.8192],[144.9631,-37.8194]]}},{"type":"Feature","id":"way/26833097","properties":{},"geometry":{"type":"LineString","coordinates":[[144.967,-37.8186],[144.9644,-37.8191]]}},{"type":"Feature","id":"way/26833098","properties":{},"geometry":{"type":"LineString","coordinates":[[144.9624,-37.8195],[144.963,-37.8193]]}},{"type":"Feature","id":"way/26833099","properties":{},"geometry":{"type":"LineString","coordinates":[[144.9624,-37.8195],[144.9629,-37.8194]]}},{"type":"Feature","id":"way/26833102","properties":{},"geometry":{"type":"LineString","coordinates":[[144.9616,-37.8195],[144.9649,-37.8185]]}},{"type":"Feature","id":"way/26833119","properties":{},"geometry":{"type":"LineString","coordinates":[[144.9658,-37.8186],[144.9617,-37.8196]]}},{"type":"Feature","id":"way/26833121","properties":{},"geometry":{"type":"LineString","coordinates":[[144.9658,-37.8187],[144.9645,-37.819]]}},{"type":"Feature","id":"way/26833122","properties":{},"geometry":{"type":"LineString","coordinates":[[144.9666,-37.8187],[144.967,-37.8187]]}},{"type":"Feature","id":"way/26833126","properties":{},"geometry":{"type":"LineString","coordinates":[[144.967,-37.8187],[144.965,-37.8191]]}},{"type":"Feature","id":"way/26833129","properties":{},"geometry":{"type":"LineString","coordinates":[[144.9669,-37.818],[144.9653,-37.8185]]}},{"type":"Feature","id":"way/26833130","properties":{},"geometry":{"type":"LineString","coordinates":[[144.9657,-37.8186],[144.9617,-37.8195]]}},{"type":"Feature","id":"way/26833132","properties":{},"geometry":{"type":"LineString","coordinates":[[144.9617,-37.8196],[144.9624,-37.8195]]}},{"type":"Feature","id":"way/26833197","properties":{},"geometry":{"type":"LineString","coordinates":[[144.97,-37.8178],[144.967,-37.8186]]}},{"type":"Feature","id":"way/26833213","properties":{},"geometry":{"type":"LineString","coordinates":[[144.967,-37.8186],[144.9677,-37.8184]]}},{"type":"Feature","id":"way/26833217","properties":{},"geometry":{"type":"LineString","coordinates":[[144.9692,-37.8179],[144.9677,-37.8183]]}},{"type":"Feature","id":"way/26833226","properties":{},"geometry":{"type":"LineString","coordinates":[[144.9708,-37.8176],[144.9706,-37.8177]]}},{"type":"Feature","id":"way/26833237","properties":{},"geometry":{"type":"LineString","coordinates":[[144.9686,-37.818],[144.9704,-37.8175]]}},{"type":"Feature","id":"way/26833240","properties":{},"geometry":{"type":"LineString","coordinates":[[144.9681,-37.818],[144.9704,-37.8174]]}},{"type":"Feature","id":"way/26833243","properties":{},"geometry":{"type":"LineString","coordinates":[[144.9675,-37.8181],[144.967,-37.8183]]}},{"type":"Feature","id":"way/26833260","properties":{},"geometry":{"type":"LineString","coordinates":[[144.9697,-37.8173],[144.9669,-37.8181]]}},{"type":"Feature","id":"way/26833264","properties":{},"geometry":{"type":"LineString","coordinates":[[144.9681,-37.8178],[144.9675,-37.818]]}},{"type":"Feature","id":"way/26833266","properties":{},"geometry":{"type":"LineString","coordinates":[[144.9703,-37.8172],[144.9697,-37.8173]]}},{"type":"Feature","id":"way/26833268","properties":{},"geometry":{"type":"LineString","coordinates":[[144.9697,-37.8173],[144.9703,-37.8172]]}},{"type":"Feature","id":"way/26833270","properties":{},"geometry":{"type":"LineString","coordinates":[[144.9705,-37.8172],[144.9703,-37.8173]]}},{"type":"Feature","id":"way/26833276","properties":{},"geometry":{"type":"LineString","coordinates":[[144.969,-37.8174],[144.968,-37.8177]]}},{"type":"Feature","id":"way/26833280","properties":{},"geometry":{"type":"LineString","coordinates":[[144.9703,-37.817],[144.97,-37.8171]]}},{"type":"Feature","id":"way/26833290","properties":{},"geometry":{"type":"LineString","coordinates":[[144.9713,-37.8167],[144.9729,-37.8163]]}},{"type":"Feature","id":"way/26833293","properties":{},"geometry":{"type":"LineString","coordinates":[[144.9702,-37.817],[144.9674,-37.8178]]}},{"type":"Feature","id":"way/26833310","properties":{},"geometry":{"type":"LineString","coordinates":[[144.9705,-37.8169],[144.9713,-37.8166]]}},{"type":"Feature","id":"way/26833316","properties":{},"geometry":{"type":"LineString","coordinates":[[144.9715,-37.8166],[144.9702,-37.817]]}},{"type":"Feature","id":"way/26833338","properties":{},"geometry":{"type":"LineString","coordinates":[[144.9792,-37.816],[144.9811,-37.8162]]}},{"type":"Feature","id":"way/26833385","properties":{},"geometry":{"type":"LineString","coordinates":[[144.9705,-37.8175],[144.9727,-37.817],[144.9747,-37.8172],[144.9795,-37.8196]]}},{"type":"Feature","id":"way/26833400","properties":{},"geometry":{"type":"LineString","coordinates":[[144.9703,-37.8172],[144.9729,-37.8166],[144.9749,-37.8168],[144.9814,-37.8205]]}},{"type":"Feature","id":"way/26833407","properties":{},"geometry":{"type":"LineString","coordinates":[[144.9801,-37.8196],[144.9749,-37.8167],[144.9728,-37.8165],[144.9705,-37.8171]]}},{"type":"Feature","id":"way/26833529","properties":{},"geometry":{"type":"LineString","coordinates":[[144.974,-37.8159],[144.9715,-37.8166]]}},{"type":"Feature","id":"way/26833637","properties":{},"geometry":{"type":"LineString","coordinates":[[144.9541,-37.821],[144.9531,-37.8203]]}},{"type":"Feature","id":"way/26833648","properties":{},"geometry":{"type":"LineString","coordinates":[[144.9441,-37.8102],[144.9401,-37.8055],[144.9359,-37.803]]}},{"type":"Feature","id":"way/26901970","properties":{},"geometry":{"type":"LineString","coordinates":[[144.9986,-37.8433],[144.9957,-37.842]]}},{"type":"Feature","id":"way/27507517","properties":{},"geometry":{"type":"LineString","coordinates":[[144.9165,-37.6892],[144.9163,-37.6898]]}},{"type":"Feature","id":"way/27507521","properties":{},"geometry":{"type":"LineString","coordinates":[[144.9163,-37.6898],[144.9154,-37.6955],[144.9115,-37.7005]]}},{"type":"Feature","id":"way/27507522","properties":{},"geometry":{"type":"LineString","coordinates":[[144.9179,-37.6853],[144.9171,-37.6864],[144.9165,-37.6884],[144.9157,-37.6912],[144.9156,-37.6941]]}},{"type":"Feature","id":"way/27508283","properties":{},"geometry":{"type":"LineString","coordinates":[[144.9495,-37.7815],[144.9496,-37.7815]]}},{"type":"Feature","id":"way/27526644","properties":{},"geometry":{"type":"LineString","coordinates":[[145.207,-38.2816],[145.2009,-38.2801],[145.1998,-38.2802],[145.1988,-38.2812],[145.1991,-38.2841],[145.1984,-38.2856],[145.1963,-38.2866],[145.1931,-38.2863]]}},{"type":"Feature","id":"way/27526647","properties":{},"geometry":{"type":"LineString","coordinates":[[145.1659,-38.1631],[145.1672,-38.1648],[145.1674,-38.1666],[145.1598,-38.1971],[145.1598,-38.1998],[145.1628,-38.206],[145.1801,-38.2312],[145.1807,-38.2336],[145.1807,-38.2502],[145.1809,-38.2518],[145.1818,-38.2536],[145.1886,-38.2632],[145.1894,-38.2654],[145.1893,-38.2725],[145.188,-38.2856],[145.186,-38.2954],[145.1859,-38.3146],[145.1834,-38.3205],[145.1831,-38.3298],[145.1769,-38.3388],[145.1764,-38.34],[145.1765,-38.3413],[145.1775,-38.3429],[145.2005,-38.364],[145.2068,-38.3674],[145.2137,-38.3698],[145.219,-38.3733]]}},{"type":"Feature","id":"way/27578641","properties":{},"geometry":{"type":"LineString","coordinates":[[144.9927,-37.8252],[144.9939,-37.8259],[144.9957,-37.8262]]}},{"type":"Feature","id":"way/27578644","properties":{},"geometry":{"type":"LineString","coordinates":[[145.0101,-37.8279],[145.0093,-37.8278]]}},{"type":"Feature","id":"way/27729307","properties":{},"geometry":{"type":"LineString","coordinates":[[144.9938,-37.8043],[144.9937,-37.805]]}},{"type":"Feature","id":"way/27729308","properties":{},"geometry":{"type":"LineString","coordinates":[[144.9938,-37.8042],[144.9938,-37.8043]]}},{"type":"Feature","id":"way/27766470","properties":{},"geometry":{"type":"LineString","coordinates":[[144.9919,-37.814],[144.9909,-37.8156]]}},{"type":"Feature","id":"way/27766471","properties":{},"geometry":{"type":"LineString","coordinates":[[144.9919,-37.8139],[144.9919,-37.814]]}},{"type":"Feature","id":"way/27766473","properties":{},"geometry":{"type":"LineString","coordinates":[[144.9921,-37.813],[144.9921,-37.8131]]}},{"type":"Feature","id":"way/27766475","properties":{},"geometry":{"type":"LineString","coordinates":[[144.9921,-37.8131],[144.9919,-37.8139]]}},{"type":"Feature","id":"way/27766480","properties":{},"geometry":{"type":"LineString","coordinates":[[144.9923,-37.8118],[144.9921,-37.813]]}},{"type":"Feature","id":"way/27766481","properties":{},"geometry":{"type":"LineString","coordinates":[[144.9923,-37.8117],[144.9923,-37.8118]]}},{"type":"Feature","id":"way/27766484","properties":{},"geometry":{"type":"LineString","coordinates":[[144.9924,-37.811],[144.9924,-37.8112]]}},{"type":"Feature","id":"way/27766485","properties":{},"geometry":{"type":"LineString","coordinates":[[144.9924,-37.8112],[144.9923,-37.8117]]}},{"type":"Feature","id":"way/27766519","properties":{},"geometry":{"type":"LineString","coordinates":[[144.9892,-37.8166],[144.9876,-37.8169]]}},{"type":"Feature","id":"way/27766537","properties":{},"geometry":{"type":"LineString","coordinates":[[144.99,-37.8162],[144.9892,-37.8166]]}},{"type":"Feature","id":"way/27766539","properties":{},"geometry":{"type":"LineString","coordinates":[[144.9909,-37.8156],[144.99,-37.8162]]}},{"type":"Feature","id":"way/27771782","properties":{},"geometry":{"type":"LineString","coordinates":[[144.993,-37.8083],[144.9927,-37.8096]]}},{"type":"Feature","id":"way/27771783","properties":{},"geometry":{"type":"LineString","coordinates":[[144.993,-37.8082],[144.993,-37.8083]]}},{"type":"Feature","id":"way/27771796","properties":{},"geometry":{"type":"LineString","coordinates":[[144.9933,-37.8072],[144.9933,-37.8074]]}},{"type":"Feature","id":"way/27771798","properties":{},"geometry":{"type":"LineString","coordinates":[[144.9933,-37.8074],[144.9932,-37.8076]]}},{"type":"Feature","id":"way/27771801","properties":{},"geometry":{"type":"LineString","coordinates":[[144.9932,-37.8076],[144.9932,-37.8077]]}},{"type":"Feature","id":"way/27771813","properties":{},"geometry":{"type":"LineString","coordinates":[[144.9932,-37.8077],[144.993,-37.8082]]}},{"type":"Feature","id":"way/27771828","properties":{},"geometry":{"type":"LineString","coordinates":[[144.9937,-37.805],[144.9936,-37.8052]]}},{"type":"Feature","id":"way/27771829","properties":{},"geometry":{"type":"LineString","coordinates":[[144.9936,-37.8052],[144.9933,-37.8072]]}},{"type":"Feature","id":"way/27785355","properties":{},"geometry":{"type":"LineString","coordinates":[[145.5045,-38.084],[145.4974,-38.0827]]}},{"type":"Feature","id":"way/27786353","properties":{},"geometry":{"type":"LineString","coordinates":[[144.8836,-37.8434],[144.8847,-37.848],[144.8879,-37.8548]]}},{"type":"Feature","id":"way/27858964","properties":{},"geometry":{"type":"LineString","coordinates":[[145.2873,-38.0197],[145.2904,-38.0206],[145.3006,-38.0258]]}},{"type":"Feature","id":"way/27877191","properties":{},"geometry":{"type":"LineString","coordinates":[[145.3138,-37.8931],[145.3142,-37.8933]]}},{"type":"Feature","id":"way/27877192","properties":{},"geometry":{"type":"LineString","coordinates":[[145.3142,-37.8933],[145.3165,-37.8954],[145.3236,-37.8995],[145.3294,-37.9022]]}},{"type":"Feature","id":"way/27877273","properties":{},"geometry":{"type":"LineString","coordinates":[[145.3352,-37.9054],[145.3359,-37.9054]]}},{"type":"Feature","id":"way/27877276","properties":{},"geometry":{"type":"LineString","coordinates":[[145.3359,-37.9054],[145.3391,-37.9068],[145.3416,-37.9073],[145.3442,-37.9087],[145.3493,-37.9095]]}},{"type":"Feature","id":"way/27880577","properties":{},"geometry":{"type":"LineString","coordinates":[[145.156,-37.6855],[145.1557,-37.6851]]}},{"type":"Feature","id":"way/27880578","properties":{},"geometry":{"type":"LineString","coordinates":[[145.1557,-37.6851],[145.1545,-37.6838]]}},{"type":"Feature","id":"way/27880579","properties":{},"geometry":{"type":"LineString","coordinates":[[145.1545,-37.6838],[145.1542,-37.6836]]}},{"type":"Feature","id":"way/27880580","properties":{},"geometry":{"type":"LineString","coordinates":[[145.1542,-37.6836],[145.1534,-37.6828]]}},{"type":"Feature","id":"way/27880581","properties":{},"geometry":{"type":"LineString","coordinates":[[145.1534,-37.6828],[145.1531,-37.6826]]}},{"type":"Feature","id":"way/27880582","properties":{},"geometry":{"type":"LineString","coordinates":[[145.1531,-37.6826],[145.1521,-37.6815]]}},{"type":"Feature","id":"way/27880583","properties":{},"geometry":{"type":"LineString","coordinates":[[145.1521,-37.6815],[145.1518,-37.6811]]}},{"type":"Feature","id":"way/27880584","properties":{},"geometry":{"type":"LineString","coordinates":[[145.1518,-37.6811],[145.1515,-37.6795],[145.1521,-37.678],[145.1552,-37.6751],[145.1574,-37.6738]]}},{"type":"Feature","id":"way/27989273","properties":{},"geometry":{"type":"LineString","coordinates":[[144.9763,-37.8156],[144.9789,-37.8159]]}},{"type":"Feature","id":"way/27989274","properties":{},"geometry":{"type":"LineString","coordinates":[[144.9789,-37.816],[144.9792,-37.816]]}},{"type":"Feature","id":"way/27989276","properties":{},"geometry":{"type":"LineString","coordinates":[[144.9792,-37.816],[144.9789,-37.816]]}},{"type":"Feature","id":"way/27989277","properties":{},"geometry":{"type":"LineString","coordinates":[[144.9789,-37.8159],[144.9792,-37.816]]}},{"type":"Feature","id":"way/27989278","properties":{},"geometry":{"type":"LineString","coordinates":[[144.9792,-37.816],[144.9811,-37.8162]]}},{"type":"Feature","id":"way/27989279","properties":{},"geometry":{"type":"LineString","coordinates":[[144.9876,-37.8169],[144.9792,-37.816]]}},{"type":"Feature","id":"way/28017569","properties":{},"geometry":{"type":"LineString","coordinates":[[144.9935,-37.8328],[144.9932,-37.8342]]}},{"type":"Feature","id":"way/28017572","properties":{},"geometry":{"type":"LineString","coordinates":[[144.9931,-37.8342],[144.9934,-37.8328]]}},{"type":"Feature","id":"way/28017578","properties":{},"geometry":{"type":"LineString","coordinates":[[144.993,-37.8342],[144.9933,-37.8328]]}},{"type":"Feature","id":"way/28017582","properties":{},"geometry":{"type":"LineString","coordinates":[[144.9948,-37.8417],[144.9927,-37.8408],[144.9923,-37.8401],[144.9922,-37.8392]]}},{"type":"Feature","id":"way/28017585","properties":{},"geometry":{"type":"LineString","coordinates":[[144.9932,-37.8342],[144.9924,-37.8389]]}},{"type":"Feature","id":"way/28206178","properties":{},"geometry":{"type":"LineString","coordinates":[[145.0278,-37.8391],[145.0319,-37.8396]]}},{"type":"Feature","id":"way/28206179","properties":{},"geometry":{"type":"LineString","coordinates":[[145.0214,-37.8327],[145.0224,-37.8343],[145.0244,-37.8361],[145.0256,-37.8379],[145.0276,-37.8391]]}},{"type":"Feature","id":"way/28206431","properties":{},"geometry":{"type":"LineString","coordinates":[[144.7785,-37.7066],[144.7903,-37.7216],[144.7919,-37.7244],[144.7932,-37.7276]]}},{"type":"Feature","id":"way/28224222","properties":{},"geometry":{"type":"LineString","coordinates":[[144.8149,-37.7843],[144.8156,-37.7844]]}},{"type":"Feature","id":"way/28316928","properties":{},"geometry":{"type":"LineString","coordinates":[[145.0327,-37.8397],[145.0343,-37.8401],[145.036,-37.841],[145.0372,-37.8422],[145.0384,-37.844]]}},{"type":"Feature","id":"way/28355773","properties":{},"geometry":{"type":"LineString","coordinates":[[145.0765,-37.8259],[145.0764,-37.8259]]}},{"type":"Feature","id":"way/28356399","properties":{},"geometry":{"type":"LineString","coordinates":[[145.1061,-38.0341],[145.1001,-38.0239],[145.0953,-38.0174]]}},{"type":"Feature","id":"way/28356969","properties":{},"geometry":{"type":"LineString","coordinates":[[145.2143,-37.9929],[145.2151,-37.9941]]}},{"type":"Feature","id":"way/28375512","properties":{},"geometry":{"type":"LineString","coordinates":[[144.9912,-37.7806],[144.9907,-37.7813],[144.991,-37.7821],[144.995,-37.785]]}},{"type":"Feature","id":"way/28375513","properties":{},"geometry":{"type":"LineString","coordinates":[[144.9923,-37.7797],[144.9912,-37.7806]]}},{"type":"Feature","id":"way/28458489","properties":{},"geometry":{"type":"LineString","coordinates":[[145.0764,-37.8259],[145.0712,-37.8255]]}},{"type":"Feature","id":"way/28458511","properties":{},"geometry":{"type":"LineString","coordinates":[[145.0712,-37.8255],[145.0711,-37.8255]]}},{"type":"Feature","id":"way/28517715","properties":{},"geometry":{"type":"LineString","coordinates":[[145.2849,-37.861],[145.283,-37.8574]]}},{"type":"Feature","id":"way/28552406","properties":{},"geometry":{"type":"LineString","coordinates":[[145.456,-38.0747],[145.4563,-38.0748]]}},{"type":"Feature","id":"way/28595442","properties":{},"geometry":{"type":"LineString","coordinates":[[145.1749,-37.8205],[145.1659,-37.8219],[145.1509,-37.8202]]}},{"type":"Feature","id":"way/28595448","properties":{},"geometry":{"type":"LineString","coordinates":[[145.1413,-37.8205],[145.1403,-37.821]]}},{"type":"Feature","id":"way/28595450","properties":{},"geometry":{"type":"LineString","coordinates":[[145.1403,-37.821],[145.139,-37.8215],[145.1375,-37.8216],[145.1272,-37.8201]]}},{"type":"Feature","id":"way/28615544","properties":{},"geometry":{"type":"LineString","coordinates":[[144.902,-37.8022],[144.9018,-37.8024]]}},{"type":"Feature","id":"way/28615550","properties":{},"geometry":{"type":"LineString","coordinates":[[144.9018,-37.8024],[144.902,-37.8022]]}},{"type":"Feature","id":"way/28615551","properties":{},"geometry":{"type":"LineString","coordinates":[[144.9018,-37.8024],[144.9005,-37.8039]]}},{"type":"Feature","id":"way/28615857","properties":{},"geometry":{"type":"LineString","coordinates":[[145.0933,-37.825],[145.0853,-37.8237],[145.0825,-37.8241]]}},{"type":"Feature","id":"way/28615858","properties":{},"geometry":{"type":"LineString","coordinates":[[145.0935,-37.825],[145.0933,-37.825]]}},{"type":"Feature","id":"way/28677176","properties":{},"geometry":{"type":"LineString","coordinates":[[145.0318,-37.8685],[145.0316,-37.8683]]}},{"type":"Feature","id":"way/28788201","properties":{},"geometry":{"type":"LineString","coordinates":[[145.0841,-38.0014],[145.0838,-38.001]]}},{"type":"Feature","id":"way/28807865","properties":{},"geometry":{"type":"LineString","coordinates":[[145.2736,-37.8008],[145.2733,-37.8012]]}},{"type":"Feature","id":"way/28807882","properties":{},"geometry":{"type":"LineString","coordinates":[[145.3438,-37.7591],[145.3369,-37.7653],[145.335,-37.7722],[145.3337,-37.7734],[145.3303,-37.7751]]}},{"type":"Feature","id":"way/28807892","properties":{},"geometry":{"type":"LineString","coordinates":[[145.3467,-37.7564],[145.345,-37.7581]]}},{"type":"Feature","id":"way/28807989","properties":{},"geometry":{"type":"LineString","coordinates":[[145.2629,-37.8364],[145.2627,-37.8363]]}},{"type":"Feature","id":"way/28808027","properties":{},"geometry":{"type":"LineString","coordinates":[[145.1146,-37.8183],[145.1123,-37.8183]]}},{"type":"Feature","id":"way/28808028","properties":{},"geometry":{"type":"LineString","coordinates":[[145.1149,-37.8183],[145.1146,-37.8183]]}},{"type":"Feature","id":"way/28808039","properties":{},"geometry":{"type":"LineString","coordinates":[[145.0825,-37.8241],[145.0816,-37.8244]]}},{"type":"Feature","id":"way/28808291","properties":{},"geometry":{"type":"LineString","coordinates":[[145.0921,-37.8742],[145.0997,-37.8736]]}},{"type":"Feature","id":"way/28808292","properties":{},"geometry":{"type":"LineString","coordinates":[[145.0997,-37.8736],[145.0999,-37.8736]]}},{"type":"Feature","id":"way/28808408","properties":{},"geometry":{"type":"LineString","coordinates":[[145.0353,-37.9257],[145.0354,-37.9256]]}},{"type":"Feature","id":"way/28808452","properties":{},"geometry":{"type":"LineString","coordinates":[[145.0646,-37.9811],[145.0565,-37.9694]]}},{"type":"Feature","id":"way/28808453","properties":{},"geometry":{"type":"LineString","coordinates":[[145.0479,-37.9571],[145.0477,-37.9568]]}},{"type":"Feature","id":"way/28866489","properties":{},"geometry":{"type":"LineString","coordinates":[[145.3083,-37.8928],[145.3048,-37.892]]}},{"type":"Feature","id":"way/28881914","properties":{},"geometry":{"type":"LineString","coordinates":[[145.1219,-38.0731],[145.1217,-38.0723]]}},{"type":"Feature","id":"way/28881915","properties":{},"geometry":{"type":"LineString","coordinates":[[145.1244,-38.0824],[145.1237,-38.0805]]}},{"type":"Feature","id":"way/28881978","properties":{},"geometry":{"type":"LineString","coordinates":[[145.1267,-38.087],[145.1265,-38.0867]]}},{"type":"Feature","id":"way/28881979","properties":{},"geometry":{"type":"LineString","coordinates":[[145.126,-38.1431],[145.127,-38.1409]]}},{"type":"Feature","id":"way/28884940","properties":{},"geometry":{"type":"LineString","coordinates":[[145.1966,-37.9815],[145.2067,-37.9885],[145.2086,-37.9895]]}},{"type":"Feature","id":"way/29078788","properties":{},"geometry":{"type":"LineString","coordinates":[[144.9943,-37.8001],[144.9942,-37.8006]]}},{"type":"Feature","id":"way/29078789","properties":{},"geometry":{"type":"LineString","coordinates":[[144.9943,-37.7998],[144.9943,-37.8001]]}},{"type":"Feature","id":"way/29220989","properties":{},"geometry":{"type":"LineString","coordinates":[[144.8284,-37.7824],[144.8361,-37.7923],[144.8394,-37.7949],[144.8418,-37.7961]]}},{"type":"Feature","id":"way/29220990","properties":{},"geometry":{"type":"LineString","coordinates":[[144.8418,-37.7961],[144.842,-37.7962]]}},{"type":"Feature","id":"way/29332406","properties":{},"geometry":{"type":"LineString","coordinates":[[145.0513,-37.7655],[145.0511,-37.7657]]}},{"type":"Feature","id":"way/29761171","properties":{},"geometry":{"type":"LineString","coordinates":[[145.1611,-37.8792],[145.1606,-37.879]]}},{"type":"Feature","id":"way/29761429","properties":{},"geometry":{"type":"LineString","coordinates":[[145.1611,-37.8792],[145.1515,-37.8766],[145.1482,-37.8762]]}},{"type":"Feature","id":"way/29762027","properties":{},"geometry":{"type":"LineString","coordinates":[[145.1474,-37.876],[145.1482,-37.8761]]}},{"type":"Feature","id":"way/29762037","properties":{},"geometry":{"type":"LineString","coordinates":[[145.1482,-37.8762],[145.1475,-37.8761]]}},{"type":"Feature","id":"way/30048665","properties":{},"geometry":{"type":"LineString","coordinates":[[144.8348,-37.8479],[144.8352,-37.8478]]}},{"type":"Feature","id":"way/30048666","properties":{},"geometry":{"type":"LineString","coordinates":[[144.8227,-37.851],[144.8348,-37.8479]]}},{"type":"Feature","id":"way/30125107","properties":{},"geometry":{"type":"LineString","coordinates":[[145.283,-37.8574],[145.2714,-37.845]]}},{"type":"Feature","id":"way/30141492","properties":{},"geometry":{"type":"LineString","coordinates":[[144.9942,-37.8006],[144.9942,-37.8007]]}},{"type":"Feature","id":"way/30141495","properties":{},"geometry":{"type":"LineString","coordinates":[[144.9942,-37.8007],[144.9942,-37.8013]]}},{"type":"Feature","id":"way/30141513","properties":{},"geometry":{"type":"LineString","coordinates":[[144.9942,-37.8014],[144.9942,-37.8019]]}},{"type":"Feature","id":"way/30141514","properties":{},"geometry":{"type":"LineString","coordinates":[[144.9942,-37.8013],[144.9942,-37.8014]]}},{"type":"Feature","id":"way/30410975","properties":{},"geometry":{"type":"LineString","coordinates":[[145.29,-37.8722],[145.2901,-37.8723]]}},{"type":"Feature","id":"way/30411088","properties":{},"geometry":{"type":"LineString","coordinates":[[145.2956,-37.8825],[145.2971,-37.8855]]}},{"type":"Feature","id":"way/30411090","properties":{},"geometry":{"type":"LineString","coordinates":[[145.2956,-37.8825],[145.2932,-37.8777]]}},{"type":"Feature","id":"way/30411175","properties":{},"geometry":{"type":"LineString","coordinates":[[145.293,-37.8774],[145.2911,-37.8738],[145.29,-37.8724]]}},{"type":"Feature","id":"way/30931433","properties":{},"geometry":{"type":"LineString","coordinates":[[144.8489,-37.8082],[144.8444,-37.8038],[144.8344,-37.7909]]}},{"type":"Feature","id":"way/31048401","properties":{},"geometry":{"type":"LineString","coordinates":[[145.0429,-37.77],[145.0427,-37.7701]]}},{"type":"Feature","id":"way/31048402","properties":{},"geometry":{"type":"LineString","coordinates":[[145.0511,-37.7657],[145.0479,-37.768],[145.0429,-37.77]]}},{"type":"Feature","id":"way/32000091","properties":{},"geometry":{"type":"LineString","coordinates":[[144.8532,-37.8515],[144.8536,-37.8498],[144.8545,-37.8487],[144.856,-37.8479],[144.8577,-37.8479]]}},{"type":"Feature","id":"way/32246684","properties":{},"geometry":{"type":"LineString","coordinates":[[144.9704,-37.8174],[144.9728,-37.8168],[144.9752,-37.8171],[144.9841,-37.8221],[144.9884,-37.8235]]}},{"type":"Feature","id":"way/32806635","properties":{},"geometry":{"type":"LineString","coordinates":[[145.2118,-37.9909],[145.212,-37.991]]}},{"type":"Feature","id":"way/32806639","properties":{},"geometry":{"type":"LineString","coordinates":[[145.2141,-37.9925],[145.2143,-37.9929]]}},{"type":"Feature","id":"way/33726005","properties":{},"geometry":{"type":"LineString","coordinates":[[144.9942,-37.8019],[144.9942,-37.802]]}},{"type":"Feature","id":"way/33726007","properties":{},"geometry":{"type":"LineString","coordinates":[[144.9942,-37.802],[144.9941,-37.8025]]}},{"type":"Feature","id":"way/33726008","properties":{},"geometry":{"type":"LineString","coordinates":[[144.9941,-37.8025],[144.9941,-37.8027]]}},{"type":"Feature","id":"way/33726009","properties":{},"geometry":{"type":"LineString","coordinates":[[144.9941,-37.8027],[144.9938,-37.8042]]}},{"type":"Feature","id":"way/34284538","properties":{},"geometry":{"type":"LineString","coordinates":[[144.9952,-37.7852],[144.9957,-37.7868]]}},{"type":"Feature","id":"way/34284574","properties":{},"geometry":{"type":"LineString","coordinates":[[144.9956,-37.788],[144.9951,-37.7908],[144.9952,-37.7924]]}},{"type":"Feature","id":"way/34284608","properties":{},"geometry":{"type":"LineString","coordinates":[[144.9953,-37.7926],[144.9954,-37.7938]]}},{"type":"Feature","id":"way/34284610","properties":{},"geometry":{"type":"LineString","coordinates":[[144.9952,-37.7924],[144.9953,-37.7926]]}},{"type":"Feature","id":"way/34284651","properties":{},"geometry":{"type":"LineString","coordinates":[[144.9953,-37.7939],[144.9952,-37.7947]]}},{"type":"Feature","id":"way/34284653","properties":{},"geometry":{"type":"LineString","coordinates":[[144.9954,-37.7938],[144.9953,-37.7939]]}},{"type":"Feature","id":"way/34833097","properties":{},"geometry":{"type":"LineString","coordinates":[[145.0446,-37.879],[145.0444,-37.8788]]}},{"type":"Feature","id":"way/34833111","properties":{},"geometry":{"type":"LineString","coordinates":[[145.0396,-37.8754],[145.0353,-37.8716]]}},{"type":"Feature","id":"way/35567170","properties":{},"geometry":{"type":"LineString","coordinates":[[145.2022,-37.8181],[145.2114,-37.8189],[145.2164,-37.8186]]}},{"type":"Feature","id":"way/35567209","properties":{},"geometry":{"type":"LineString","coordinates":[[145.202,-37.8181],[145.2022,-37.8181]]}},{"type":"Feature","id":"way/35567212","properties":{},"geometry":{"type":"LineString","coordinates":[[145.2021,-37.8182],[145.202,-37.8182]]}},{"type":"Feature","id":"way/36214915","properties":{},"geometry":{"type":"LineString","coordinates":[[145.0352,-37.8715],[145.0318,-37.8685]]}},{"type":"Feature","id":"way/37950270","properties":{},"geometry":{"type":"LineString","coordinates":[[145.0345,-37.7773],[145.0289,-37.7791]]}},{"type":"Feature","id":"way/39728107","properties":{},"geometry":{"type":"LineString","coordinates":[[144.408,-38.0284],[144.4034,-38.0333],[144.3823,-38.0684]]}},{"type":"Feature","id":"way/39728109","properties":{},"geometry":{"type":"LineString","coordinates":[[144.4083,-38.0281],[144.408,-38.0284]]}},{"type":"Feature","id":"way/41745393","properties":{},"geometry":{"type":"LineString","coordinates":[[145.0566,-37.8265],[145.0572,-37.8265]]}},{"type":"Feature","id":"way/41745394","properties":{},"geometry":{"type":"LineString","coordinates":[[145.0572,-37.8266],[145.0561,-37.8264]]}},{"type":"Feature","id":"way/41745442","properties":{},"geometry":{"type":"LineString","coordinates":[[145.0539,-37.8248],[145.0556,-37.8261],[145.0577,-37.8265]]}},{"type":"Feature","id":"way/41745444","properties":{},"geometry":{"type":"LineString","coordinates":[[145.0621,-37.8266],[145.0577,-37.8267]]}},{"type":"Feature","id":"way/41745445","properties":{},"geometry":{"type":"LineString","coordinates":[[145.0616,-37.8265],[145.0577,-37.8266]]}},{"type":"Feature","id":"way/41745453","properties":{},"geometry":{"type":"LineString","coordinates":[[145.0537,-37.8247],[145.0519,-37.8236],[145.0488,-37.823]]}},{"type":"Feature","id":"way/41745532","properties":{},"geometry":{"type":"LineString","coordinates":[[145.0488,-37.823],[145.0486,-37.823]]}},{"type":"Feature","id":"way/41745537","properties":{},"geometry":{"type":"LineString","coordinates":[[145.0486,-37.823],[145.0452,-37.8225]]}},{"type":"Feature","id":"way/41745538","properties":{},"geometry":{"type":"LineString","coordinates":[[145.0452,-37.8225],[145.0449,-37.8225]]}},{"type":"Feature","id":"way/41745582","properties":{},"geometry":{"type":"LineString","coordinates":[[145.0452,-37.8224],[145.0449,-37.8223]]}},{"type":"Feature","id":"way/41745583","properties":{},"geometry":{"type":"LineString","coordinates":[[145.0449,-37.8223],[145.0452,-37.8223]]}},{"type":"Feature","id":"way/41745594","properties":{},"geometry":{"type":"LineString","coordinates":[[145.0488,-37.823],[145.0486,-37.8229]]}},{"type":"Feature","id":"way/41745595","properties":{},"geometry":{"type":"LineString","coordinates":[[145.0486,-37.8229],[145.0488,-37.8229]]}},{"type":"Feature","id":"way/41745650","properties":{},"geometry":{"type":"LineString","coordinates":[[145.0486,-37.8229],[145.0452,-37.8224]]}},{"type":"Feature","id":"way/41745663","properties":{},"geometry":{"type":"LineString","coordinates":[[145.0452,-37.8223],[145.0486,-37.8229]]}},{"type":"Feature","id":"way/41745832","properties":{},"geometry":{"type":"LineString","coordinates":[[145.0449,-37.8225],[145.0426,-37.8223]]}},{"type":"Feature","id":"way/41745833","properties":{},"geometry":{"type":"LineString","coordinates":[[145.0426,-37.8223],[145.0423,-37.8222]]}},{"type":"Feature","id":"way/41745834","properties":{},"geometry":{"type":"LineString","coordinates":[[145.0423,-37.8222],[145.0426,-37.8222]]}},{"type":"Feature","id":"way/41745836","properties":{},"geometry":{"type":"LineString","coordinates":[[145.0426,-37.8222],[145.0423,-37.8222]]}},{"type":"Feature","id":"way/41745997","properties":{},"geometry":{"type":"LineString","coordinates":[[145.0449,-37.8223],[145.0426,-37.8222]]}},{"type":"Feature","id":"way/41745998","properties":{},"geometry":{"type":"LineString","coordinates":[[145.0426,-37.8222],[145.0449,-37.8223]]}},{"type":"Feature","id":"way/41746003","properties":{},"geometry":{"type":"LineString","coordinates":[[145.04,-37.822],[145.0398,-37.8219]]}},{"type":"Feature","id":"way/41746004","properties":{},"geometry":{"type":"LineString","coordinates":[[145.0401,-37.8219],[145.0398,-37.8219]]}},{"type":"Feature","id":"way/41746006","properties":{},"geometry":{"type":"LineString","coordinates":[[145.0398,-37.8219],[145.0401,-37.8219]]}},{"type":"Feature","id":"way/41746007","properties":{},"geometry":{"type":"LineString","coordinates":[[145.0401,-37.8219],[145.0423,-37.8222]]}},{"type":"Feature","id":"way/41746008","properties":{},"geometry":{"type":"LineString","coordinates":[[145.0401,-37.8219],[145.0423,-37.8222]]}},{"type":"Feature","id":"way/41746009","properties":{},"geometry":{"type":"LineString","coordinates":[[145.0423,-37.8222],[145.04,-37.822]]}},{"type":"Feature","id":"way/41746022","properties":{},"geometry":{"type":"LineString","coordinates":[[145.0398,-37.8219],[145.0391,-37.8218]]}},{"type":"Feature","id":"way/41746023","properties":{},"geometry":{"type":"LineString","coordinates":[[145.0357,-37.8215],[145.0354,-37.8215]]}},{"type":"Feature","id":"way/41746024","properties":{},"geometry":{"type":"LineString","coordinates":[[145.0355,-37.8214],[145.0357,-37.8214]]}},{"type":"Feature","id":"way/41746025","properties":{},"geometry":{"type":"LineString","coordinates":[[145.0355,-37.8213],[145.0357,-37.8214]]}},{"type":"Feature","id":"way/41746030","properties":{},"geometry":{"type":"LineString","coordinates":[[145.0398,-37.8219],[145.0391,-37.8218]]}},{"type":"Feature","id":"way/41746032","properties":{},"geometry":{"type":"LineString","coordinates":[[145.0357,-37.8214],[145.039,-37.8217]]}},{"type":"Feature","id":"way/41746544","properties":{},"geometry":{"type":"LineString","coordinates":[[145.0354,-37.8215],[145.0264,-37.8207],[145.0243,-37.8212],[145.0223,-37.8225]]}},{"type":"Feature","id":"way/41746552","properties":{},"geometry":{"type":"LineString","coordinates":[[145.0176,-37.8255],[145.0238,-37.8214],[145.0254,-37.8208],[145.0271,-37.8206],[145.0355,-37.8214]]}},{"type":"Feature","id":"way/41746626","properties":{},"geometry":{"type":"LineString","coordinates":[[145.0176,-37.8255],[145.0222,-37.8225]]}},{"type":"Feature","id":"way/41746804","properties":{},"geometry":{"type":"LineString","coordinates":[[145.0168,-37.826],[145.0176,-37.8255]]}},{"type":"Feature","id":"way/41746806","properties":{},"geometry":{"type":"LineString","coordinates":[[145.0176,-37.8256],[145.0168,-37.826]]}},{"type":"Feature","id":"way/41746881","properties":{},"geometry":{"type":"LineString","coordinates":[[145.0168,-37.826],[145.0135,-37.8276],[145.0103,-37.8279]]}},{"type":"Feature","id":"way/41746900","properties":{},"geometry":{"type":"LineString","coordinates":[[145.0205,-37.8303],[145.0194,-37.8288],[145.0175,-37.8278],[145.0091,-37.8278]]}},{"type":"Feature","id":"way/41746945","properties":{},"geometry":{"type":"LineString","coordinates":[[145.0091,-37.8276],[145.0136,-37.8275],[145.0168,-37.826]]}},{"type":"Feature","id":"way/41746953","properties":{},"geometry":{"type":"LineString","coordinates":[[145.0168,-37.826],[145.0135,-37.8276],[145.0101,-37.8279]]}},{"type":"Feature","id":"way/42712780","properties":{},"geometry":{"type":"LineString","coordinates":[[145.1274,-38.14],[145.1309,-38.1317]]}},{"type":"Feature","id":"way/43666122","properties":{},"geometry":{"type":"LineString","coordinates":[[145.1267,-38.087],[145.1277,-38.089],[145.1282,-38.0911],[145.1283,-38.1063],[145.1287,-38.108],[145.1296,-38.1095]]}},{"type":"Feature","id":"way/43666127","properties":{},"geometry":{"type":"LineString","coordinates":[[145.1266,-38.0867],[145.1267,-38.087]]}},{"type":"Feature","id":"way/43666141","properties":{},"geometry":{"type":"LineString","coordinates":[[145.1219,-38.073],[145.1221,-38.0736]]}},{"type":"Feature","id":"way/43666142","properties":{},"geometry":{"type":"LineString","coordinates":[[145.1217,-38.0723],[145.1219,-38.073]]}},{"type":"Feature","id":"way/43668060","properties":{},"geometry":{"type":"LineString","coordinates":[[145.0953,-38.0174],[145.1002,-38.024],[145.1062,-38.0341]]}},{"type":"Feature","id":"way/43871465","properties":{},"geometry":{"type":"LineString","coordinates":[[145.0838,-38.0009],[145.0841,-38.0014]]}},{"type":"Feature","id":"way/44547033","properties":{},"geometry":{"type":"LineString","coordinates":[[145.2164,-37.8186],[145.2176,-37.8186]]}},{"type":"Feature","id":"way/44547034","properties":{},"geometry":{"type":"LineString","coordinates":[[145.2176,-37.8186],[145.2203,-37.8184]]}},{"type":"Feature","id":"way/44547035","properties":{},"geometry":{"type":"LineString","coordinates":[[145.2203,-37.8184],[145.2205,-37.8184]]}},{"type":"Feature","id":"way/44547036","properties":{},"geometry":{"type":"LineString","coordinates":[[145.2205,-37.8184],[145.2237,-37.818],[145.2271,-37.8167]]}},{"type":"Feature","id":"way/45047786","properties":{},"geometry":{"type":"LineString","coordinates":[[145.2271,-37.8167],[145.2273,-37.8166]]}},{"type":"Feature","id":"way/45047902","properties":{},"geometry":{"type":"LineString","coordinates":[[145.2273,-37.8166],[145.2302,-37.8153]]}},{"type":"Feature","id":"way/45049254","properties":{},"geometry":{"type":"LineString","coordinates":[[145.2274,-37.8165],[145.2279,-37.8164]]}},{"type":"Feature","id":"way/45049258","properties":{},"geometry":{"type":"LineString","coordinates":[[145.2279,-37.8164],[145.2274,-37.8166]]}},{"type":"Feature","id":"way/45170010","properties":{},"geometry":{"type":"LineString","coordinates":[[144.8224,-37.8511],[144.8227,-37.851]]}},{"type":"Feature","id":"way/45170012","properties":{},"geometry":{"type":"LineString","coordinates":[[144.7904,-37.8591],[144.8224,-37.8511]]}},{"type":"Feature","id":"way/45208644","properties":{},"geometry":{"type":"LineString","coordinates":[[145.1273,-38.1402],[145.127,-38.1409]]}},{"type":"Feature","id":"way/45208855","properties":{},"geometry":{"type":"LineString","coordinates":[[145.1274,-38.14],[145.1273,-38.1402]]}},{"type":"Feature","id":"way/45208909","properties":{},"geometry":{"type":"LineString","coordinates":[[145.1257,-38.1439],[145.1259,-38.1437]]}},{"type":"Feature","id":"way/45303056","properties":{},"geometry":{"type":"LineString","coordinates":[[145.0477,-37.9568],[145.0479,-37.9571]]}},{"type":"Feature","id":"way/45303057","properties":{},"geometry":{"type":"LineString","coordinates":[[145.0565,-37.9694],[145.0647,-37.9811]]}},{"type":"Feature","id":"way/45303229","properties":{},"geometry":{"type":"LineString","coordinates":[[145.0355,-37.9256],[145.0355,-37.9257]]}},{"type":"Feature","id":"way/45303488","properties":{},"geometry":{"type":"LineString","coordinates":[[145.037,-37.9332],[145.0371,-37.9328]]}},{"type":"Feature","id":"way/45303489","properties":{},"geometry":{"type":"LineString","coordinates":[[145.0368,-37.9339],[145.0369,-37.9335]]}},{"type":"Feature","id":"way/45303490","properties":{},"geometry":{"type":"LineString","coordinates":[[145.0364,-37.9372],[145.0365,-37.9365]]}},{"type":"Feature","id":"way/45303581","properties":{},"geometry":{"type":"LineString","coordinates":[[145.0355,-37.9256],[145.0354,-37.9257]]}},{"type":"Feature","id":"way/45303582","properties":{},"geometry":{"type":"LineString","coordinates":[[145.0354,-37.9257],[145.0355,-37.9273],[145.0371,-37.9314],[145.037,-37.9332]]}},{"type":"Feature","id":"way/45305151","properties":{},"geometry":{"type":"LineString","coordinates":[[145.0408,-37.8974],[145.0407,-37.8975]]}},{"type":"Feature","id":"way/45305152","properties":{},"geometry":{"type":"LineString","coordinates":[[145.0407,-37.8974],[145.0407,-37.8975]]}},{"type":"Feature","id":"way/45305153","properties":{},"geometry":{"type":"LineString","coordinates":[[145.038,-37.9122],[145.0374,-37.9155]]}},{"type":"Feature","id":"way/45305154","properties":{},"geometry":{"type":"LineString","coordinates":[[145.038,-37.9122],[145.0374,-37.9155]]}},{"type":"Feature","id":"way/45305946","properties":{},"geometry":{"type":"LineString","coordinates":[[145.0444,-37.8787],[145.0425,-37.8773]]}},{"type":"Feature","id":"way/45305950","properties":{},"geometry":{"type":"LineString","coordinates":[[145.0412,-37.8765],[145.0408,-37.8763]]}},{"type":"Feature","id":"way/45305952","properties":{},"geometry":{"type":"LineString","coordinates":[[145.0438,-37.8784],[145.0442,-37.8787]]}},{"type":"Feature","id":"way/45305954","properties":{},"geometry":{"type":"LineString","coordinates":[[145.0399,-37.8755],[145.0414,-37.8766]]}},{"type":"Feature","id":"way/45305955","properties":{},"geometry":{"type":"LineString","coordinates":[[145.044,-37.8783],[145.0444,-37.8786]]}},{"type":"Feature","id":"way/45306173","properties":{},"geometry":{"type":"LineString","coordinates":[[145.0354,-37.8715],[145.0397,-37.8754]]}},{"type":"Feature","id":"way/45306179","properties":{},"geometry":{"type":"LineString","coordinates":[[145.0397,-37.8754],[145.0353,-37.8715]]}},{"type":"Feature","id":"way/45306195","properties":{},"geometry":{"type":"LineString","coordinates":[[145.0397,-37.8754],[145.0399,-37.8755]]}},{"type":"Feature","id":"way/45306208","properties":{},"geometry":{"type":"LineString","coordinates":[[145.0444,-37.8787],[145.0446,-37.8788]]}},{"type":"Feature","id":"way/45306210","properties":{},"geometry":{"type":"LineString","coordinates":[[145.0446,-37.8789],[145.0444,-37.8787]]}},{"type":"Feature","id":"way/45306218","properties":{},"geometry":{"type":"LineString","coordinates":[[145.0433,-37.8781],[145.0421,-37.8774]]}},{"type":"Feature","id":"way/45306219","properties":{},"geometry":{"type":"LineString","coordinates":[[145.0449,-37.8792],[145.0446,-37.879]]}},{"type":"Feature","id":"way/45306825","properties":{},"geometry":{"type":"LineString","coordinates":[[145.0317,-37.8683],[145.0248,-37.862],[145.0116,-37.8486],[145.0096,-37.8475],[144.9988,-37.8433]]}},{"type":"Feature","id":"way/45307144","properties":{},"geometry":{"type":"LineString","coordinates":[[144.9957,-37.842],[144.9987,-37.8433]]}},{"type":"Feature","id":"way/45307294","properties":{},"geometry":{"type":"LineString","coordinates":[[145.0353,-37.8716],[145.0396,-37.8754]]}},{"type":"Feature","id":"way/45307332","properties":{},"geometry":{"type":"LineString","coordinates":[[145.032,-37.8684],[145.0353,-37.8714]]}},{"type":"Feature","id":"way/45307409","properties":{},"geometry":{"type":"LineString","coordinates":[[144.9989,-37.8433],[145.0097,-37.8475],[145.0118,-37.8487],[145.0248,-37.862],[145.0317,-37.8682]]}},{"type":"Feature","id":"way/45307419","properties":{},"geometry":{"type":"LineString","coordinates":[[145.0319,-37.8684],[145.0317,-37.8683]]}},{"type":"Feature","id":"way/45307437","properties":{},"geometry":{"type":"LineString","coordinates":[[145.0353,-37.8714],[145.0319,-37.8684]]}},{"type":"Feature","id":"way/45307440","properties":{},"geometry":{"type":"LineString","coordinates":[[145.0316,-37.8683],[145.0319,-37.8685]]}},{"type":"Feature","id":"way/45308264","properties":{},"geometry":{"type":"LineString","coordinates":[[144.9887,-37.8237],[144.9901,-37.8241]]}},{"type":"Feature","id":"way/45308534","properties":{},"geometry":{"type":"LineString","coordinates":[[144.9931,-37.8342],[144.9922,-37.8389]]}},{"type":"Feature","id":"way/45308535","properties":{},"geometry":{"type":"LineString","coordinates":[[144.9948,-37.8417],[144.9947,-37.8416]]}},{"type":"Feature","id":"way/45308539","properties":{},"geometry":{"type":"LineString","coordinates":[[144.9987,-37.8432],[144.9957,-37.842]]}},{"type":"Feature","id":"way/45309219","properties":{},"geometry":{"type":"LineString","coordinates":[[144.9919,-37.8251],[144.9932,-37.8261],[144.9939,-37.8272]]}},{"type":"Feature","id":"way/45309220","properties":{},"geometry":{"type":"LineString","coordinates":[[144.9934,-37.8328],[144.9931,-37.8342]]}},{"type":"Feature","id":"way/45309221","properties":{},"geometry":{"type":"LineString","coordinates":[[144.9935,-37.8328],[144.994,-37.8303]]}},{"type":"Feature","id":"way/45309222","properties":{},"geometry":{"type":"LineString","coordinates":[[144.9932,-37.8342],[144.9935,-37.8328]]}},{"type":"Feature","id":"way/45309224","properties":{},"geometry":{"type":"LineString","coordinates":[[144.9933,-37.8328],[144.993,-37.8342]]}},{"type":"Feature","id":"way/45310078","properties":{},"geometry":{"type":"LineString","coordinates":[[144.993,-37.8342],[144.9921,-37.8388]]}},{"type":"Feature","id":"way/45320355","properties":{},"geometry":{"type":"LineString","coordinates":[[145.2117,-37.991],[145.2113,-37.9908]]}},{"type":"Feature","id":"way/45320389","properties":{},"geometry":{"type":"LineString","coordinates":[[145.2119,-37.9911],[145.2124,-37.9912]]}},{"type":"Feature","id":"way/45320398","properties":{},"geometry":{"type":"LineString","coordinates":[[145.2112,-37.9906],[145.2115,-37.9909]]}},{"type":"Feature","id":"way/45320402","properties":{},"geometry":{"type":"LineString","coordinates":[[145.2082,-37.9893],[145.2086,-37.9895]]}},{"type":"Feature","id":"way/45320429","properties":{},"geometry":{"type":"LineString","coordinates":[[145.212,-37.991],[145.2134,-37.9918]]}},{"type":"Feature","id":"way/45320432","properties":{},"geometry":{"type":"LineString","coordinates":[[145.2117,-37.9909],[145.2115,-37.9909]]}},{"type":"Feature","id":"way/45320434","properties":{},"geometry":{"type":"LineString","coordinates":[[145.2119,-37.9911],[145.2117,-37.991]]}},{"type":"Feature","id":"way/45320437","properties":{},"geometry":{"type":"LineString","coordinates":[[145.212,-37.991],[145.2117,-37.9909]]}},{"type":"Feature","id":"way/45320441","properties":{},"geometry":{"type":"LineString","coordinates":[[145.2143,-37.9929],[145.214,-37.9925]]}},{"type":"Feature","id":"way/45320443","properties":{},"geometry":{"type":"LineString","coordinates":[[145.2142,-37.9929],[145.214,-37.9925]]}},{"type":"Feature","id":"way/45320444","properties":{},"geometry":{"type":"LineString","coordinates":[[145.2293,-38.0148],[145.2234,-38.0012],[145.2223,-38.0002],[145.2192,-37.9987],[145.2176,-37.9976],[145.2142,-37.9929]]}},{"type":"Feature","id":"way/45321509","properties":{},"geometry":{"type":"LineString","coordinates":[[145.2152,-37.9942],[145.2155,-37.9949]]}},{"type":"Feature","id":"way/45321536","properties":{},"geometry":{"type":"LineString","coordinates":[[145.2244,-38.0042],[145.2202,-38.0036]]}},{"type":"Feature","id":"way/45321557","properties":{},"geometry":{"type":"LineString","coordinates":[[145.2258,-38.0066],[145.2259,-38.0069]]}},{"type":"Feature","id":"way/45322918","properties":{},"geometry":{"type":"LineString","coordinates":[[145.279,-38.0986],[145.2773,-38.0972],[145.2538,-38.0662],[145.2395,-38.0376]]}},{"type":"Feature","id":"way/45323202","properties":{},"geometry":{"type":"LineString","coordinates":[[145.2395,-38.0375],[145.2538,-38.0661],[145.2772,-38.097],[145.2785,-38.0982]]}},{"type":"Feature","id":"way/45324370","properties":{},"geometry":{"type":"LineString","coordinates":[[145.2813,-38.1001],[145.279,-38.0986]]}},{"type":"Feature","id":"way/45325384","properties":{},"geometry":{"type":"LineString","coordinates":[[145.235,-38.0059],[145.2218,-37.9999]]}},{"type":"Feature","id":"way/45326224","properties":{},"geometry":{"type":"LineString","coordinates":[[145.287,-38.0196],[145.2873,-38.0197]]}},{"type":"Feature","id":"way/45326230","properties":{},"geometry":{"type":"LineString","coordinates":[[145.2681,-38.0177],[145.2604,-38.0167],[145.2575,-38.016],[145.2353,-38.006]]}},{"type":"Feature","id":"way/45326231","properties":{},"geometry":{"type":"LineString","coordinates":[[145.2872,-38.0197],[145.2869,-38.0196]]}},{"type":"Feature","id":"way/45350118","properties":{},"geometry":{"type":"LineString","coordinates":[[145.1964,-37.9814],[145.1966,-37.9815]]}},{"type":"Feature","id":"way/45350150","properties":{},"geometry":{"type":"LineString","coordinates":[[145.1965,-37.9815],[145.1964,-37.9814]]}},{"type":"Feature","id":"way/45350154","properties":{},"geometry":{"type":"LineString","coordinates":[[145.1964,-37.9814],[145.1883,-37.9759]]}},{"type":"Feature","id":"way/45360110","properties":{},"geometry":{"type":"LineString","coordinates":[[145.0898,-37.9015],[145.0858,-37.8986],[145.078,-37.895]]}},{"type":"Feature","id":"way/45360111","properties":{},"geometry":{"type":"LineString","coordinates":[[145.0935,-37.9043],[145.0943,-37.9049]]}},{"type":"Feature","id":"way/45360884","properties":{},"geometry":{"type":"LineString","coordinates":[[145.1391,-37.9387],[145.1394,-37.9389]]}},{"type":"Feature","id":"way/45360890","properties":{},"geometry":{"type":"LineString","coordinates":[[145.1399,-37.9392],[145.1403,-37.9395]]}},{"type":"Feature","id":"way/45367188","properties":{},"geometry":{"type":"LineString","coordinates":[[145.0091,-37.8276],[145.0103,-37.8278]]}},{"type":"Feature","id":"way/45367189","properties":{},"geometry":{"type":"LineString","coordinates":[[145.0096,-37.8277],[145.0103,-37.8279]]}},{"type":"Feature","id":"way/45367190","properties":{},"geometry":{"type":"LineString","coordinates":[[144.9888,-37.8235],[144.9902,-37.8239]]}},{"type":"Feature","id":"way/45367195","properties":{},"geometry":{"type":"LineString","coordinates":[[144.995,-37.8262],[144.9957,-37.8262]]}},{"type":"Feature","id":"way/45367197","properties":{},"geometry":{"type":"LineString","coordinates":[[144.9956,-37.8263],[144.995,-37.8262]]}},{"type":"Feature","id":"way/45367201","properties":{},"geometry":{"type":"LineString","coordinates":[[145.0091,-37.8278],[144.9956,-37.8263]]}},{"type":"Feature","id":"way/45367362","properties":{},"geometry":{"type":"LineString","coordinates":[[145.0091,-37.8277],[145.0103,-37.8278]]}},{"type":"Feature","id":"way/45367475","properties":{},"geometry":{"type":"LineString","coordinates":[[145.0037,-37.8272],[145.0027,-37.8271]]}},{"type":"Feature","id":"way/45367476","properties":{},"geometry":{"type":"LineString","coordinates":[[145.0059,-37.8274],[145.0068,-37.8274]]}},{"type":"Feature","id":"way/45367477","properties":{},"geometry":{"type":"LineString","coordinates":[[145.0099,-37.8278],[145.0093,-37.8278]]}},{"type":"Feature","id":"way/45367554","properties":{},"geometry":{"type":"LineString","coordinates":[[145.0101,-37.8279],[145.0091,-37.8278]]}},{"type":"Feature","id":"way/45367859","properties":{},"geometry":{"type":"LineString","coordinates":[[145.0214,-37.8327],[145.0205,-37.8303]]}},{"type":"Feature","id":"way/45368100","properties":{},"geometry":{"type":"LineString","coordinates":[[144.9939,-37.8272],[144.9932,-37.8261],[144.9918,-37.8251]]}},{"type":"Feature","id":"way/45368155","properties":{},"geometry":{"type":"LineString","coordinates":[[144.994,-37.8272],[144.9933,-37.8262],[144.992,-37.8251]]}},{"type":"Feature","id":"way/45368251","properties":{},"geometry":{"type":"LineString","coordinates":[[144.9809,-37.8203],[144.9795,-37.8197]]}},{"type":"Feature","id":"way/45368314","properties":{},"geometry":{"type":"LineString","coordinates":[[144.9795,-37.8197],[144.975,-37.8173],[144.9732,-37.817],[144.9717,-37.8172]]}},{"type":"Feature","id":"way/45368315","properties":{},"geometry":{"type":"LineString","coordinates":[[144.9883,-37.8238],[144.9834,-37.8222],[144.9795,-37.8197]]}},{"type":"Feature","id":"way/45368317","properties":{},"geometry":{"type":"LineString","coordinates":[[144.9705,-37.8177],[144.9727,-37.8171],[144.9746,-37.8172],[144.9795,-37.8196]]}},{"type":"Feature","id":"way/45368478","properties":{},"geometry":{"type":"LineString","coordinates":[[144.9671,-37.8187],[144.9703,-37.8177]]}},{"type":"Feature","id":"way/45368634","properties":{},"geometry":{"type":"LineString","coordinates":[[144.9705,-37.8175],[144.9707,-37.8174]]}},{"type":"Feature","id":"way/45368635","properties":{},"geometry":{"type":"LineString","coordinates":[[144.97,-37.8177],[144.9705,-37.8175]]}},{"type":"Feature","id":"way/45368639","properties":{},"geometry":{"type":"LineString","coordinates":[[144.9796,-37.8197],[144.9788,-37.8193]]}},{"type":"Feature","id":"way/45368642","properties":{},"geometry":{"type":"LineString","coordinates":[[144.9788,-37.8192],[144.9797,-37.8196]]}},{"type":"Feature","id":"way/45368651","properties":{},"geometry":{"type":"LineString","coordinates":[[144.9841,-37.8224],[144.9848,-37.8226]]}},{"type":"Feature","id":"way/45368656","properties":{},"geometry":{"type":"LineString","coordinates":[[144.9916,-37.8249],[144.9901,-37.8242]]}},{"type":"Feature","id":"way/45368669","properties":{},"geometry":{"type":"LineString","coordinates":[[144.9852,-37.8227],[144.9859,-37.8231]]}},{"type":"Feature","id":"way/45368673","properties":{},"geometry":{"type":"LineString","coordinates":[[144.9862,-37.8232],[144.9859,-37.8231]]}},{"type":"Feature","id":"way/45368682","properties":{},"geometry":{"type":"LineString","coordinates":[[144.9848,-37.8227],[144.9839,-37.8223]]}},{"type":"Feature","id":"way/45368694","properties":{},"geometry":{"type":"LineString","coordinates":[[144.9839,-37.8223],[144.982,-37.8213]]}},{"type":"Feature","id":"way/45368770","properties":{},"geometry":{"type":"LineString","coordinates":[[144.9795,-37.8196],[144.9809,-37.8203]]}},{"type":"Feature","id":"way/45403042","properties":{},"geometry":{"type":"LineString","coordinates":[[144.9838,-37.8219],[144.9876,-37.8231]]}},{"type":"Feature","id":"way/45403045","properties":{},"geometry":{"type":"LineString","coordinates":[[144.9876,-37.8231],[144.9885,-37.8233]]}},{"type":"Feature","id":"way/45403046","properties":{},"geometry":{"type":"LineString","coordinates":[[144.9885,-37.8233],[144.9888,-37.8234]]}},{"type":"Feature","id":"way/45403050","properties":{},"geometry":{"type":"LineString","coordinates":[[144.9798,-37.8194],[144.984,-37.8218],[144.9885,-37.8234]]}},{"type":"Feature","id":"way/45403063","properties":{},"geometry":{"type":"LineString","coordinates":[[144.9923,-37.8252],[144.9936,-37.8262],[144.9941,-37.8272]]}},{"type":"Feature","id":"way/45403070","properties":{},"geometry":{"type":"LineString","coordinates":[[144.992,-37.8249],[144.9923,-37.8252]]}},{"type":"Feature","id":"way/45403071","properties":{},"geometry":{"type":"LineString","coordinates":[[144.9922,-37.8249],[144.9902,-37.8239]]}},{"type":"Feature","id":"way/45403073","properties":{},"geometry":{"type":"LineString","coordinates":[[144.9921,-37.8249],[144.9902,-37.824]]}},{"type":"Feature","id":"way/45407597","properties":{},"geometry":{"type":"LineString","coordinates":[[144.9814,-37.8205],[144.9838,-37.8219]]}},{"type":"Feature","id":"way/45407599","properties":{},"geometry":{"type":"LineString","coordinates":[[144.9792,-37.8191],[144.9798,-37.8194]]}},{"type":"Feature","id":"way/45407603","properties":{},"geometry":{"type":"LineString","coordinates":[[144.9828,-37.8213],[144.9812,-37.8205]]}},{"type":"Feature","id":"way/45407604","properties":{},"geometry":{"type":"LineString","coordinates":[[144.9817,-37.8208],[144.9827,-37.8213]]}},{"type":"Feature","id":"way/45414614","properties":{},"geometry":{"type":"LineString","coordinates":[[145.0622,-37.8681],[145.0619,-37.8679]]}},{"type":"Feature","id":"way/45414617","properties":{},"geometry":{"type":"LineString","coordinates":[[145.0786,-37.877],[145.0719,-37.8775],[145.0701,-37.8772]]}},{"type":"Feature","id":"way/45414753","properties":{},"geometry":{"type":"LineString","coordinates":[[145.1475,-37.8761],[145.1396,-37.8753],[145.1228,-37.8753]]}},{"type":"Feature","id":"way/45414770","properties":{},"geometry":{"type":"LineString","coordinates":[[145.1226,-37.8753],[145.1161,-37.8748],[145.1109,-37.8733]]}},{"type":"Feature","id":"way/45414771","properties":{},"geometry":{"type":"LineString","coordinates":[[145.1228,-37.8753],[145.1226,-37.8753]]}},{"type":"Feature","id":"way/45414790","properties":{},"geometry":{"type":"LineString","coordinates":[[145.0805,-37.8769],[145.0786,-37.877]]}},{"type":"Feature","id":"way/45414799","properties":{},"geometry":{"type":"LineString","coordinates":[[145.0999,-37.8736],[145.0997,-37.8737]]}},{"type":"Feature","id":"way/45414800","properties":{},"geometry":{"type":"LineString","coordinates":[[145.0997,-37.8737],[145.0921,-37.8742]]}},{"type":"Feature","id":"way/45414805","properties":{},"geometry":{"type":"LineString","coordinates":[[145.0916,-37.8743],[145.0805,-37.8769]]}},{"type":"Feature","id":"way/45414807","properties":{},"geometry":{"type":"LineString","coordinates":[[145.0921,-37.8742],[145.0916,-37.8743]]}},{"type":"Feature","id":"way/45414963","properties":{},"geometry":{"type":"LineString","coordinates":[[144.9843,-37.8223],[144.9824,-37.8213]]}},{"type":"Feature","id":"way/45414966","properties":{},"geometry":{"type":"LineString","coordinates":[[144.9854,-37.8228],[144.9843,-37.8223]]}},{"type":"Feature","id":"way/45415003","properties":{},"geometry":{"type":"LineString","coordinates":[[144.9884,-37.8236],[144.984,-37.8222],[144.9809,-37.8203]]}},{"type":"Feature","id":"way/45415043","properties":{},"geometry":{"type":"LineString","coordinates":[[144.9784,-37.8189],[144.979,-37.8193]]}},{"type":"Feature","id":"way/45415048","properties":{},"geometry":{"type":"LineString","coordinates":[[145.0635,-37.8265],[145.064,-37.8264]]}},{"type":"Feature","id":"way/45415049","properties":{},"geometry":{"type":"LineString","coordinates":[[144.9781,-37.8187],[144.9775,-37.8182]]}},{"type":"Feature","id":"way/45415050","properties":{},"geometry":{"type":"LineString","coordinates":[[145.0627,-37.8265],[145.0632,-37.8265]]}},{"type":"Feature","id":"way/45415052","properties":{},"geometry":{"type":"LineString","coordinates":[[144.9775,-37.8182],[144.9782,-37.8187]]}},{"type":"Feature","id":"way/45415053","properties":{},"geometry":{"type":"LineString","coordinates":[[144.9785,-37.8189],[144.9792,-37.8194]]}},{"type":"Feature","id":"way/45415054","properties":{},"geometry":{"type":"LineString","coordinates":[[144.9704,-37.8174],[144.9707,-37.8173]]}},{"type":"Feature","id":"way/45415061","properties":{},"geometry":{"type":"LineString","coordinates":[[145.061,-37.8265],[145.065,-37.8264],[145.0711,-37.8255]]}},{"type":"Feature","id":"way/45415062","properties":{},"geometry":{"type":"LineString","coordinates":[[145.0711,-37.8255],[145.0712,-37.8255]]}},{"type":"Feature","id":"way/45415064","properties":{},"geometry":{"type":"LineString","coordinates":[[145.0712,-37.8255],[145.0711,-37.8255]]}},{"type":"Feature","id":"way/45415065","properties":{},"geometry":{"type":"LineString","coordinates":[[145.0711,-37.8255],[145.0651,-37.8264],[145.0616,-37.8265]]}},{"type":"Feature","id":"way/45415071","properties":{},"geometry":{"type":"LineString","coordinates":[[145.0815,-37.8243],[145.0823,-37.824]]}},{"type":"Feature","id":"way/45415072","properties":{},"geometry":{"type":"LineString","coordinates":[[145.0765,-37.8258],[145.0783,-37.8257],[145.0799,-37.8251]]}},{"type":"Feature","id":"way/45415073","properties":{},"geometry":{"type":"LineString","coordinates":[[145.0824,-37.824],[145.0815,-37.8244]]}},{"type":"Feature","id":"way/45415081","properties":{},"geometry":{"type":"LineString","coordinates":[[144.9711,-37.8173],[144.9705,-37.8174]]}},{"type":"Feature","id":"way/45415149","properties":{},"geometry":{"type":"LineString","coordinates":[[145.0824,-37.824],[145.0853,-37.8236],[145.0933,-37.8249]]}},{"type":"Feature","id":"way/45415184","properties":{},"geometry":{"type":"LineString","coordinates":[[145.0955,-37.8249],[145.0992,-37.8237],[145.1062,-37.8191],[145.1081,-37.8184]]}},{"type":"Feature","id":"way/45415187","properties":{},"geometry":{"type":"LineString","coordinates":[[145.1123,-37.8182],[145.1146,-37.8182]]}},{"type":"Feature","id":"way/45415188","properties":{},"geometry":{"type":"LineString","coordinates":[[145.1146,-37.8182],[145.1149,-37.8182]]}},{"type":"Feature","id":"way/45415194","properties":{},"geometry":{"type":"LineString","coordinates":[[145.1146,-37.8183],[145.1149,-37.8183]]}},{"type":"Feature","id":"way/45415195","properties":{},"geometry":{"type":"LineString","coordinates":[[145.1149,-37.8183],[145.1198,-37.819]]}},{"type":"Feature","id":"way/45415196","properties":{},"geometry":{"type":"LineString","coordinates":[[145.1123,-37.8182],[145.1146,-37.8183]]}},{"type":"Feature","id":"way/45415197","properties":{},"geometry":{"type":"LineString","coordinates":[[145.1122,-37.8182],[145.1123,-37.8182]]}},{"type":"Feature","id":"way/45415198","properties":{},"geometry":{"type":"LineString","coordinates":[[145.1168,-37.8185],[145.1179,-37.8187]]}},{"type":"Feature","id":"way/45415199","properties":{},"geometry":{"type":"LineString","coordinates":[[145.1413,-37.8204],[145.1434,-37.8197],[145.1465,-37.82]]}},{"type":"Feature","id":"way/45415210","properties":{},"geometry":{"type":"LineString","coordinates":[[145.1272,-37.8201],[145.1261,-37.8199]]}},{"type":"Feature","id":"way/45415339","properties":{},"geometry":{"type":"LineString","coordinates":[[145.1483,-37.8201],[145.1472,-37.8201]]}},{"type":"Feature","id":"way/45415342","properties":{},"geometry":{"type":"LineString","coordinates":[[145.1465,-37.82],[145.1525,-37.8202]]}},{"type":"Feature","id":"way/45415343","properties":{},"geometry":{"type":"LineString","coordinates":[[145.1483,-37.8201],[145.151,-37.8201]]}},{"type":"Feature","id":"way/45415434","properties":{},"geometry":{"type":"LineString","coordinates":[[144.9772,-37.818],[144.9755,-37.8171],[144.9739,-37.8167],[144.9723,-37.8167],[144.9703,-37.8172]]}},{"type":"Feature","id":"way/45415435","properties":{},"geometry":{"type":"LineString","coordinates":[[144.982,-37.8213],[144.9763,-37.817],[144.9723,-37.8094],[144.9712,-37.8085],[144.9699,-37.8081],[144.9682,-37.8082],[144.9513,-37.8131],[144.9505,-37.8136],[144.9498,-37.8145],[144.9497,-37.8155],[144.9501,-37.8163]]}},{"type":"Feature","id":"way/45415444","properties":{},"geometry":{"type":"LineString","coordinates":[[144.9809,-37.8203],[144.9749,-37.817],[144.9727,-37.8168],[144.9704,-37.8174]]}},{"type":"Feature","id":"way/45415490","properties":{},"geometry":{"type":"LineString","coordinates":[[144.9708,-37.8176],[144.9713,-37.8174]]}},{"type":"Feature","id":"way/45416385","properties":{},"geometry":{"type":"LineString","coordinates":[[145.1403,-37.8209],[145.1413,-37.8204]]}},{"type":"Feature","id":"way/45416386","properties":{},"geometry":{"type":"LineString","coordinates":[[145.1237,-37.8195],[145.1272,-37.8201]]}},{"type":"Feature","id":"way/45456152","properties":{},"geometry":{"type":"LineString","coordinates":[[145.23,-37.8155],[145.2283,-37.8162]]}},{"type":"Feature","id":"way/45456171","properties":{},"geometry":{"type":"LineString","coordinates":[[145.23,-37.8155],[145.2306,-37.8152]]}},{"type":"Feature","id":"way/45456222","properties":{},"geometry":{"type":"LineString","coordinates":[[145.231,-37.815],[145.2306,-37.8152]]}},{"type":"Feature","id":"way/45456248","properties":{},"geometry":{"type":"LineString","coordinates":[[145.232,-37.8145],[145.2314,-37.8148]]}},{"type":"Feature","id":"way/45456281","properties":{},"geometry":{"type":"LineString","coordinates":[[145.239,-37.8181],[145.2457,-37.8303],[145.2468,-37.8316],[145.2491,-37.8327],[145.2599,-37.8348],[145.2628,-37.8363]]}},{"type":"Feature","id":"way/45467361","properties":{},"geometry":{"type":"LineString","coordinates":[[145.2655,-37.839],[145.2659,-37.8393]]}},{"type":"Feature","id":"way/45467890","properties":{},"geometry":{"type":"LineString","coordinates":[[145.2858,-37.8629],[145.2849,-37.861]]}},{"type":"Feature","id":"way/45467973","properties":{},"geometry":{"type":"LineString","coordinates":[[145.2901,-37.8723],[145.2912,-37.8738],[145.2932,-37.8776]]}},{"type":"Feature","id":"way/45468222","properties":{},"geometry":{"type":"LineString","coordinates":[[145.31,-37.893],[145.3138,-37.8931]]}},{"type":"Feature","id":"way/45468521","properties":{},"geometry":{"type":"LineString","coordinates":[[145.3545,-37.9098],[145.3556,-37.9087]]}},{"type":"Feature","id":"way/45468641","properties":{},"geometry":{"type":"LineString","coordinates":[[145.3334,-37.905],[145.3294,-37.9022]]}},{"type":"Feature","id":"way/45469072","properties":{},"geometry":{"type":"LineString","coordinates":[[145.231,-37.815],[145.2306,-37.8152]]}},{"type":"Feature","id":"way/45469074","properties":{},"geometry":{"type":"LineString","coordinates":[[145.2313,-37.8148],[145.2311,-37.815]]}},{"type":"Feature","id":"way/45476743","properties":{},"geometry":{"type":"LineString","coordinates":[[144.9926,-37.8098],[144.9926,-37.8096]]}},{"type":"Feature","id":"way/45476744","properties":{},"geometry":{"type":"LineString","coordinates":[[144.9924,-37.811],[144.9926,-37.8098]]}},{"type":"Feature","id":"way/45476749","properties":{},"geometry":{"type":"LineString","coordinates":[[144.9924,-37.8112],[144.9924,-37.811]]}},{"type":"Feature","id":"way/45476751","properties":{},"geometry":{"type":"LineString","coordinates":[[144.9923,-37.8117],[144.9924,-37.8112]]}},{"type":"Feature","id":"way/45476752","properties":{},"geometry":{"type":"LineString","coordinates":[[144.9922,-37.8118],[144.9923,-37.8117]]}},{"type":"Feature","id":"way/45476753","properties":{},"geometry":{"type":"LineString","coordinates":[[144.992,-37.813],[144.9922,-37.8118]]}},{"type":"Feature","id":"way/45476754","properties":{},"geometry":{"type":"LineString","coordinates":[[144.992,-37.8131],[144.992,-37.813]]}},{"type":"Feature","id":"way/45476755","properties":{},"geometry":{"type":"LineString","coordinates":[[144.9919,-37.8138],[144.992,-37.8131]]}},{"type":"Feature","id":"way/45476756","properties":{},"geometry":{"type":"LineString","coordinates":[[144.9919,-37.814],[144.9919,-37.8138]]}},{"type":"Feature","id":"way/45476757","properties":{},"geometry":{"type":"LineString","coordinates":[[144.9909,-37.8155],[144.9919,-37.814]]}},{"type":"Feature","id":"way/45476765","properties":{},"geometry":{"type":"LineString","coordinates":[[144.9892,-37.8165],[144.9899,-37.8162]]}},{"type":"Feature","id":"way/45476766","properties":{},"geometry":{"type":"LineString","coordinates":[[144.9876,-37.8168],[144.9892,-37.8165]]}},{"type":"Feature","id":"way/45476768","properties":{},"geometry":{"type":"LineString","coordinates":[[144.9811,-37.8162],[144.9876,-37.8168]]}},{"type":"Feature","id":"way/45477592","properties":{},"geometry":{"type":"LineString","coordinates":[[144.9953,-37.7937],[144.9952,-37.7926]]}},{"type":"Feature","id":"way/45477593","properties":{},"geometry":{"type":"LineString","coordinates":[[144.9952,-37.7926],[144.9952,-37.7924]]}},{"type":"Feature","id":"way/45477594","properties":{},"geometry":{"type":"LineString","coordinates":[[144.995,-37.7916],[144.9951,-37.7911]]}},{"type":"Feature","id":"way/45477597","properties":{},"geometry":{"type":"LineString","coordinates":[[144.9951,-37.7909],[144.9951,-37.7905]]}},{"type":"Feature","id":"way/45477605","properties":{},"geometry":{"type":"LineString","coordinates":[[144.9957,-37.7873],[144.9956,-37.788]]}},{"type":"Feature","id":"way/45477608","properties":{},"geometry":{"type":"LineString","coordinates":[[144.9957,-37.7868],[144.9962,-37.7856]]}},{"type":"Feature","id":"way/45477609","properties":{},"geometry":{"type":"LineString","coordinates":[[144.9955,-37.7877],[144.9957,-37.7873]]}},{"type":"Feature","id":"way/45477610","properties":{},"geometry":{"type":"LineString","coordinates":[[144.9952,-37.7924],[144.995,-37.7909],[144.9955,-37.7877]]}},{"type":"Feature","id":"way/45477926","properties":{},"geometry":{"type":"LineString","coordinates":[[144.995,-37.7851],[144.9909,-37.782],[144.9907,-37.7814],[144.9911,-37.7806]]}},{"type":"Feature","id":"way/45477927","properties":{},"geometry":{"type":"LineString","coordinates":[[144.9911,-37.7806],[144.9922,-37.7797]]}},{"type":"Feature","id":"way/45478121","properties":{},"geometry":{"type":"LineString","coordinates":[[144.9971,-37.7842],[144.9993,-37.7805],[145.0003,-37.7797],[145.0015,-37.7793],[145.0218,-37.7792]]}},{"type":"Feature","id":"way/45478123","properties":{},"geometry":{"type":"LineString","coordinates":[[144.9962,-37.7856],[144.9971,-37.7842]]}},{"type":"Feature","id":"way/45478127","properties":{},"geometry":{"type":"LineString","coordinates":[[144.9955,-37.7877],[144.9957,-37.7864],[144.9952,-37.7853]]}},{"type":"Feature","id":"way/45478129","properties":{},"geometry":{"type":"LineString","coordinates":[[144.9952,-37.7853],[144.995,-37.7851]]}},{"type":"Feature","id":"way/45478189","properties":{},"geometry":{"type":"LineString","coordinates":[[144.9972,-37.784],[144.9976,-37.7835]]}},{"type":"Feature","id":"way/45478381","properties":{},"geometry":{"type":"LineString","coordinates":[[145.0345,-37.7773],[145.0357,-37.7769]]}},{"type":"Feature","id":"way/45478382","properties":{},"geometry":{"type":"LineString","coordinates":[[145.0357,-37.7769],[145.0377,-37.7758],[145.0427,-37.7701]]}},{"type":"Feature","id":"way/45478830","properties":{},"geometry":{"type":"LineString","coordinates":[[144.9932,-37.8074],[144.9933,-37.8072]]}},{"type":"Feature","id":"way/45478831","properties":{},"geometry":{"type":"LineString","coordinates":[[144.9932,-37.8077],[144.9932,-37.8076]]}},{"type":"Feature","id":"way/45478832","properties":{},"geometry":{"type":"LineString","coordinates":[[144.9932,-37.8076],[144.9932,-37.8074]]}},{"type":"Feature","id":"way/45478833","properties":{},"geometry":{"type":"LineString","coordinates":[[144.993,-37.8082],[144.9932,-37.8077]]}},{"type":"Feature","id":"way/45478835","properties":{},"geometry":{"type":"LineString","coordinates":[[144.993,-37.8083],[144.993,-37.8082]]}},{"type":"Feature","id":"way/45478836","properties":{},"geometry":{"type":"LineString","coordinates":[[144.9926,-37.8096],[144.993,-37.8083]]}},{"type":"Feature","id":"way/45479002","properties":{},"geometry":{"type":"LineString","coordinates":[[144.9941,-37.802],[144.9942,-37.8019]]}},{"type":"Feature","id":"way/45479004","properties":{},"geometry":{"type":"LineString","coordinates":[[144.9942,-37.8006],[144.9943,-37.8001]]}},{"type":"Feature","id":"way/45479005","properties":{},"geometry":{"type":"LineString","coordinates":[[144.9943,-37.8001],[144.9943,-37.7998]]}},{"type":"Feature","id":"way/45479007","properties":{},"geometry":{"type":"LineString","coordinates":[[144.9938,-37.8042],[144.994,-37.8027]]}},{"type":"Feature","id":"way/45479020","properties":{},"geometry":{"type":"LineString","coordinates":[[144.9933,-37.8072],[144.9936,-37.8052]]}},{"type":"Feature","id":"way/45479034","properties":{},"geometry":{"type":"LineString","coordinates":[[144.9936,-37.8052],[144.9936,-37.805]]}},{"type":"Feature","id":"way/45479099","properties":{},"geometry":{"type":"LineString","coordinates":[[144.9938,-37.8043],[144.9938,-37.8042]]}},{"type":"Feature","id":"way/45479105","properties":{},"geometry":{"type":"LineString","coordinates":[[144.994,-37.8027],[144.9941,-37.8025]]}},{"type":"Feature","id":"way/45479120","properties":{},"geometry":{"type":"LineString","coordinates":[[144.9942,-37.8013],[144.9942,-37.8007]]}},{"type":"Feature","id":"way/45479128","properties":{},"geometry":{"type":"LineString","coordinates":[[144.9942,-37.8019],[144.9942,-37.8014]]}},{"type":"Feature","id":"way/45479154","properties":{},"geometry":{"type":"LineString","coordinates":[[144.9953,-37.7939],[144.9953,-37.7937]]}},{"type":"Feature","id":"way/45479156","properties":{},"geometry":{"type":"LineString","coordinates":[[144.9952,-37.7946],[144.9953,-37.7939]]}},{"type":"Feature","id":"way/45479157","properties":{},"geometry":{"type":"LineString","coordinates":[[144.9949,-37.7961],[144.9952,-37.7946]]}},{"type":"Feature","id":"way/45479159","properties":{},"geometry":{"type":"LineString","coordinates":[[144.9943,-37.7998],[144.9949,-37.7961]]}},{"type":"Feature","id":"way/45479182","properties":{},"geometry":{"type":"LineString","coordinates":[[144.9947,-37.7976],[144.9947,-37.7979]]}},{"type":"Feature","id":"way/45482070","properties":{},"geometry":{"type":"LineString","coordinates":[[144.9542,-37.8209],[144.9535,-37.8204]]}},{"type":"Feature","id":"way/45482104","properties":{},"geometry":{"type":"LineString","coordinates":[[144.9511,-37.8176],[144.9529,-37.8199]]}},{"type":"Feature","id":"way/45482156","properties":{},"geometry":{"type":"LineString","coordinates":[[144.9536,-37.8202],[144.954,-37.8207]]}},{"type":"Feature","id":"way/45482160","properties":{},"geometry":{"type":"LineString","coordinates":[[144.9532,-37.8198],[144.9539,-37.8205]]}},{"type":"Feature","id":"way/45482194","properties":{},"geometry":{"type":"LineString","coordinates":[[144.953,-37.8202],[144.9528,-37.82]]}},{"type":"Feature","id":"way/45482265","properties":{},"geometry":{"type":"LineString","coordinates":[[144.9542,-37.8209],[144.9531,-37.8199]]}},{"type":"Feature","id":"way/45482270","properties":{},"geometry":{"type":"LineString","coordinates":[[144.9513,-37.8179],[144.9511,-37.8176]]}},{"type":"Feature","id":"way/45482275","properties":{},"geometry":{"type":"LineString","coordinates":[[144.9509,-37.8171],[144.9499,-37.8158]]}},{"type":"Feature","id":"way/45482277","properties":{},"geometry":{"type":"LineString","coordinates":[[144.9503,-37.8164],[144.9506,-37.8169]]}},{"type":"Feature","id":"way/45482282","properties":{},"geometry":{"type":"LineString","coordinates":[[144.9532,-37.8198],[144.9515,-37.8175]]}},{"type":"Feature","id":"way/45482353","properties":{},"geometry":{"type":"LineString","coordinates":[[144.9527,-37.8189],[144.9516,-37.8175]]}},{"type":"Feature","id":"way/45482355","properties":{},"geometry":{"type":"LineString","coordinates":[[144.9497,-37.8153],[144.9492,-37.8149]]}},{"type":"Feature","id":"way/45482383","properties":{},"geometry":{"type":"LineString","coordinates":[[144.9499,-37.8155],[144.9495,-37.815]]}},{"type":"Feature","id":"way/45482400","properties":{},"geometry":{"type":"LineString","coordinates":[[144.951,-37.8168],[144.9514,-37.8172]]}},{"type":"Feature","id":"way/45482580","properties":{},"geometry":{"type":"LineString","coordinates":[[144.9518,-37.8175],[144.9518,-37.8174]]}},{"type":"Feature","id":"way/45482597","properties":{},"geometry":{"type":"LineString","coordinates":[[144.953,-37.8187],[144.952,-37.8174]]}},{"type":"Feature","id":"way/45482748","properties":{},"geometry":{"type":"LineString","coordinates":[[144.9532,-37.8186],[144.9522,-37.8173]]}},{"type":"Feature","id":"way/45482926","properties":{},"geometry":{"type":"LineString","coordinates":[[144.9501,-37.8148],[144.9495,-37.8142]]}},{"type":"Feature","id":"way/45482934","properties":{},"geometry":{"type":"LineString","coordinates":[[144.9503,-37.8149],[144.9506,-37.8152]]}},{"type":"Feature","id":"way/45482949","properties":{},"geometry":{"type":"LineString","coordinates":[[144.9501,-37.8148],[144.9495,-37.8143]]}},{"type":"Feature","id":"way/45482961","properties":{},"geometry":{"type":"LineString","coordinates":[[144.9491,-37.8142],[144.9504,-37.8149]]}},{"type":"Feature","id":"way/45482964","properties":{},"geometry":{"type":"LineString","coordinates":[[144.9495,-37.8143],[144.949,-37.814]]}},{"type":"Feature","id":"way/45483595","properties":{},"geometry":{"type":"LineString","coordinates":[[144.9482,-37.8141],[144.9478,-37.8135]]}},{"type":"Feature","id":"way/45483600","properties":{},"geometry":{"type":"LineString","coordinates":[[144.9479,-37.8136],[144.9483,-37.8141]]}},{"type":"Feature","id":"way/45483784","properties":{},"geometry":{"type":"LineString","coordinates":[[144.9481,-37.8133],[144.9486,-37.8136]]}},{"type":"Feature","id":"way/45510393","properties":{},"geometry":{"type":"LineString","coordinates":[[144.9359,-37.803],[144.9402,-37.8056],[144.9456,-37.8117]]}},{"type":"Feature","id":"way/45510399","properties":{},"geometry":{"type":"LineString","coordinates":[[144.9456,-37.8117],[144.9458,-37.8119]]}},{"type":"Feature","id":"way/45510433","properties":{},"geometry":{"type":"LineString","coordinates":[[144.946,-37.8118],[144.9479,-37.8136],[144.951,-37.8176]]}},{"type":"Feature","id":"way/45510693","properties":{},"geometry":{"type":"LineString","coordinates":[[144.9452,-37.8112],[144.9448,-37.8109]]}},{"type":"Feature","id":"way/45510697","properties":{},"geometry":{"type":"LineString","coordinates":[[144.9457,-37.8116],[144.9409,-37.806]]}},{"type":"Feature","id":"way/45510701","properties":{},"geometry":{"type":"LineString","coordinates":[[144.9459,-37.8118],[144.9457,-37.8116]]}},{"type":"Feature","id":"way/45510830","properties":{},"geometry":{"type":"LineString","coordinates":[[144.9447,-37.8108],[144.9452,-37.8111]]}},{"type":"Feature","id":"way/45510869","properties":{},"geometry":{"type":"LineString","coordinates":[[144.9457,-37.8116],[144.9425,-37.8079]]}},{"type":"Feature","id":"way/45510882","properties":{},"geometry":{"type":"LineString","coordinates":[[144.946,-37.8118],[144.9457,-37.8116]]}},{"type":"Feature","id":"way/45510926","properties":{},"geometry":{"type":"LineString","coordinates":[[144.9426,-37.8078],[144.9458,-37.8116]]}},{"type":"Feature","id":"way/45510955","properties":{},"geometry":{"type":"LineString","coordinates":[[144.9458,-37.8116],[144.9461,-37.8118]]}},{"type":"Feature","id":"way/45511008","properties":{},"geometry":{"type":"LineString","coordinates":[[144.9461,-37.8118],[144.9458,-37.8116]]}},{"type":"Feature","id":"way/45511015","properties":{},"geometry":{"type":"LineString","coordinates":[[144.9458,-37.8116],[144.9426,-37.8077]]}},{"type":"Feature","id":"way/45511339","properties":{},"geometry":{"type":"LineString","coordinates":[[144.9416,-37.8083],[144.9411,-37.8079]]}},{"type":"Feature","id":"way/45511349","properties":{},"geometry":{"type":"LineString","coordinates":[[144.9416,-37.8082],[144.9439,-37.8091]]}},{"type":"Feature","id":"way/45511428","properties":{},"geometry":{"type":"LineString","coordinates":[[144.9439,-37.8096],[144.9452,-37.8109]]}},{"type":"Feature","id":"way/45511652","properties":{},"geometry":{"type":"LineString","coordinates":[[144.9363,-37.8024],[144.9384,-37.8035],[144.9401,-37.8049]]}},{"type":"Feature","id":"way/45511725","properties":{},"geometry":{"type":"LineString","coordinates":[[144.9429,-37.8081],[144.9426,-37.8077]]}},{"type":"Feature","id":"way/45511737","properties":{},"geometry":{"type":"LineString","coordinates":[[144.9426,-37.8078],[144.9428,-37.8082]]}},{"type":"Feature","id":"way/45511770","properties":{},"geometry":{"type":"LineString","coordinates":[[144.9439,-37.8091],[144.9447,-37.8101]]}},{"type":"Feature","id":"way/45511976","properties":{},"geometry":{"type":"LineString","coordinates":[[144.9429,-37.8083],[144.9439,-37.8096]]}},{"type":"Feature","id":"way/45512344","properties":{},"geometry":{"type":"LineString","coordinates":[[144.9409,-37.806],[144.9359,-37.803]]}},{"type":"Feature","id":"way/45513192","properties":{},"geometry":{"type":"LineString","coordinates":[[144.943,-37.8082],[144.9442,-37.8097]]}},{"type":"Feature","id":"way/45515668","properties":{},"geometry":{"type":"LineString","coordinates":[[144.9425,-37.8079],[144.939,-37.8039],[144.9363,-37.8024]]}},{"type":"Feature","id":"way/45524928","properties":{},"geometry":{"type":"LineString","coordinates":[[144.9381,-37.7891],[144.9378,-37.7894]]}},{"type":"Feature","id":"way/45525387","properties":{},"geometry":{"type":"LineString","coordinates":[[144.9495,-37.7816],[144.9475,-37.7825],[144.9442,-37.7855],[144.9421,-37.7868]]}},{"type":"Feature","id":"way/45525389","properties":{},"geometry":{"type":"LineString","coordinates":[[144.9421,-37.7868],[144.9419,-37.7869]]}},{"type":"Feature","id":"way/45525398","properties":{},"geometry":{"type":"LineString","coordinates":[[144.9419,-37.7869],[144.9409,-37.7874]]}},{"type":"Feature","id":"way/45525401","properties":{},"geometry":{"type":"LineString","coordinates":[[144.9409,-37.7874],[144.9401,-37.7878]]}},{"type":"Feature","id":"way/45525671","properties":{},"geometry":{"type":"LineString","coordinates":[[144.9333,-37.8005],[144.9358,-37.8021]]}},{"type":"Feature","id":"way/45526130","properties":{},"geometry":{"type":"LineString","coordinates":[[144.9328,-37.801],[144.9326,-37.8009]]}},{"type":"Feature","id":"way/45526135","properties":{},"geometry":{"type":"LineString","coordinates":[[144.9326,-37.8009],[144.9328,-37.801]]}},{"type":"Feature","id":"way/45526146","properties":{},"geometry":{"type":"LineString","coordinates":[[144.9199,-37.7988],[144.9326,-37.8009]]}},{"type":"Feature","id":"way/45526154","properties":{},"geometry":{"type":"LineString","coordinates":[[144.9326,-37.8008],[144.9329,-37.8009]]}},{"type":"Feature","id":"way/45526155","properties":{},"geometry":{"type":"LineString","coordinates":[[144.9203,-37.7987],[144.9326,-37.8008]]}},{"type":"Feature","id":"way/45526180","properties":{},"geometry":{"type":"LineString","coordinates":[[144.9452,-37.8109],[144.9485,-37.8131],[144.9505,-37.8134],[144.9684,-37.8083],[144.9701,-37.8083],[144.9714,-37.8088],[144.9721,-37.8095],[144.9746,-37.8145],[144.9744,-37.8154],[144.9738,-37.8161],[144.9709,-37.8171]]}},{"type":"Feature","id":"way/45528327","properties":{},"geometry":{"type":"LineString","coordinates":[[144.8925,-37.8026],[144.8946,-37.8028],[144.8995,-37.8025],[144.9011,-37.8019],[144.9054,-37.7996],[144.9086,-37.7984],[144.9125,-37.7978],[144.916,-37.7981]]}},{"type":"Feature","id":"way/45528438","properties":{},"geometry":{"type":"LineString","coordinates":[[144.916,-37.7981],[144.9124,-37.7979],[144.9086,-37.7985],[144.9057,-37.7995],[144.9011,-37.802],[144.8995,-37.8025],[144.8948,-37.8028],[144.8925,-37.8027]]}},{"type":"Feature","id":"way/45528444","properties":{},"geometry":{"type":"LineString","coordinates":[[144.902,-37.8022],[144.9049,-37.8],[144.9076,-37.7989],[144.9132,-37.7979],[144.9161,-37.7982]]}},{"type":"Feature","id":"way/45528447","properties":{},"geometry":{"type":"LineString","coordinates":[[144.9169,-37.7984],[144.9161,-37.7982]]}},{"type":"Feature","id":"way/45528450","properties":{},"geometry":{"type":"LineString","coordinates":[[144.9195,-37.7987],[144.9169,-37.7984]]}},{"type":"Feature","id":"way/45528455","properties":{},"geometry":{"type":"LineString","coordinates":[[144.9161,-37.7982],[144.9169,-37.7983]]}},{"type":"Feature","id":"way/45528458","properties":{},"geometry":{"type":"LineString","coordinates":[[144.9169,-37.7982],[144.916,-37.7981]]}},{"type":"Feature","id":"way/45528692","properties":{},"geometry":{"type":"LineString","coordinates":[[144.8985,-37.8059],[144.9003,-37.8041]]}},{"type":"Feature","id":"way/45528698","properties":{},"geometry":{"type":"LineString","coordinates":[[144.9003,-37.8041],[144.9004,-37.8039]]}},{"type":"Feature","id":"way/45528795","properties":{},"geometry":{"type":"LineString","coordinates":[[144.9066,-37.8036],[144.9022,-37.8023]]}},{"type":"Feature","id":"way/45528813","properties":{},"geometry":{"type":"LineString","coordinates":[[144.9078,-37.8039],[144.9066,-37.8036]]}},{"type":"Feature","id":"way/45528820","properties":{},"geometry":{"type":"LineString","coordinates":[[144.909,-37.8043],[144.9078,-37.8039]]}},{"type":"Feature","id":"way/45528855","properties":{},"geometry":{"type":"LineString","coordinates":[[144.9092,-37.8044],[144.9102,-37.8046]]}},{"type":"Feature","id":"way/45528866","properties":{},"geometry":{"type":"LineString","coordinates":[[144.9091,-37.8043],[144.9124,-37.8049]]}},{"type":"Feature","id":"way/45528868","properties":{},"geometry":{"type":"LineString","coordinates":[[144.9325,-37.801],[144.9225,-37.7994]]}},{"type":"Feature","id":"way/45528886","properties":{},"geometry":{"type":"LineString","coordinates":[[144.9114,-37.8048],[144.9127,-37.8046],[144.915,-37.8028]]}},{"type":"Feature","id":"way/45528923","properties":{},"geometry":{"type":"LineString","coordinates":[[144.9145,-37.8047],[144.9152,-37.8047]]}},{"type":"Feature","id":"way/45580756","properties":{},"geometry":{"type":"LineString","coordinates":[[144.8879,-37.823],[144.884,-37.838],[144.8836,-37.8417]]}},{"type":"Feature","id":"way/45580883","properties":{},"geometry":{"type":"LineString","coordinates":[[144.8352,-37.8478],[144.8398,-37.8467],[144.8438,-37.8464],[144.8577,-37.8479]]}},{"type":"Feature","id":"way/45580885","properties":{},"geometry":{"type":"LineString","coordinates":[[144.8879,-37.8227],[144.8884,-37.821]]}},{"type":"Feature","id":"way/45580887","properties":{},"geometry":{"type":"LineString","coordinates":[[144.8879,-37.823],[144.8879,-37.8227]]}},{"type":"Feature","id":"way/45580888","properties":{},"geometry":{"type":"LineString","coordinates":[[144.8884,-37.821],[144.8884,-37.8209]]}},{"type":"Feature","id":"way/45580892","properties":{},"geometry":{"type":"LineString","coordinates":[[144.8884,-37.8209],[144.8895,-37.8169],[144.8905,-37.8147],[144.8983,-37.8062]]}},{"type":"Feature","id":"way/45581264","properties":{},"geometry":{"type":"LineString","coordinates":[[144.8983,-37.8062],[144.8985,-37.8059]]}},{"type":"Feature","id":"way/45582425","properties":{},"geometry":{"type":"LineString","coordinates":[[144.8619,-37.7991],[144.8622,-37.7991]]}},{"type":"Feature","id":"way/45582447","properties":{},"geometry":{"type":"LineString","coordinates":[[144.842,-37.7962],[144.8466,-37.7975],[144.8619,-37.7991]]}},{"type":"Feature","id":"way/45582448","properties":{},"geometry":{"type":"LineString","coordinates":[[144.8619,-37.7992],[144.8464,-37.7975],[144.842,-37.7962]]}},{"type":"Feature","id":"way/45582449","properties":{},"geometry":{"type":"LineString","coordinates":[[144.8622,-37.7992],[144.8619,-37.7992]]}},{"type":"Feature","id":"way/45583161","properties":{},"geometry":{"type":"LineString","coordinates":[[144.8491,-37.7976],[144.8483,-37.7976]]}},{"type":"Feature","id":"way/45583521","properties":{},"geometry":{"type":"LineString","coordinates":[[144.8453,-37.7993],[144.8457,-37.7985]]}},{"type":"Feature","id":"way/45583522","properties":{},"geometry":{"type":"LineString","coordinates":[[144.8446,-37.7969],[144.8427,-37.7961]]}},{"type":"Feature","id":"way/45583525","properties":{},"geometry":{"type":"LineString","coordinates":[[144.8457,-37.7985],[144.8455,-37.7976],[144.8446,-37.7969]]}},{"type":"Feature","id":"way/45584070","properties":{},"geometry":{"type":"LineString","coordinates":[[144.842,-37.7962],[144.8418,-37.7961]]}},{"type":"Feature","id":"way/45584283","properties":{},"geometry":{"type":"LineString","coordinates":[[144.8317,-37.7867],[144.8314,-37.7865]]}},{"type":"Feature","id":"way/45584869","properties":{},"geometry":{"type":"LineString","coordinates":[[144.8349,-37.7909],[144.8344,-37.7903]]}},{"type":"Feature","id":"way/45585123","properties":{},"geometry":{"type":"LineString","coordinates":[[144.8418,-37.7961],[144.8393,-37.7948],[144.836,-37.7923],[144.8292,-37.7836]]}},{"type":"Feature","id":"way/45586033","properties":{},"geometry":{"type":"LineString","coordinates":[[144.8469,-37.7466],[144.8539,-37.739]]}},{"type":"Feature","id":"way/45586038","properties":{},"geometry":{"type":"LineString","coordinates":[[144.8442,-37.7495],[144.8469,-37.7466]]}},{"type":"Feature","id":"way/45586191","properties":{},"geometry":{"type":"LineString","coordinates":[[144.8233,-37.7758],[144.8226,-37.7738],[144.8233,-37.7715],[144.828,-37.767]]}},{"type":"Feature","id":"way/45586251","properties":{},"geometry":{"type":"LineString","coordinates":[[144.839,-37.7551],[144.8314,-37.7633]]}},{"type":"Feature","id":"way/45588282","properties":{},"geometry":{"type":"LineString","coordinates":[[144.885,-37.8016],[144.8838,-37.8016]]}},{"type":"Feature","id":"way/45588285","properties":{},"geometry":{"type":"LineString","coordinates":[[144.8844,-37.8015],[144.8838,-37.8015]]}},{"type":"Feature","id":"way/45588292","properties":{},"geometry":{"type":"LineString","coordinates":[[144.8836,-37.8016],[144.8739,-37.8],[144.8675,-37.7993],[144.8656,-37.7994],[144.8469,-37.7973],[144.8425,-37.7961],[144.8383,-37.7941]]}},{"type":"Feature","id":"way/45590147","properties":{},"geometry":{"type":"LineString","coordinates":[[144.8924,-37.8025],[144.885,-37.8016]]}},{"type":"Feature","id":"way/45590161","properties":{},"geometry":{"type":"LineString","coordinates":[[144.9022,-37.8023],[144.9012,-37.8022]]}},{"type":"Feature","id":"way/45590169","properties":{},"geometry":{"type":"LineString","coordinates":[[144.8926,-37.8026],[144.8924,-37.8026]]}},{"type":"Feature","id":"way/45590818","properties":{},"geometry":{"type":"LineString","coordinates":[[144.7554,-37.773],[144.7541,-37.7727]]}},{"type":"Feature","id":"way/45590819","properties":{},"geometry":{"type":"LineString","coordinates":[[144.8156,-37.7845],[144.8149,-37.7844]]}},{"type":"Feature","id":"way/45592042","properties":{},"geometry":{"type":"LineString","coordinates":[[144.824,-37.7767],[144.8124,-37.7615]]}},{"type":"Feature","id":"way/45592837","properties":{},"geometry":{"type":"LineString","coordinates":[[144.7932,-37.7276],[144.7919,-37.7245],[144.7904,-37.7218],[144.7785,-37.7067]]}},{"type":"Feature","id":"way/45593100","properties":{},"geometry":{"type":"LineString","coordinates":[[144.7781,-37.7061],[144.7762,-37.7038]]}},{"type":"Feature","id":"way/45593101","properties":{},"geometry":{"type":"LineString","coordinates":[[144.7785,-37.7067],[144.7781,-37.7061]]}},{"type":"Feature","id":"way/45593132","properties":{},"geometry":{"type":"LineString","coordinates":[[144.7762,-37.7038],[144.7728,-37.6996]]}},{"type":"Feature","id":"way/45593152","properties":{},"geometry":{"type":"LineString","coordinates":[[144.7751,-37.7023],[144.7747,-37.7018]]}},{"type":"Feature","id":"way/45593502","properties":{},"geometry":{"type":"LineString","coordinates":[[144.7734,-37.7001],[144.7731,-37.6998]]}},{"type":"Feature","id":"way/45626999","properties":{},"geometry":{"type":"LineString","coordinates":[[144.9171,-37.8045],[144.9252,-37.8054],[144.9279,-37.8062]]}},{"type":"Feature","id":"way/45629174","properties":{},"geometry":{"type":"LineString","coordinates":[[144.9273,-37.8059],[144.9279,-37.8062]]}},{"type":"Feature","id":"way/45633187","properties":{},"geometry":{"type":"LineString","coordinates":[[144.9357,-37.8056],[144.9364,-37.8058]]}},{"type":"Feature","id":"way/45638614","properties":{},"geometry":{"type":"LineString","coordinates":[[144.9357,-37.8056],[144.9352,-37.8055]]}},{"type":"Feature","id":"way/45683359","properties":{},"geometry":{"type":"LineString","coordinates":[[144.9288,-37.7866],[144.9277,-37.785],[144.9256,-37.7839],[144.9178,-37.7836]]}},{"type":"Feature","id":"way/45683439","properties":{},"geometry":{"type":"LineString","coordinates":[[144.9169,-37.7836],[144.9163,-37.7836]]}},{"type":"Feature","id":"way/45683440","properties":{},"geometry":{"type":"LineString","coordinates":[[144.9169,-37.7836],[144.9133,-37.7835]]}},{"type":"Feature","id":"way/45683441","properties":{},"geometry":{"type":"LineString","coordinates":[[144.9178,-37.7836],[144.9174,-37.7836]]}},{"type":"Feature","id":"way/45683621","properties":{},"geometry":{"type":"LineString","coordinates":[[144.9133,-37.7835],[144.9139,-37.7835]]}},{"type":"Feature","id":"way/45683637","properties":{},"geometry":{"type":"LineString","coordinates":[[144.9093,-37.7854],[144.9095,-37.7851]]}},{"type":"Feature","id":"way/45683727","properties":{},"geometry":{"type":"LineString","coordinates":[[144.9291,-37.788],[144.9288,-37.7866]]}},{"type":"Feature","id":"way/45683963","properties":{},"geometry":{"type":"LineString","coordinates":[[144.9228,-37.7767],[144.9227,-37.7766]]}},{"type":"Feature","id":"way/45684121","properties":{},"geometry":{"type":"LineString","coordinates":[[144.9231,-37.777],[144.9228,-37.7767]]}},{"type":"Feature","id":"way/45684133","properties":{},"geometry":{"type":"LineString","coordinates":[[144.9233,-37.7773],[144.9231,-37.777]]}},{"type":"Feature","id":"way/45685880","properties":{},"geometry":{"type":"LineString","coordinates":[[144.9164,-37.7592],[144.9164,-37.7588]]}},{"type":"Feature","id":"way/45686588","properties":{},"geometry":{"type":"LineString","coordinates":[[144.9167,-37.7533],[144.9168,-37.7529]]}},{"type":"Feature","id":"way/45686648","properties":{},"geometry":{"type":"LineString","coordinates":[[144.9165,-37.7539],[144.9166,-37.7536]]}},{"type":"Feature","id":"way/45686691","properties":{},"geometry":{"type":"LineString","coordinates":[[144.9166,-37.7536],[144.9178,-37.7506],[144.9196,-37.7483],[144.9216,-37.7467],[144.9262,-37.7445],[144.928,-37.7428],[144.9292,-37.7406],[144.9294,-37.738]]}},{"type":"Feature","id":"way/45689016","properties":{},"geometry":{"type":"LineString","coordinates":[[144.9294,-37.738],[144.9293,-37.7376]]}},{"type":"Feature","id":"way/45689485","properties":{},"geometry":{"type":"LineString","coordinates":[[144.9496,-37.7815],[144.9495,-37.7816]]}},{"type":"Feature","id":"way/45689859","properties":{},"geometry":{"type":"LineString","coordinates":[[144.9586,-37.6989],[144.9634,-37.7387]]}},{"type":"Feature","id":"way/45773317","properties":{},"geometry":{"type":"LineString","coordinates":[[144.7773,-37.8624],[144.7782,-37.8623]]}},{"type":"Feature","id":"way/46048635","properties":{},"geometry":{"type":"LineString","coordinates":[[145.0588,-37.7587],[145.0584,-37.7591]]}},{"type":"Feature","id":"way/46048691","properties":{},"geometry":{"type":"LineString","coordinates":[[145.0513,-37.7655],[145.0548,-37.7629],[145.0579,-37.7594],[145.0624,-37.7559]]}},{"type":"Feature","id":"way/46048694","properties":{},"geometry":{"type":"LineString","coordinates":[[145.0511,-37.7656],[145.0513,-37.7655]]}},{"type":"Feature","id":"way/46050346","properties":{},"geometry":{"type":"LineString","coordinates":[[145.1484,-37.7124],[145.1489,-37.7109],[145.1487,-37.7081],[145.1491,-37.707],[145.1541,-37.7032],[145.1552,-37.7016],[145.1552,-37.7004],[145.1549,-37.6994],[145.1527,-37.6971],[145.1523,-37.6958],[145.1562,-37.6886],[145.1564,-37.6868],[145.156,-37.6855]]}},{"type":"Feature","id":"way/46050625","properties":{},"geometry":{"type":"LineString","coordinates":[[145.1466,-37.7152],[145.1481,-37.7129]]}},{"type":"Feature","id":"way/46050972","properties":{},"geometry":{"type":"LineString","coordinates":[[145.1801,-37.6665],[145.178,-37.6677],[145.1678,-37.6707],[145.1645,-37.6725],[145.1596,-37.6732],[145.1574,-37.6738]]}},{"type":"Feature","id":"way/46100257","properties":{},"geometry":{"type":"LineString","coordinates":[[145.3005,-38.0259],[145.2903,-38.0207],[145.2872,-38.0197]]}},{"type":"Feature","id":"way/46122138","properties":{},"geometry":{"type":"LineString","coordinates":[[144.8545,-37.7383],[144.8539,-37.739]]}},{"type":"Feature","id":"way/46124684","properties":{},"geometry":{"type":"LineString","coordinates":[[144.8973,-37.7093],[144.901,-37.709]]}},{"type":"Feature","id":"way/46124720","properties":{},"geometry":{"type":"LineString","coordinates":[[144.9107,-37.7013],[144.9115,-37.7005]]}},{"type":"Feature","id":"way/46128133","properties":{},"geometry":{"type":"LineString","coordinates":[[144.9156,-37.6941],[144.9158,-37.6905],[144.917,-37.6866],[144.9179,-37.6853]]}},{"type":"Feature","id":"way/46128308","properties":{},"geometry":{"type":"LineString","coordinates":[[144.9182,-37.6848],[144.9187,-37.6843]]}},{"type":"Feature","id":"way/46128607","properties":{},"geometry":{"type":"LineString","coordinates":[[144.9208,-37.6815],[144.9206,-37.6818]]}},{"type":"Feature","id":"way/46128733","properties":{},"geometry":{"type":"LineString","coordinates":[[144.9202,-37.6823],[144.9176,-37.6858],[144.9165,-37.6886],[144.9157,-37.698],[144.9158,-37.6997],[144.9165,-37.7021]]}},{"type":"Feature","id":"way/46129120","properties":{},"geometry":{"type":"LineString","coordinates":[[144.9218,-37.68],[144.9228,-37.6775],[144.9265,-37.659],[144.9329,-37.6485],[144.9338,-37.6464],[144.9416,-37.6075]]}},{"type":"Feature","id":"way/46129122","properties":{},"geometry":{"type":"LineString","coordinates":[[144.9417,-37.6075],[144.9415,-37.6085]]}},{"type":"Feature","id":"way/46129502","properties":{},"geometry":{"type":"LineString","coordinates":[[144.944,-37.6004],[144.9438,-37.6008]]}},{"type":"Feature","id":"way/46136537","properties":{},"geometry":{"type":"LineString","coordinates":[[144.8837,-37.8391],[144.8837,-37.8372],[144.8825,-37.8354],[144.862,-37.8206],[144.8491,-37.8084]]}},{"type":"Feature","id":"way/46136960","properties":{},"geometry":{"type":"LineString","coordinates":[[144.8836,-37.8434],[144.8833,-37.8452],[144.8815,-37.8468],[144.8741,-37.8493],[144.8703,-37.8495]]}},{"type":"Feature","id":"way/46136961","properties":{},"geometry":{"type":"LineString","coordinates":[[144.8703,-37.8494],[144.874,-37.8493],[144.8814,-37.8468],[144.8831,-37.8454],[144.8836,-37.8434]]}},{"type":"Feature","id":"way/46136965","properties":{},"geometry":{"type":"LineString","coordinates":[[144.8757,-37.8487],[144.8749,-37.849]]}},{"type":"Feature","id":"way/46137221","properties":{},"geometry":{"type":"LineString","coordinates":[[144.9038,-37.8673],[144.9059,-37.868]]}},{"type":"Feature","id":"way/46137590","properties":{},"geometry":{"type":"LineString","coordinates":[[144.8591,-37.8481],[144.8565,-37.8479],[144.8549,-37.8484],[144.8538,-37.8496],[144.8533,-37.8515]]}},{"type":"Feature","id":"way/46137815","properties":{},"geometry":{"type":"LineString","coordinates":[[144.8402,-37.8465],[144.839,-37.8464],[144.8382,-37.8456],[144.8388,-37.8423]]}},{"type":"Feature","id":"way/46137855","properties":{},"geometry":{"type":"LineString","coordinates":[[144.8387,-37.8429],[144.8384,-37.8459],[144.8392,-37.8464],[144.8407,-37.8465]]}},{"type":"Feature","id":"way/46137867","properties":{},"geometry":{"type":"LineString","coordinates":[[144.8402,-37.8465],[144.8389,-37.8464],[144.8384,-37.8459],[144.8387,-37.8432]]}},{"type":"Feature","id":"way/46137873","properties":{},"geometry":{"type":"LineString","coordinates":[[144.8384,-37.8451],[144.8385,-37.8458],[144.8393,-37.8461]]}},{"type":"Feature","id":"way/46137876","properties":{},"geometry":{"type":"LineString","coordinates":[[144.8384,-37.8453],[144.8386,-37.846],[144.8392,-37.8462]]}},{"type":"Feature","id":"way/46138090","properties":{},"geometry":{"type":"LineString","coordinates":[[144.8164,-37.8654],[144.8112,-37.865]]}},{"type":"Feature","id":"way/46138128","properties":{},"geometry":{"type":"LineString","coordinates":[[144.8348,-37.8479],[144.8352,-37.8478]]}},{"type":"Feature","id":"way/46138129","properties":{},"geometry":{"type":"LineString","coordinates":[[144.8352,-37.8478],[144.8403,-37.8466],[144.8444,-37.8464],[144.8611,-37.8482]]}},{"type":"Feature","id":"way/46138130","properties":{},"geometry":{"type":"LineString","coordinates":[[144.8353,-37.8478],[144.8348,-37.848]]}},{"type":"Feature","id":"way/46138133","properties":{},"geometry":{"type":"LineString","coordinates":[[144.8348,-37.848],[144.8227,-37.851]]}},{"type":"Feature","id":"way/46138183","properties":{},"geometry":{"type":"LineString","coordinates":[[144.8226,-37.8509],[144.8348,-37.8479]]}},{"type":"Feature","id":"way/46138184","properties":{},"geometry":{"type":"LineString","coordinates":[[144.8224,-37.851],[144.8226,-37.8509]]}},{"type":"Feature","id":"way/46138191","properties":{},"geometry":{"type":"LineString","coordinates":[[144.8227,-37.851],[144.8224,-37.8511]]}},{"type":"Feature","id":"way/46138261","properties":{},"geometry":{"type":"LineString","coordinates":[[144.7793,-37.8619],[144.7795,-37.8619]]}},{"type":"Feature","id":"way/46138276","properties":{},"geometry":{"type":"LineString","coordinates":[[144.8224,-37.8511],[144.7904,-37.8592]]}},{"type":"Feature","id":"way/46138301","properties":{},"geometry":{"type":"LineString","coordinates":[[144.7795,-37.8619],[144.78,-37.8618]]}},{"type":"Feature","id":"way/46138892","properties":{},"geometry":{"type":"LineString","coordinates":[[144.7219,-37.8765],[144.7224,-37.8763]]}},{"type":"Feature","id":"way/46138893","properties":{},"geometry":{"type":"LineString","coordinates":[[144.7224,-37.8763],[144.7773,-37.8624]]}},{"type":"Feature","id":"way/46139291","properties":{},"geometry":{"type":"LineString","coordinates":[[144.68,-37.8917],[144.6803,-37.8916]]}},{"type":"Feature","id":"way/47288015","properties":{},"geometry":{"type":"LineString","coordinates":[[145.1525,-37.8202],[145.1658,-37.8218],[145.175,-37.8204]]}},{"type":"Feature","id":"way/48035190","properties":{},"geometry":{"type":"LineString","coordinates":[[145.3048,-37.892],[145.308,-37.8926]]}},{"type":"Feature","id":"way/48056056","properties":{},"geometry":{"type":"LineString","coordinates":[[145.1761,-37.8203],[145.1749,-37.8205]]}},{"type":"Feature","id":"way/48056058","properties":{},"geometry":{"type":"LineString","coordinates":[[145.175,-37.8204],[145.1761,-37.8202]]}},{"type":"Feature","id":"way/48430060","properties":{},"geometry":{"type":"LineString","coordinates":[[145.3493,-37.9095],[145.3503,-37.9099]]}},{"type":"Feature","id":"way/48430061","properties":{},"geometry":{"type":"LineString","coordinates":[[145.3503,-37.9099],[145.3522,-37.9105],[145.354,-37.9101]]}},{"type":"Feature","id":"way/48580752","properties":{},"geometry":{"type":"LineString","coordinates":[[144.4079,-38.0283],[144.4043,-38.0319],[144.4021,-38.0353]]}},{"type":"Feature","id":"way/48583575","properties":{},"geometry":{"type":"LineString","coordinates":[[144.68,-37.8917],[144.6636,-37.8984]]}},{"type":"Feature","id":"way/48583818","properties":{},"geometry":{"type":"LineString","coordinates":[[144.408,-38.0284],[144.4083,-38.028]]}},{"type":"Feature","id":"way/48583838","properties":{},"geometry":{"type":"LineString","coordinates":[[144.4083,-38.028],[144.4079,-38.0283]]}},{"type":"Feature","id":"way/48583915","properties":{},"geometry":{"type":"LineString","coordinates":[[144.4259,-38.0128],[144.4264,-38.0125]]}},{"type":"Feature","id":"way/48584001","properties":{},"geometry":{"type":"LineString","coordinates":[[144.4099,-38.0266],[144.4105,-38.0259]]}},{"type":"Feature","id":"way/48584859","properties":{},"geometry":{"type":"LineString","coordinates":[[144.4889,-37.9676],[144.4897,-37.9673]]}},{"type":"Feature","id":"way/48584887","properties":{},"geometry":{"type":"LineString","coordinates":[[144.4965,-37.9639],[144.4962,-37.964]]}},{"type":"Feature","id":"way/48584889","properties":{},"geometry":{"type":"LineString","coordinates":[[144.4964,-37.9638],[144.4959,-37.964]]}},{"type":"Feature","id":"way/48584891","properties":{},"geometry":{"type":"LineString","coordinates":[[144.4959,-37.964],[144.4879,-37.9681],[144.482,-37.9718],[144.4598,-37.9877],[144.4184,-38.0182],[144.4083,-38.028]]}},{"type":"Feature","id":"way/48584910","properties":{},"geometry":{"type":"LineString","coordinates":[[144.4961,-37.964],[144.487,-37.9687],[144.4791,-37.9738],[144.4185,-38.0182],[144.4083,-38.028]]}},{"type":"Feature","id":"way/48584911","properties":{},"geometry":{"type":"LineString","coordinates":[[144.4964,-37.9639],[144.4961,-37.964]]}},{"type":"Feature","id":"way/48584917","properties":{},"geometry":{"type":"LineString","coordinates":[[144.5027,-37.961],[144.5033,-37.9607]]}},{"type":"Feature","id":"way/48786780","properties":{},"geometry":{"type":"LineString","coordinates":[[145.29,-37.8724],[145.29,-37.8723]]}},{"type":"Feature","id":"way/48786781","properties":{},"geometry":{"type":"LineString","coordinates":[[145.29,-37.8723],[145.2879,-37.8694],[145.2861,-37.8638]]}},{"type":"Feature","id":"way/49680889","properties":{},"geometry":{"type":"LineString","coordinates":[[145.3545,-37.9098],[145.354,-37.9101]]}},{"type":"Feature","id":"way/50595648","properties":{},"geometry":{"type":"LineString","coordinates":[[144.9899,-37.8162],[144.9909,-37.8155]]}},{"type":"Feature","id":"way/51187234","properties":{},"geometry":{"type":"LineString","coordinates":[[145.4939,-38.082],[145.4724,-38.078]]}},{"type":"Feature","id":"way/51187246","properties":{},"geometry":{"type":"LineString","coordinates":[[145.4563,-38.0748],[145.4559,-38.0748]]}},{"type":"Feature","id":"way/51187248","properties":{},"geometry":{"type":"LineString","coordinates":[[145.4559,-38.0748],[145.434,-38.0706]]}},{"type":"Feature","id":"way/51813875","properties":{},"geometry":{"type":"LineString","coordinates":[[145.2843,-37.7932],[145.2868,-37.7917],[145.2896,-37.7883],[145.2912,-37.7874],[145.3039,-37.7831],[145.3059,-37.7832],[145.3088,-37.7841]]}},{"type":"Feature","id":"way/51813876","properties":{},"geometry":{"type":"LineString","coordinates":[[145.3088,-37.7841],[145.3094,-37.7844]]}},{"type":"Feature","id":"way/51814219","properties":{},"geometry":{"type":"LineString","coordinates":[[145.2733,-37.8011],[145.2736,-37.8007]]}},{"type":"Feature","id":"way/51814221","properties":{},"geometry":{"type":"LineString","coordinates":[[145.2313,-37.8148],[145.2345,-37.8137],[145.2412,-37.8141],[145.245,-37.8133]]}},{"type":"Feature","id":"way/52887740","properties":{},"geometry":{"type":"LineString","coordinates":[[145.042,-37.6518],[145.0424,-37.6518]]}},{"type":"Feature","id":"way/54564898","properties":{},"geometry":{"type":"LineString","coordinates":[[145.0654,-37.7538],[145.0648,-37.7542]]}},{"type":"Feature","id":"way/56579864","properties":{},"geometry":{"type":"LineString","coordinates":[[145.0353,-37.6521],[145.0347,-37.6521]]}},{"type":"Feature","id":"way/56579868","properties":{},"geometry":{"type":"LineString","coordinates":[[145.0424,-37.6518],[145.042,-37.6519]]}},{"type":"Feature","id":"way/56579871","properties":{},"geometry":{"type":"LineString","coordinates":[[145.042,-37.6519],[145.0353,-37.6521]]}},{"type":"Feature","id":"way/56579874","properties":{},"geometry":{"type":"LineString","coordinates":[[145.0353,-37.6521],[145.042,-37.6518]]}},{"type":"Feature","id":"way/56579912","properties":{},"geometry":{"type":"LineString","coordinates":[[145.0312,-37.6521],[145.0347,-37.6521]]}},{"type":"Feature","id":"way/56579915","properties":{},"geometry":{"type":"LineString","coordinates":[[145.0347,-37.6521],[145.0353,-37.6521]]}},{"type":"Feature","id":"way/56579921","properties":{},"geometry":{"type":"LineString","coordinates":[[145.0347,-37.6521],[145.0312,-37.6523]]}},{"type":"Feature","id":"way/57252996","properties":{},"geometry":{"type":"LineString","coordinates":[[144.9438,-37.6008],[144.9432,-37.6023]]}},{"type":"Feature","id":"way/57253005","properties":{},"geometry":{"type":"LineString","coordinates":[[144.944,-37.6004],[144.9444,-37.5994]]}},{"type":"Feature","id":"way/57330183","properties":{},"geometry":{"type":"LineString","coordinates":[[144.9416,-37.6075],[144.9417,-37.6073]]}},{"type":"Feature","id":"way/57330220","properties":{},"geometry":{"type":"LineString","coordinates":[[144.9417,-37.6073],[144.9419,-37.6062]]}},{"type":"Feature","id":"way/57330253","properties":{},"geometry":{"type":"LineString","coordinates":[[144.9417,-37.6073],[144.9417,-37.6075]]}},{"type":"Feature","id":"way/57330495","properties":{},"geometry":{"type":"LineString","coordinates":[[144.9418,-37.6073],[144.9417,-37.6075]]}},{"type":"Feature","id":"way/57330536","properties":{},"geometry":{"type":"LineString","coordinates":[[144.9417,-37.6075],[144.9382,-37.6249]]}},{"type":"Feature","id":"way/57330899","properties":{},"geometry":{"type":"LineString","coordinates":[[144.9419,-37.6062],[144.9418,-37.6068]]}},{"type":"Feature","id":"way/57330990","properties":{},"geometry":{"type":"LineString","coordinates":[[144.9419,-37.6062],[144.9431,-37.6023]]}},{"type":"Feature","id":"way/57421331","properties":{},"geometry":{"type":"LineString","coordinates":[[144.9415,-37.6085],[144.9413,-37.6091]]}},{"type":"Feature","id":"way/57752754","properties":{},"geometry":{"type":"LineString","coordinates":[[144.4391,-37.6881],[144.4418,-37.6888]]}},{"type":"Feature","id":"way/65066206","properties":{},"geometry":{"type":"LineString","coordinates":[[144.7793,-37.862],[144.7782,-37.8623]]}},{"type":"Feature","id":"way/65066208","properties":{},"geometry":{"type":"LineString","coordinates":[[144.7796,-37.862],[144.7793,-37.8621]]}},{"type":"Feature","id":"way/65066209","properties":{},"geometry":{"type":"LineString","coordinates":[[144.7793,-37.8621],[144.7718,-37.864]]}},{"type":"Feature","id":"way/65066215","properties":{},"geometry":{"type":"LineString","coordinates":[[144.7792,-37.8619],[144.7795,-37.8618]]}},{"type":"Feature","id":"way/65066216","properties":{},"geometry":{"type":"LineString","coordinates":[[144.7904,-37.8591],[144.8084,-37.8545]]}},{"type":"Feature","id":"way/67759896","properties":{},"geometry":{"type":"LineString","coordinates":[[144.9521,-37.8173],[144.9503,-37.8151],[144.9481,-37.8135]]}},{"type":"Feature","id":"way/67759989","properties":{},"geometry":{"type":"LineString","coordinates":[[144.9515,-37.8175],[144.9506,-37.8165]]}},{"type":"Feature","id":"way/67760036","properties":{},"geometry":{"type":"LineString","coordinates":[[144.9488,-37.8144],[144.9475,-37.813]]}},{"type":"Feature","id":"way/67760044","properties":{},"geometry":{"type":"LineString","coordinates":[[144.9535,-37.8204],[144.953,-37.8199]]}},{"type":"Feature","id":"way/67760045","properties":{},"geometry":{"type":"LineString","coordinates":[[144.9501,-37.8163],[144.9511,-37.8176]]}},{"type":"Feature","id":"way/87240011","properties":{},"geometry":{"type":"LineString","coordinates":[[145.0712,-37.8255],[145.0764,-37.8258]]}},{"type":"Feature","id":"way/87240013","properties":{},"geometry":{"type":"LineString","coordinates":[[145.0764,-37.8258],[145.0712,-37.8255]]}},{"type":"Feature","id":"way/87240015","properties":{},"geometry":{"type":"LineString","coordinates":[[145.0765,-37.8258],[145.0764,-37.8258]]}},{"type":"Feature","id":"way/87240016","properties":{},"geometry":{"type":"LineString","coordinates":[[145.0764,-37.8258],[145.0765,-37.8258]]}},{"type":"Feature","id":"way/94349881","properties":{},"geometry":{"type":"LineString","coordinates":[[145.235,-38.0058],[145.2353,-38.006]]}},{"type":"Feature","id":"way/94349887","properties":{},"geometry":{"type":"LineString","coordinates":[[145.2353,-38.006],[145.235,-38.0059]]}},{"type":"Feature","id":"way/94349902","properties":{},"geometry":{"type":"LineString","coordinates":[[145.2329,-38.0226],[145.2375,-38.0329]]}},{"type":"Feature","id":"way/94349906","properties":{},"geometry":{"type":"LineString","coordinates":[[145.2327,-38.0221],[145.2329,-38.0226]]}},{"type":"Feature","id":"way/94351605","properties":{},"geometry":{"type":"LineString","coordinates":[[144.9292,-37.7883],[144.9291,-37.788]]}},{"type":"Feature","id":"way/95163991","properties":{},"geometry":{"type":"LineString","coordinates":[[145.0679,-37.6491],[145.0581,-37.6503]]}},{"type":"Feature","id":"way/95645699","properties":{},"geometry":{"type":"LineString","coordinates":[[144.9161,-37.7982],[144.913,-37.798],[144.9074,-37.799],[144.9047,-37.8002],[144.902,-37.8022]]}},{"type":"Feature","id":"way/96134627","properties":{},"geometry":{"type":"LineString","coordinates":[[145.0212,-37.6589],[145.0209,-37.6593]]}},{"type":"Feature","id":"way/96935149","properties":{},"geometry":{"type":"LineString","coordinates":[[145.1632,-37.8798],[145.1611,-37.8792]]}},{"type":"Feature","id":"way/98965011","properties":{},"geometry":{"type":"LineString","coordinates":[[145.3294,-37.9022],[145.3334,-37.905]]}},{"type":"Feature","id":"way/98965012","properties":{},"geometry":{"type":"LineString","coordinates":[[145.3334,-37.905],[145.3352,-37.9054]]}},{"type":"Feature","id":"way/100972014","properties":{},"geometry":{"type":"LineString","coordinates":[[145.1883,-38.2825],[145.1886,-38.2845],[145.1902,-38.2856],[145.2022,-38.2885],[145.2052,-38.2888],[145.2072,-38.2882],[145.2102,-38.2889]]}},{"type":"Feature","id":"way/103962977","properties":{},"geometry":{"type":"LineString","coordinates":[[145.4563,-38.0748],[145.4722,-38.0779]]}},{"type":"Feature","id":"way/115090313","properties":{},"geometry":{"type":"LineString","coordinates":[[145.1653,-38.1627],[145.1637,-38.1621],[145.1541,-38.1599],[145.1442,-38.1534],[145.128,-38.1489],[145.1264,-38.1481],[145.1254,-38.1467]]}},{"type":"Feature","id":"way/115090314","properties":{},"geometry":{"type":"LineString","coordinates":[[145.1659,-38.1631],[145.1653,-38.1627]]}},{"type":"Feature","id":"way/116893591","properties":{},"geometry":{"type":"LineString","coordinates":[[145.0955,-37.8249],[145.0991,-37.8238],[145.1061,-37.8192],[145.1081,-37.8184]]}},{"type":"Feature","id":"way/116893592","properties":{},"geometry":{"type":"LineString","coordinates":[[145.0933,-37.8249],[145.0935,-37.825]]}},{"type":"Feature","id":"way/116893593","properties":{},"geometry":{"type":"LineString","coordinates":[[145.0933,-37.8249],[145.0935,-37.8249]]}},{"type":"Feature","id":"way/116893594","properties":{},"geometry":{"type":"LineString","coordinates":[[145.0823,-37.824],[145.0853,-37.8236],[145.0933,-37.8249]]}},{"type":"Feature","id":"way/120951176","properties":{},"geometry":{"type":"LineString","coordinates":[[144.9196,-37.7987],[144.9169,-37.7982]]}},{"type":"Feature","id":"way/120951177","properties":{},"geometry":{"type":"LineString","coordinates":[[144.9199,-37.7987],[144.9196,-37.7987]]}},{"type":"Feature","id":"way/120951178","properties":{},"geometry":{"type":"LineString","coordinates":[[144.9195,-37.7987],[144.9199,-37.7988]]}},{"type":"Feature","id":"way/120951179","properties":{},"geometry":{"type":"LineString","coordinates":[[144.9169,-37.7983],[144.9195,-37.7987]]}},{"type":"Feature","id":"way/120951180","properties":{},"geometry":{"type":"LineString","coordinates":[[144.9198,-37.7988],[144.9195,-37.7987]]}},{"type":"Feature","id":"way/120951181","properties":{},"geometry":{"type":"LineString","coordinates":[[144.9326,-37.8009],[144.9275,-37.7999]]}},{"type":"Feature","id":"way/128179569","properties":{},"geometry":{"type":"LineString","coordinates":[[145.2302,-37.8153],[145.2311,-37.8149]]}},{"type":"Feature","id":"way/130099236","properties":{},"geometry":{"type":"LineString","coordinates":[[144.9509,-37.8177],[144.9477,-37.8136],[144.9459,-37.8118]]}},{"type":"Feature","id":"way/130818118","properties":{},"geometry":{"type":"LineString","coordinates":[[145.1952,-37.8177],[145.1844,-37.8192]]}},{"type":"Feature","id":"way/130818119","properties":{},"geometry":{"type":"LineString","coordinates":[[145.1761,-37.8202],[145.1844,-37.8192]]}},{"type":"Feature","id":"way/130868419","properties":{},"geometry":{"type":"LineString","coordinates":[[145.1078,-38.214],[145.1085,-38.2138]]}},{"type":"Feature","id":"way/131714608","properties":{},"geometry":{"type":"LineString","coordinates":[[144.974,-37.8159],[144.9746,-37.8157]]}},{"type":"Feature","id":"way/131714609","properties":{},"geometry":{"type":"LineString","coordinates":[[144.9746,-37.8157],[144.974,-37.8159]]}},{"type":"Feature","id":"way/131714610","properties":{},"geometry":{"type":"LineString","coordinates":[[144.9789,-37.816],[144.9746,-37.8157]]}},{"type":"Feature","id":"way/131714611","properties":{},"geometry":{"type":"LineString","coordinates":[[144.9746,-37.8157],[144.9789,-37.816]]}},{"type":"Feature","id":"way/135165905","properties":{},"geometry":{"type":"LineString","coordinates":[[145.1207,-37.8191],[145.1198,-37.819]]}},{"type":"Feature","id":"way/135165907","properties":{},"geometry":{"type":"LineString","coordinates":[[145.1198,-37.819],[145.1208,-37.819]]}},{"type":"Feature","id":"way/135628577","properties":{},"geometry":{"type":"LineString","coordinates":[[144.9638,-37.819],[144.9617,-37.8195]]}},{"type":"Feature","id":"way/135631924","properties":{},"geometry":{"type":"LineString","coordinates":[[144.9309,-37.795],[144.9308,-37.7947]]}},{"type":"Feature","id":"way/135632867","properties":{},"geometry":{"type":"LineString","coordinates":[[144.9467,-37.8123],[144.9507,-37.8169]]}},{"type":"Feature","id":"way/135632869","properties":{},"geometry":{"type":"LineString","coordinates":[[144.9488,-37.8144],[144.9499,-37.8158]]}},{"type":"Feature","id":"way/135633441","properties":{},"geometry":{"type":"LineString","coordinates":[[144.9475,-37.8129],[144.9488,-37.8144]]}},{"type":"Feature","id":"way/135634898","properties":{},"geometry":{"type":"LineString","coordinates":[[144.9659,-37.8188],[144.9639,-37.8192]]}},{"type":"Feature","id":"way/135634899","properties":{},"geometry":{"type":"LineString","coordinates":[[144.9633,-37.8192],[144.9627,-37.8193]]}},{"type":"Feature","id":"way/135634901","properties":{},"geometry":{"type":"LineString","coordinates":[[144.9644,-37.8191],[144.9637,-37.8192]]}},{"type":"Feature","id":"way/135637598","properties":{},"geometry":{"type":"LineString","coordinates":[[144.8591,-37.8481],[144.8441,-37.8465],[144.8402,-37.8467],[144.8353,-37.8478]]}},{"type":"Feature","id":"way/135637606","properties":{},"geometry":{"type":"LineString","coordinates":[[144.8577,-37.8479],[144.861,-37.8483]]}},{"type":"Feature","id":"way/135637613","properties":{},"geometry":{"type":"LineString","coordinates":[[144.8836,-37.8414],[144.884,-37.8381],[144.8879,-37.823]]}},{"type":"Feature","id":"way/135642091","properties":{},"geometry":{"type":"LineString","coordinates":[[144.9409,-37.806],[144.9457,-37.8116]]}},{"type":"Feature","id":"way/135651585","properties":{},"geometry":{"type":"LineString","coordinates":[[144.9092,-37.8044],[144.9089,-37.8043]]}},{"type":"Feature","id":"way/135655787","properties":{},"geometry":{"type":"LineString","coordinates":[[145.266,-37.8394],[145.2714,-37.845]]}},{"type":"Feature","id":"way/135655795","properties":{},"geometry":{"type":"LineString","coordinates":[[145.2628,-37.8363],[145.2629,-37.8364]]}},{"type":"Feature","id":"way/135983212","properties":{},"geometry":{"type":"LineString","coordinates":[[145.0642,-37.8265],[145.0621,-37.8266]]}},{"type":"Feature","id":"way/136165773","properties":{},"geometry":{"type":"LineString","coordinates":[[145.0293,-37.6527],[145.0312,-37.6521]]}},{"type":"Feature","id":"way/136165774","properties":{},"geometry":{"type":"LineString","coordinates":[[145.0312,-37.6523],[145.0293,-37.6527]]}},{"type":"Feature","id":"way/136165775","properties":{},"geometry":{"type":"LineString","coordinates":[[145.0281,-37.6533],[145.0278,-37.6534]]}},{"type":"Feature","id":"way/136165776","properties":{},"geometry":{"type":"LineString","coordinates":[[145.0289,-37.6528],[145.0287,-37.653]]}},{"type":"Feature","id":"way/136165778","properties":{},"geometry":{"type":"LineString","coordinates":[[144.9922,-37.7797],[144.9928,-37.7787],[144.9943,-37.7718],[144.9964,-37.7673],[144.9994,-37.7502]]}},{"type":"Feature","id":"way/136165780","properties":{},"geometry":{"type":"LineString","coordinates":[[145.0293,-37.6527],[145.0262,-37.6543],[145.0244,-37.6563],[145.0219,-37.6582],[145.0196,-37.6607],[145.0182,-37.6631],[145.0161,-37.67],[145.0124,-37.6905],[145.0122,-37.6936]]}},{"type":"Feature","id":"way/142454071","properties":{},"geometry":{"type":"LineString","coordinates":[[144.4021,-38.0353],[144.3913,-38.0534]]}},{"type":"Feature","id":"way/146656105","properties":{},"geometry":{"type":"LineString","coordinates":[[145.0424,-37.6518],[145.0475,-37.6515],[145.0578,-37.6503]]}},{"type":"Feature","id":"way/156963729","properties":{},"geometry":{"type":"LineString","coordinates":[[145.0614,-37.6498],[145.0605,-37.65]]}},{"type":"Feature","id":"way/160080729","properties":{},"geometry":{"type":"LineString","coordinates":[[145.0592,-37.6501],[145.0601,-37.65]]}},{"type":"Feature","id":"way/165289523","properties":{},"geometry":{"type":"LineString","coordinates":[[145.0319,-37.8685],[145.0352,-37.8715]]}},{"type":"Feature","id":"way/165289532","properties":{},"geometry":{"type":"LineString","coordinates":[[145.0317,-37.8682],[145.032,-37.8684]]}},{"type":"Feature","id":"way/166819483","properties":{},"geometry":{"type":"LineString","coordinates":[[144.9988,-37.8433],[145.0096,-37.8475],[145.0116,-37.8487],[145.0247,-37.862],[145.0316,-37.8683]]}},{"type":"Feature","id":"way/166819497","properties":{},"geometry":{"type":"LineString","coordinates":[[144.9957,-37.8419],[144.9987,-37.8432]]}},{"type":"Feature","id":"way/166819501","properties":{},"geometry":{"type":"LineString","coordinates":[[144.9987,-37.8433],[144.9988,-37.8433]]}},{"type":"Feature","id":"way/166819503","properties":{},"geometry":{"type":"LineString","coordinates":[[144.9988,-37.8434],[144.9986,-37.8433]]}},{"type":"Feature","id":"way/166819508","properties":{},"geometry":{"type":"LineString","coordinates":[[144.9987,-37.8432],[144.9989,-37.8433]]}},{"type":"Feature","id":"way/166819516","properties":{},"geometry":{"type":"LineString","coordinates":[[144.9988,-37.8433],[144.9987,-37.8432]]}},{"type":"Feature","id":"way/173262354","properties":{},"geometry":{"type":"LineString","coordinates":[[144.4962,-37.964],[144.4867,-37.9689],[144.4767,-37.9756],[144.4191,-38.0178],[144.4083,-38.0281]]}},{"type":"Feature","id":"way/176125419","properties":{},"geometry":{"type":"LineString","coordinates":[[145.1106,-37.8732],[145.1082,-37.873],[145.0999,-37.8736]]}},{"type":"Feature","id":"way/176125421","properties":{},"geometry":{"type":"LineString","coordinates":[[145.1109,-37.8733],[145.1106,-37.8732]]}},{"type":"Feature","id":"way/182955118","properties":{},"geometry":{"type":"LineString","coordinates":[[144.9942,-37.8014],[144.9942,-37.8013]]}},{"type":"Feature","id":"way/182955119","properties":{},"geometry":{"type":"LineString","coordinates":[[144.9942,-37.8007],[144.9942,-37.8006]]}},{"type":"Feature","id":"way/182955120","properties":{},"geometry":{"type":"LineString","coordinates":[[144.9941,-37.8025],[144.9941,-37.802]]}},{"type":"Feature","id":"way/187385275","properties":{},"geometry":{"type":"LineString","coordinates":[[144.9004,-37.8039],[144.9018,-37.8024]]}},{"type":"Feature","id":"way/191870845","properties":{},"geometry":{"type":"LineString","coordinates":[[144.7675,-37.6928],[144.7219,-37.6342],[144.721,-37.6317],[144.7179,-37.6177],[144.7182,-37.5999]]}},{"type":"Feature","id":"way/196657593","properties":{},"geometry":{"type":"LineString","coordinates":[[144.9901,-37.8241],[144.9887,-37.8237]]}},{"type":"Feature","id":"way/196657594","properties":{},"geometry":{"type":"LineString","coordinates":[[144.9887,-37.8237],[144.9884,-37.8236]]}},{"type":"Feature","id":"way/196657595","properties":{},"geometry":{"type":"LineString","coordinates":[[144.9887,-37.8239],[144.99,-37.8242]]}},{"type":"Feature","id":"way/196657597","properties":{},"geometry":{"type":"LineString","coordinates":[[144.9888,-37.8236],[144.9902,-37.824]]}},{"type":"Feature","id":"way/196657599","properties":{},"geometry":{"type":"LineString","coordinates":[[144.9888,-37.8234],[144.9903,-37.8238]]}},{"type":"Feature","id":"way/196657600","properties":{},"geometry":{"type":"LineString","coordinates":[[144.9887,-37.824],[144.9883,-37.8238]]}},{"type":"Feature","id":"way/196657602","properties":{},"geometry":{"type":"LineString","coordinates":[[144.9901,-37.8242],[144.9887,-37.8238]]}},{"type":"Feature","id":"way/196657603","properties":{},"geometry":{"type":"LineString","coordinates":[[144.9902,-37.824],[144.9888,-37.8236]]}},{"type":"Feature","id":"way/196657605","properties":{},"geometry":{"type":"LineString","coordinates":[[144.9902,-37.8239],[144.9888,-37.8235]]}},{"type":"Feature","id":"way/196657607","properties":{},"geometry":{"type":"LineString","coordinates":[[144.9956,-37.8263],[144.9938,-37.826],[144.9924,-37.8252]]}},{"type":"Feature","id":"way/196657608","properties":{},"geometry":{"type":"LineString","coordinates":[[144.99,-37.8243],[144.9887,-37.824]]}},{"type":"Feature","id":"way/196657612","properties":{},"geometry":{"type":"LineString","coordinates":[[144.9888,-37.8235],[144.9885,-37.8234]]}},{"type":"Feature","id":"way/196657613","properties":{},"geometry":{"type":"LineString","coordinates":[[144.9703,-37.8171],[144.9728,-37.8164],[144.9748,-37.8166],[144.9761,-37.8171],[144.9798,-37.8194]]}},{"type":"Feature","id":"way/196657615","properties":{},"geometry":{"type":"LineString","coordinates":[[144.9887,-37.8238],[144.9883,-37.8237]]}},{"type":"Feature","id":"way/198454082","properties":{},"geometry":{"type":"LineString","coordinates":[[144.9091,-37.8043],[144.909,-37.8043]]}},{"type":"Feature","id":"way/198547639","properties":{},"geometry":{"type":"LineString","coordinates":[[144.9507,-37.8153],[144.9511,-37.8157]]}},{"type":"Feature","id":"way/198547643","properties":{},"geometry":{"type":"LineString","coordinates":[[144.9506,-37.8152],[144.9507,-37.8153]]}},{"type":"Feature","id":"way/198547645","properties":{},"geometry":{"type":"LineString","coordinates":[[144.9491,-37.814],[144.951,-37.8154]]}},{"type":"Feature","id":"way/199764257","properties":{},"geometry":{"type":"LineString","coordinates":[[145.5016,-38.0833],[145.5068,-38.0843]]}},{"type":"Feature","id":"way/199764259","properties":{},"geometry":{"type":"LineString","coordinates":[[145.4724,-38.0779],[145.4939,-38.082]]}},{"type":"Feature","id":"way/199766491","properties":{},"geometry":{"type":"LineString","coordinates":[[144.888,-37.8228],[144.8879,-37.823]]}},{"type":"Feature","id":"way/199766492","properties":{},"geometry":{"type":"LineString","coordinates":[[144.8885,-37.8209],[144.8884,-37.821]]}},{"type":"Feature","id":"way/199766493","properties":{},"geometry":{"type":"LineString","coordinates":[[144.8884,-37.821],[144.888,-37.8228]]}},{"type":"Feature","id":"way/200401955","properties":{},"geometry":{"type":"LineString","coordinates":[[144.8836,-37.8414],[144.8836,-37.8417]]}},{"type":"Feature","id":"way/200408403","properties":{},"geometry":{"type":"LineString","coordinates":[[144.946,-37.8118],[144.9457,-37.8116]]}},{"type":"Feature","id":"way/200411570","properties":{},"geometry":{"type":"LineString","coordinates":[[144.9333,-37.801],[144.9331,-37.8006]]}},{"type":"Feature","id":"way/200411571","properties":{},"geometry":{"type":"LineString","coordinates":[[144.9335,-37.8013],[144.9333,-37.801]]}},{"type":"Feature","id":"way/200416601","properties":{},"geometry":{"type":"LineString","coordinates":[[144.6636,-37.8985],[144.68,-37.8918]]}},{"type":"Feature","id":"way/200562078","properties":{},"geometry":{"type":"LineString","coordinates":[[144.4964,-37.9639],[144.5077,-37.9588],[144.5883,-37.9278]]}},{"type":"Feature","id":"way/200562079","properties":{},"geometry":{"type":"LineString","coordinates":[[144.6503,-37.9037],[144.6158,-37.9171]]}},{"type":"Feature","id":"way/200864641","properties":{},"geometry":{"type":"LineString","coordinates":[[145.2132,-37.9918],[145.2119,-37.9911]]}},{"type":"Feature","id":"way/203360226","properties":{},"geometry":{"type":"LineString","coordinates":[[144.9457,-37.8119],[144.9454,-37.8117]]}},{"type":"Feature","id":"way/204055110","properties":{},"geometry":{"type":"LineString","coordinates":[[144.9198,-37.7989],[144.9325,-37.801]]}},{"type":"Feature","id":"way/204080592","properties":{},"geometry":{"type":"LineString","coordinates":[[144.9325,-37.801],[144.9243,-37.7996]]}},{"type":"Feature","id":"way/204163709","properties":{},"geometry":{"type":"LineString","coordinates":[[144.9328,-37.8011],[144.9349,-37.8023]]}},{"type":"Feature","id":"way/204171857","properties":{},"geometry":{"type":"LineString","coordinates":[[144.935,-37.8025],[144.9328,-37.8011]]}},{"type":"Feature","id":"way/204171862","properties":{},"geometry":{"type":"LineString","coordinates":[[144.9325,-37.801],[144.9328,-37.8011]]}},{"type":"Feature","id":"way/204171867","properties":{},"geometry":{"type":"LineString","coordinates":[[144.9328,-37.8011],[144.9325,-37.801]]}},{"type":"Feature","id":"way/204171873","properties":{},"geometry":{"type":"LineString","coordinates":[[144.9328,-37.8011],[144.9325,-37.801]]}},{"type":"Feature","id":"way/204173812","properties":{},"geometry":{"type":"LineString","coordinates":[[144.936,-37.8029],[144.94,-37.8052],[144.9409,-37.806]]}},{"type":"Feature","id":"way/204173813","properties":{},"geometry":{"type":"LineString","coordinates":[[144.9359,-37.803],[144.9353,-37.8026]]}},{"type":"Feature","id":"way/204173815","properties":{},"geometry":{"type":"LineString","coordinates":[[144.9354,-37.8026],[144.9335,-37.8013]]}},{"type":"Feature","id":"way/204173816","properties":{},"geometry":{"type":"LineString","coordinates":[[144.9359,-37.803],[144.9354,-37.8026]]}},{"type":"Feature","id":"way/204173817","properties":{},"geometry":{"type":"LineString","coordinates":[[144.9353,-37.8026],[144.9359,-37.803]]}},{"type":"Feature","id":"way/204173819","properties":{},"geometry":{"type":"LineString","coordinates":[[144.9353,-37.8026],[144.9348,-37.8023]]}},{"type":"Feature","id":"way/204173820","properties":{},"geometry":{"type":"LineString","coordinates":[[144.9354,-37.8025],[144.936,-37.8029]]}},{"type":"Feature","id":"way/204202417","properties":{},"geometry":{"type":"LineString","coordinates":[[144.9444,-37.8108],[144.9421,-37.8085]]}},{"type":"Feature","id":"way/204202661","properties":{},"geometry":{"type":"LineString","coordinates":[[144.9444,-37.8108],[144.9424,-37.8084]]}},{"type":"Feature","id":"way/204308233","properties":{},"geometry":{"type":"LineString","coordinates":[[144.8517,-37.7976],[144.847,-37.7972]]}},{"type":"Feature","id":"way/204310300","properties":{},"geometry":{"type":"LineString","coordinates":[[144.8623,-37.7993],[144.8839,-37.8019]]}},{"type":"Feature","id":"way/204310988","properties":{},"geometry":{"type":"LineString","coordinates":[[144.8618,-37.7993],[144.8464,-37.7976],[144.842,-37.7964]]}},{"type":"Feature","id":"way/204310989","properties":{},"geometry":{"type":"LineString","coordinates":[[144.8618,-37.7992],[144.8623,-37.7993]]}},{"type":"Feature","id":"way/204310991","properties":{},"geometry":{"type":"LineString","coordinates":[[144.8623,-37.7993],[144.8618,-37.7993]]}},{"type":"Feature","id":"way/204344540","properties":{},"geometry":{"type":"LineString","coordinates":[[144.9481,-37.8143],[144.9457,-37.8119]]}},{"type":"Feature","id":"way/204346009","properties":{},"geometry":{"type":"LineString","coordinates":[[144.9459,-37.812],[144.9464,-37.8124]]}},{"type":"Feature","id":"way/204346112","properties":{},"geometry":{"type":"LineString","coordinates":[[144.9488,-37.8151],[144.9485,-37.8148]]}},{"type":"Feature","id":"way/204346164","properties":{},"geometry":{"type":"LineString","coordinates":[[144.949,-37.8152],[144.9492,-37.8155]]}},{"type":"Feature","id":"way/204346243","properties":{},"geometry":{"type":"LineString","coordinates":[[144.9507,-37.8177],[144.9504,-37.8173]]}},{"type":"Feature","id":"way/204370822","properties":{},"geometry":{"type":"LineString","coordinates":[[144.9358,-37.8031],[144.9353,-37.8027]]}},{"type":"Feature","id":"way/204370823","properties":{},"geometry":{"type":"LineString","coordinates":[[144.9353,-37.8027],[144.9348,-37.8023]]}},{"type":"Feature","id":"way/204370824","properties":{},"geometry":{"type":"LineString","coordinates":[[144.9354,-37.8027],[144.9358,-37.8031]]}},{"type":"Feature","id":"way/204370825","properties":{},"geometry":{"type":"LineString","coordinates":[[144.935,-37.8025],[144.9334,-37.8021]]}},{"type":"Feature","id":"way/204370827","properties":{},"geometry":{"type":"LineString","coordinates":[[144.9358,-37.8031],[144.9353,-37.8027]]}},{"type":"Feature","id":"way/204370828","properties":{},"geometry":{"type":"LineString","coordinates":[[144.9349,-37.8023],[144.9354,-37.8027]]}},{"type":"Feature","id":"way/204371342","properties":{},"geometry":{"type":"LineString","coordinates":[[144.9357,-37.8022],[144.9362,-37.8024]]}},{"type":"Feature","id":"way/204371343","properties":{},"geometry":{"type":"LineString","coordinates":[[144.9362,-37.8025],[144.9357,-37.8022]]}},{"type":"Feature","id":"way/204371344","properties":{},"geometry":{"type":"LineString","coordinates":[[144.9363,-37.8023],[144.9389,-37.8038],[144.9426,-37.8078]]}},{"type":"Feature","id":"way/204371345","properties":{},"geometry":{"type":"LineString","coordinates":[[144.9356,-37.8021],[144.9329,-37.8009]]}},{"type":"Feature","id":"way/204371346","properties":{},"geometry":{"type":"LineString","coordinates":[[144.9357,-37.8022],[144.9328,-37.801]]}},{"type":"Feature","id":"way/204371347","properties":{},"geometry":{"type":"LineString","coordinates":[[144.9329,-37.8009],[144.9356,-37.8021]]}},{"type":"Feature","id":"way/204371348","properties":{},"geometry":{"type":"LineString","coordinates":[[144.9363,-37.8024],[144.9358,-37.8021]]}},{"type":"Feature","id":"way/204371349","properties":{},"geometry":{"type":"LineString","coordinates":[[144.9358,-37.8021],[144.9333,-37.8005]]}},{"type":"Feature","id":"way/204371350","properties":{},"geometry":{"type":"LineString","coordinates":[[144.9328,-37.801],[144.9357,-37.8022]]}},{"type":"Feature","id":"way/204371351","properties":{},"geometry":{"type":"LineString","coordinates":[[144.9358,-37.8021],[144.9363,-37.8023]]}},{"type":"Feature","id":"way/204379634","properties":{},"geometry":{"type":"LineString","coordinates":[[144.9333,-37.8005],[144.9331,-37.8003]]}},{"type":"Feature","id":"way/204379636","properties":{},"geometry":{"type":"LineString","coordinates":[[144.9331,-37.8003],[144.9322,-37.7989],[144.9309,-37.7951]]}},{"type":"Feature","id":"way/204379638","properties":{},"geometry":{"type":"LineString","coordinates":[[144.9329,-37.8004],[144.9321,-37.7989],[144.9309,-37.7951]]}},{"type":"Feature","id":"way/204379641","properties":{},"geometry":{"type":"LineString","coordinates":[[144.9331,-37.8006],[144.9329,-37.8004]]}},{"type":"Feature","id":"way/204381059","properties":{},"geometry":{"type":"LineString","coordinates":[[144.9283,-37.8],[144.9296,-37.8003]]}},{"type":"Feature","id":"way/204386062","properties":{},"geometry":{"type":"LineString","coordinates":[[144.8281,-37.7818],[144.8278,-37.7815]]}},{"type":"Feature","id":"way/204386067","properties":{},"geometry":{"type":"LineString","coordinates":[[144.8278,-37.7817],[144.8281,-37.782]]}},{"type":"Feature","id":"way/204386069","properties":{},"geometry":{"type":"LineString","coordinates":[[144.8281,-37.7821],[144.8278,-37.7817]]}},{"type":"Feature","id":"way/204386071","properties":{},"geometry":{"type":"LineString","coordinates":[[144.8278,-37.7817],[144.824,-37.7767]]}},{"type":"Feature","id":"way/204386072","properties":{},"geometry":{"type":"LineString","coordinates":[[144.8278,-37.7815],[144.8234,-37.7755],[144.8228,-37.7743],[144.8229,-37.7732],[144.8238,-37.7711],[144.8314,-37.7633]]}},{"type":"Feature","id":"way/204492284","properties":{},"geometry":{"type":"LineString","coordinates":[[144.911,-37.7982],[144.9148,-37.7982],[144.9198,-37.7989]]}},{"type":"Feature","id":"way/204492337","properties":{},"geometry":{"type":"LineString","coordinates":[[144.9198,-37.7989],[144.9147,-37.7982],[144.911,-37.7982]]}},{"type":"Feature","id":"way/207238199","properties":{},"geometry":{"type":"LineString","coordinates":[[144.4938,-37.7139],[144.4979,-37.7148],[144.502,-37.7152],[144.535,-37.7172],[144.5394,-37.7169]]}},{"type":"Feature","id":"way/207238201","properties":{},"geometry":{"type":"LineString","coordinates":[[144.4747,-37.7076],[144.4938,-37.7139]]}},{"type":"Feature","id":"way/207694602","properties":{},"geometry":{"type":"LineString","coordinates":[[144.5602,-37.7077],[144.5547,-37.7119]]}},{"type":"Feature","id":"way/207694604","properties":{},"geometry":{"type":"LineString","coordinates":[[144.5793,-37.7045],[144.5787,-37.7043]]}},{"type":"Feature","id":"way/207694605","properties":{},"geometry":{"type":"LineString","coordinates":[[144.5394,-37.7169],[144.5438,-37.7164]]}},{"type":"Feature","id":"way/209292988","properties":{},"geometry":{"type":"LineString","coordinates":[[144.8149,-37.7844],[144.7864,-37.7814],[144.779,-37.7795]]}},{"type":"Feature","id":"way/212251211","properties":{},"geometry":{"type":"LineString","coordinates":[[144.769,-37.8646],[144.7224,-37.8764]]}},{"type":"Feature","id":"way/212961852","properties":{},"geometry":{"type":"LineString","coordinates":[[144.9401,-37.7878],[144.9384,-37.7888]]}},{"type":"Feature","id":"way/212961854","properties":{},"geometry":{"type":"LineString","coordinates":[[144.938,-37.7891],[144.9383,-37.7888]]}},{"type":"Feature","id":"way/212961857","properties":{},"geometry":{"type":"LineString","coordinates":[[144.9374,-37.8016],[144.9368,-37.7996]]}},{"type":"Feature","id":"way/212961859","properties":{},"geometry":{"type":"LineString","coordinates":[[144.9384,-37.7888],[144.9381,-37.7891]]}},{"type":"Feature","id":"way/214170412","properties":{},"geometry":{"type":"LineString","coordinates":[[144.9926,-37.8098],[144.9924,-37.811]]}},{"type":"Feature","id":"way/216046870","properties":{},"geometry":{"type":"LineString","coordinates":[[144.995,-37.8262],[145.0059,-37.8274]]}},{"type":"Feature","id":"way/216049134","properties":{},"geometry":{"type":"LineString","coordinates":[[144.9957,-37.8262],[145.0068,-37.8274]]}},{"type":"Feature","id":"way/233381029","properties":{},"geometry":{"type":"LineString","coordinates":[[144.9263,-37.7998],[144.9273,-37.7999]]}},{"type":"Feature","id":"way/241405957","properties":{},"geometry":{"type":"LineString","coordinates":[[144.7753,-37.7026],[144.7758,-37.7031]]}},{"type":"Feature","id":"way/241405958","properties":{},"geometry":{"type":"LineString","coordinates":[[144.7736,-37.7004],[144.7728,-37.6996]]}},{"type":"Feature","id":"way/245004721","properties":{},"geometry":{"type":"LineString","coordinates":[[145.3065,-37.6309],[145.3065,-37.6308]]}},{"type":"Feature","id":"way/245004722","properties":{},"geometry":{"type":"LineString","coordinates":[[145.3065,-37.6308],[145.3064,-37.6307]]}},{"type":"Feature","id":"way/247012851","properties":{},"geometry":{"type":"LineString","coordinates":[[145.0477,-37.9568],[145.0378,-37.9424],[145.0366,-37.9395],[145.0364,-37.9372]]}},{"type":"Feature","id":"way/247012853","properties":{},"geometry":{"type":"LineString","coordinates":[[145.0355,-37.9257],[145.0356,-37.9275],[145.0371,-37.9311],[145.0371,-37.9328]]}},{"type":"Feature","id":"way/251592499","properties":{},"geometry":{"type":"LineString","coordinates":[[144.9462,-37.8117],[144.9473,-37.8126]]}},{"type":"Feature","id":"way/251592500","properties":{},"geometry":{"type":"LineString","coordinates":[[144.9456,-37.8112],[144.946,-37.8115]]}},{"type":"Feature","id":"way/251592502","properties":{},"geometry":{"type":"LineString","coordinates":[[144.9459,-37.8115],[144.9456,-37.8112]]}},{"type":"Feature","id":"way/251592503","properties":{},"geometry":{"type":"LineString","coordinates":[[144.9462,-37.8117],[144.9472,-37.8126]]}},{"type":"Feature","id":"way/252573795","properties":{},"geometry":{"type":"LineString","coordinates":[[144.9294,-37.8003],[144.9281,-37.8]]}},{"type":"Feature","id":"way/252573798","properties":{},"geometry":{"type":"LineString","coordinates":[[144.9502,-37.8168],[144.9494,-37.8159]]}},{"type":"Feature","id":"way/252574040","properties":{},"geometry":{"type":"LineString","coordinates":[[144.9458,-37.8119],[144.9477,-37.8136],[144.9502,-37.8168]]}},{"type":"Feature","id":"way/252574041","properties":{},"geometry":{"type":"LineString","coordinates":[[144.952,-37.8192],[144.9527,-37.8199]]}},{"type":"Feature","id":"way/252574042","properties":{},"geometry":{"type":"LineString","coordinates":[[144.9519,-37.819],[144.9511,-37.818]]}},{"type":"Feature","id":"way/252574043","properties":{},"geometry":{"type":"LineString","coordinates":[[144.9517,-37.8191],[144.9509,-37.8181]]}},{"type":"Feature","id":"way/253268518","properties":{},"geometry":{"type":"LineString","coordinates":[[144.9339,-37.8016],[144.9347,-37.8022]]}},{"type":"Feature","id":"way/261675935","properties":{},"geometry":{"type":"LineString","coordinates":[[144.8665,-37.7254],[144.8691,-37.7226]]}},{"type":"Feature","id":"way/261675936","properties":{},"geometry":{"type":"LineString","coordinates":[[144.8691,-37.7226],[144.8716,-37.7205],[144.8879,-37.7111],[144.8912,-37.71],[144.8973,-37.7093]]}},{"type":"Feature","id":"way/270292055","properties":{},"geometry":{"type":"LineString","coordinates":[[144.9022,-37.8023],[144.9011,-37.8022]]}},{"type":"Feature","id":"way/270293095","properties":{},"geometry":{"type":"LineString","coordinates":[[144.911,-37.7982],[144.9069,-37.7991],[144.9023,-37.8016],[144.8999,-37.8025],[144.8948,-37.8029],[144.8925,-37.8028]]}},{"type":"Feature","id":"way/270294910","properties":{},"geometry":{"type":"LineString","coordinates":[[144.8925,-37.8027],[144.8946,-37.8029],[144.8997,-37.8025],[144.9021,-37.8016],[144.9069,-37.799],[144.911,-37.7982]]}},{"type":"Feature","id":"way/270764446","properties":{},"geometry":{"type":"LineString","coordinates":[[145.0427,-37.7701],[145.0429,-37.7699]]}},{"type":"Feature","id":"way/270764447","properties":{},"geometry":{"type":"LineString","coordinates":[[145.0429,-37.7699],[145.0479,-37.7679],[145.0511,-37.7656]]}},{"type":"Feature","id":"way/274196122","properties":{},"geometry":{"type":"LineString","coordinates":[[144.6293,-37.8352],[144.6289,-37.8354]]}},{"type":"Feature","id":"way/274196123","properties":{},"geometry":{"type":"LineString","coordinates":[[144.6166,-37.8419],[144.6288,-37.8354]]}},{"type":"Feature","id":"way/274196124","properties":{},"geometry":{"type":"LineString","coordinates":[[144.6288,-37.8354],[144.6292,-37.8352]]}},{"type":"Feature","id":"way/274196172","properties":{},"geometry":{"type":"LineString","coordinates":[[144.6119,-37.8457],[144.6117,-37.8459]]}},{"type":"Feature","id":"way/274196174","properties":{},"geometry":{"type":"LineString","coordinates":[[144.6152,-37.8428],[144.6166,-37.8419]]}},{"type":"Feature","id":"way/274196175","properties":{},"geometry":{"type":"LineString","coordinates":[[144.6116,-37.8459],[144.6118,-37.8457]]}},{"type":"Feature","id":"way/274196176","properties":{},"geometry":{"type":"LineString","coordinates":[[144.6167,-37.842],[144.6152,-37.8429]]}},{"type":"Feature","id":"way/274196177","properties":{},"geometry":{"type":"LineString","coordinates":[[144.6118,-37.8457],[144.6152,-37.8428]]}},{"type":"Feature","id":"way/274196178","properties":{},"geometry":{"type":"LineString","coordinates":[[144.6152,-37.8429],[144.6119,-37.8457]]}},{"type":"Feature","id":"way/274196179","properties":{},"geometry":{"type":"LineString","coordinates":[[144.6289,-37.8354],[144.6167,-37.842]]}},{"type":"Feature","id":"way/276655683","properties":{},"geometry":{"type":"LineString","coordinates":[[144.8292,-37.7836],[144.8318,-37.7873]]}},{"type":"Feature","id":"way/282436945","properties":{},"geometry":{"type":"LineString","coordinates":[[144.5883,-37.9278],[144.5067,-37.9592],[144.4965,-37.9639]]}},{"type":"Feature","id":"way/282436946","properties":{},"geometry":{"type":"LineString","coordinates":[[144.5921,-37.9264],[144.5822,-37.9301]]}},{"type":"Feature","id":"way/282436947","properties":{},"geometry":{"type":"LineString","coordinates":[[144.5921,-37.9264],[144.6156,-37.9172]]}},{"type":"Feature","id":"way/282437099","properties":{},"geometry":{"type":"LineString","coordinates":[[144.5822,-37.9302],[144.5921,-37.9264]]}},{"type":"Feature","id":"way/282437739","properties":{},"geometry":{"type":"LineString","coordinates":[[144.5883,-37.9278],[144.5903,-37.9267]]}},{"type":"Feature","id":"way/282437742","properties":{},"geometry":{"type":"LineString","coordinates":[[144.5903,-37.9267],[144.5921,-37.9255]]}},{"type":"Feature","id":"way/282437743","properties":{},"geometry":{"type":"LineString","coordinates":[[144.5903,-37.9268],[144.5883,-37.9278]]}},{"type":"Feature","id":"way/282437744","properties":{},"geometry":{"type":"LineString","coordinates":[[144.5921,-37.9255],[144.5903,-37.9268]]}},{"type":"Feature","id":"way/282437745","properties":{},"geometry":{"type":"LineString","coordinates":[[144.5921,-37.9255],[144.5923,-37.9253]]}},{"type":"Feature","id":"way/282437746","properties":{},"geometry":{"type":"LineString","coordinates":[[144.5924,-37.9253],[144.5921,-37.9255]]}},{"type":"Feature","id":"way/287807344","properties":{},"geometry":{"type":"LineString","coordinates":[[144.6083,-37.8729],[144.609,-37.8666],[144.6074,-37.8583],[144.6074,-37.8548],[144.6087,-37.8502],[144.61,-37.848],[144.6116,-37.8459]]}},{"type":"Feature","id":"way/287807347","properties":{},"geometry":{"type":"LineString","coordinates":[[144.6117,-37.8459],[144.61,-37.848],[144.6088,-37.8502],[144.6074,-37.8548],[144.6075,-37.8584],[144.6091,-37.8666],[144.6083,-37.8729]]}},{"type":"Feature","id":"way/287807842","properties":{},"geometry":{"type":"LineString","coordinates":[[144.5923,-37.9253],[144.5961,-37.9216],[144.5984,-37.9174],[144.5991,-37.9149],[144.6015,-37.9012]]}},{"type":"Feature","id":"way/287829888","properties":{},"geometry":{"type":"LineString","coordinates":[[144.6158,-37.9172],[144.6156,-37.9172]]}},{"type":"Feature","id":"way/287829889","properties":{},"geometry":{"type":"LineString","coordinates":[[144.6156,-37.9172],[144.6158,-37.9171]]}},{"type":"Feature","id":"way/287829890","properties":{},"geometry":{"type":"LineString","coordinates":[[144.6158,-37.9171],[144.6156,-37.9172]]}},{"type":"Feature","id":"way/287829892","properties":{},"geometry":{"type":"LineString","coordinates":[[144.6156,-37.9172],[144.5072,-37.9589],[144.4964,-37.9638]]}},{"type":"Feature","id":"way/287829893","properties":{},"geometry":{"type":"LineString","coordinates":[[144.6158,-37.9171],[144.6504,-37.9037]]}},{"type":"Feature","id":"way/287829894","properties":{},"geometry":{"type":"LineString","coordinates":[[144.6156,-37.9172],[144.5921,-37.9264]]}},{"type":"Feature","id":"way/287829895","properties":{},"geometry":{"type":"LineString","coordinates":[[144.6504,-37.9037],[144.6158,-37.9172]]}},{"type":"Feature","id":"way/287870782","properties":{},"geometry":{"type":"LineString","coordinates":[[144.6065,-37.8847],[144.6069,-37.8831]]}},{"type":"Feature","id":"way/287870786","properties":{},"geometry":{"type":"LineString","coordinates":[[144.6069,-37.8831],[144.6065,-37.8847]]}},{"type":"Feature","id":"way/287871324","properties":{},"geometry":{"type":"LineString","coordinates":[[144.6065,-37.8847],[144.6019,-37.901]]}},{"type":"Feature","id":"way/289992988","properties":{},"geometry":{"type":"LineString","coordinates":[[145.0446,-37.8789],[145.0449,-37.8791]]}},{"type":"Feature","id":"way/289994442","properties":{},"geometry":{"type":"LineString","coordinates":[[145.0353,-37.8714],[145.0354,-37.8715]]}},{"type":"Feature","id":"way/289994443","properties":{},"geometry":{"type":"LineString","coordinates":[[145.0353,-37.8715],[145.0353,-37.8714]]}},{"type":"Feature","id":"way/289994444","properties":{},"geometry":{"type":"LineString","coordinates":[[145.0352,-37.8715],[145.0353,-37.8716]]}},{"type":"Feature","id":"way/289994445","properties":{},"geometry":{"type":"LineString","coordinates":[[145.0353,-37.8716],[145.0352,-37.8715]]}},{"type":"Feature","id":"way/289997721","properties":{},"geometry":{"type":"LineString","coordinates":[[145.0396,-37.8754],[145.0398,-37.8756]]}},{"type":"Feature","id":"way/289997724","properties":{},"geometry":{"type":"LineString","coordinates":[[145.0399,-37.8756],[145.0397,-37.8754]]}},{"type":"Feature","id":"way/289997726","properties":{},"geometry":{"type":"LineString","coordinates":[[145.0398,-37.8756],[145.0396,-37.8754]]}},{"type":"Feature","id":"way/289999845","properties":{},"geometry":{"type":"LineString","coordinates":[[144.9948,-37.8417],[144.9957,-37.842]]}},{"type":"Feature","id":"way/289999846","properties":{},"geometry":{"type":"LineString","coordinates":[[144.9957,-37.842],[144.9948,-37.8417]]}},{"type":"Feature","id":"way/289999847","properties":{},"geometry":{"type":"LineString","coordinates":[[144.9957,-37.842],[144.9948,-37.8417]]}},{"type":"Feature","id":"way/289999848","properties":{},"geometry":{"type":"LineString","coordinates":[[144.9948,-37.8416],[144.9957,-37.8419]]}},{"type":"Feature","id":"way/290002020","properties":{},"geometry":{"type":"LineString","coordinates":[[144.9939,-37.8303],[144.9939,-37.8301]]}},{"type":"Feature","id":"way/290002021","properties":{},"geometry":{"type":"LineString","coordinates":[[144.994,-37.8301],[144.994,-37.8303]]}},{"type":"Feature","id":"way/290002022","properties":{},"geometry":{"type":"LineString","coordinates":[[144.9938,-37.8303],[144.9933,-37.8328]]}},{"type":"Feature","id":"way/290002023","properties":{},"geometry":{"type":"LineString","coordinates":[[144.9939,-37.8303],[144.9934,-37.8328]]}},{"type":"Feature","id":"way/290002024","properties":{},"geometry":{"type":"LineString","coordinates":[[144.9938,-37.8301],[144.9941,-37.8283],[144.9939,-37.8273]]}},{"type":"Feature","id":"way/290002025","properties":{},"geometry":{"type":"LineString","coordinates":[[144.9939,-37.8301],[144.9938,-37.8303]]}},{"type":"Feature","id":"way/290002026","properties":{},"geometry":{"type":"LineString","coordinates":[[144.9939,-37.8301],[144.994,-37.8273]]}},{"type":"Feature","id":"way/290002027","properties":{},"geometry":{"type":"LineString","coordinates":[[144.994,-37.8303],[144.994,-37.8301]]}},{"type":"Feature","id":"way/290002028","properties":{},"geometry":{"type":"LineString","coordinates":[[144.994,-37.8301],[144.9939,-37.8303]]}},{"type":"Feature","id":"way/290002029","properties":{},"geometry":{"type":"LineString","coordinates":[[144.9938,-37.8303],[144.9938,-37.8301]]}},{"type":"Feature","id":"way/290002030","properties":{},"geometry":{"type":"LineString","coordinates":[[144.994,-37.8301],[144.9943,-37.8285],[144.9941,-37.8273]]}},{"type":"Feature","id":"way/290002031","properties":{},"geometry":{"type":"LineString","coordinates":[[144.994,-37.8303],[144.9935,-37.8328]]}},{"type":"Feature","id":"way/290002154","properties":{},"geometry":{"type":"LineString","coordinates":[[144.994,-37.8273],[144.994,-37.8272]]}},{"type":"Feature","id":"way/290002155","properties":{},"geometry":{"type":"LineString","coordinates":[[144.994,-37.8272],[144.9941,-37.8273]]}},{"type":"Feature","id":"way/290002157","properties":{},"geometry":{"type":"LineString","coordinates":[[144.9942,-37.8273],[144.9943,-37.8282],[144.994,-37.8301]]}},{"type":"Feature","id":"way/290002158","properties":{},"geometry":{"type":"LineString","coordinates":[[144.9941,-37.8273],[144.9942,-37.8284],[144.994,-37.8301]]}},{"type":"Feature","id":"way/290002159","properties":{},"geometry":{"type":"LineString","coordinates":[[144.9939,-37.8272],[144.994,-37.8273]]}},{"type":"Feature","id":"way/290002160","properties":{},"geometry":{"type":"LineString","coordinates":[[144.9941,-37.8272],[144.9934,-37.8261],[144.9922,-37.8252]]}},{"type":"Feature","id":"way/290002161","properties":{},"geometry":{"type":"LineString","coordinates":[[144.9941,-37.8272],[144.9942,-37.8273]]}},{"type":"Feature","id":"way/290002162","properties":{},"geometry":{"type":"LineString","coordinates":[[144.9939,-37.8273],[144.9939,-37.8272]]}},{"type":"Feature","id":"way/290002163","properties":{},"geometry":{"type":"LineString","coordinates":[[144.994,-37.8273],[144.9941,-37.8284],[144.9939,-37.8301]]}},{"type":"Feature","id":"way/290002165","properties":{},"geometry":{"type":"LineString","coordinates":[[144.9941,-37.8273],[144.9941,-37.8272]]}},{"type":"Feature","id":"way/290003257","properties":{},"geometry":{"type":"LineString","coordinates":[[144.9923,-37.8249],[144.9926,-37.8252]]}},{"type":"Feature","id":"way/290003258","properties":{},"geometry":{"type":"LineString","coordinates":[[144.9918,-37.8251],[144.9913,-37.8248]]}},{"type":"Feature","id":"way/290003259","properties":{},"geometry":{"type":"LineString","coordinates":[[144.9919,-37.8249],[144.9901,-37.8241]]}},{"type":"Feature","id":"way/290003260","properties":{},"geometry":{"type":"LineString","coordinates":[[144.9924,-37.825],[144.9927,-37.8252]]}},{"type":"Feature","id":"way/290003261","properties":{},"geometry":{"type":"LineString","coordinates":[[144.9925,-37.8252],[144.9922,-37.8249]]}},{"type":"Feature","id":"way/290003262","properties":{},"geometry":{"type":"LineString","coordinates":[[144.992,-37.8251],[144.9916,-37.8249]]}},{"type":"Feature","id":"way/290003263","properties":{},"geometry":{"type":"LineString","coordinates":[[144.9924,-37.8252],[144.9921,-37.8249]]}},{"type":"Feature","id":"way/290003264","properties":{},"geometry":{"type":"LineString","coordinates":[[144.9921,-37.8251],[144.9934,-37.8262],[144.994,-37.8272]]}},{"type":"Feature","id":"way/290003265","properties":{},"geometry":{"type":"LineString","coordinates":[[144.9917,-37.8249],[144.9921,-37.8251]]}},{"type":"Feature","id":"way/290003266","properties":{},"geometry":{"type":"LineString","coordinates":[[144.9914,-37.8249],[144.9919,-37.8251]]}},{"type":"Feature","id":"way/290003267","properties":{},"geometry":{"type":"LineString","coordinates":[[144.9926,-37.8252],[144.9937,-37.8259],[144.995,-37.8262]]}},{"type":"Feature","id":"way/290003651","properties":{},"geometry":{"type":"LineString","coordinates":[[144.9884,-37.8235],[144.9888,-37.8236]]}},{"type":"Feature","id":"way/290003652","properties":{},"geometry":{"type":"LineString","coordinates":[[144.9884,-37.8236],[144.9887,-37.8237]]}},{"type":"Feature","id":"way/290003653","properties":{},"geometry":{"type":"LineString","coordinates":[[144.9885,-37.8234],[144.9844,-37.8221],[144.9801,-37.8196]]}},{"type":"Feature","id":"way/290003654","properties":{},"geometry":{"type":"LineString","coordinates":[[144.9884,-37.8235],[144.9841,-37.8221],[144.9772,-37.818]]}},{"type":"Feature","id":"way/290003656","properties":{},"geometry":{"type":"LineString","coordinates":[[144.9885,-37.8234],[144.9888,-37.8235]]}},{"type":"Feature","id":"way/290003657","properties":{},"geometry":{"type":"LineString","coordinates":[[144.9883,-37.8237],[144.9848,-37.8227]]}},{"type":"Feature","id":"way/290003944","properties":{},"geometry":{"type":"LineString","coordinates":[[144.9846,-37.8224],[144.9861,-37.823]]}},{"type":"Feature","id":"way/290097402","properties":{},"geometry":{"type":"LineString","coordinates":[[144.9677,-37.8184],[144.9698,-37.8178]]}},{"type":"Feature","id":"way/290097403","properties":{},"geometry":{"type":"LineString","coordinates":[[144.9675,-37.8187],[144.9706,-37.8177]]}},{"type":"Feature","id":"way/290098003","properties":{},"geometry":{"type":"LineString","coordinates":[[144.9439,-37.8092],[144.9416,-37.8083]]}},{"type":"Feature","id":"way/290098591","properties":{},"geometry":{"type":"LineString","coordinates":[[144.9456,-37.8112],[144.945,-37.8105]]}},{"type":"Feature","id":"way/290098593","properties":{},"geometry":{"type":"LineString","coordinates":[[144.9411,-37.8079],[144.9416,-37.8082]]}},{"type":"Feature","id":"way/290099074","properties":{},"geometry":{"type":"LineString","coordinates":[[144.9349,-37.8023],[144.9353,-37.8026]]}},{"type":"Feature","id":"way/290099076","properties":{},"geometry":{"type":"LineString","coordinates":[[144.9348,-37.8023],[144.9328,-37.8011]]}},{"type":"Feature","id":"way/290101519","properties":{},"geometry":{"type":"LineString","coordinates":[[144.9243,-37.7996],[144.925,-37.7997]]}},{"type":"Feature","id":"way/290101521","properties":{},"geometry":{"type":"LineString","coordinates":[[144.9234,-37.7995],[144.9241,-37.7996]]}},{"type":"Feature","id":"way/290486272","properties":{},"geometry":{"type":"LineString","coordinates":[[144.8284,-37.7824],[144.829,-37.7833]]}},{"type":"Feature","id":"way/290486273","properties":{},"geometry":{"type":"LineString","coordinates":[[144.8318,-37.7874],[144.8283,-37.7823]]}},{"type":"Feature","id":"way/290486274","properties":{},"geometry":{"type":"LineString","coordinates":[[144.829,-37.7833],[144.8283,-37.7823]]}},{"type":"Feature","id":"way/290486275","properties":{},"geometry":{"type":"LineString","coordinates":[[144.8318,-37.7873],[144.8356,-37.7922],[144.8397,-37.7952],[144.8417,-37.7962]]}},{"type":"Feature","id":"way/290486277","properties":{},"geometry":{"type":"LineString","coordinates":[[144.8292,-37.7836],[144.829,-37.7833]]}},{"type":"Feature","id":"way/290488852","properties":{},"geometry":{"type":"LineString","coordinates":[[144.8156,-37.7844],[144.8292,-37.7857]]}},{"type":"Feature","id":"way/290490333","properties":{},"geometry":{"type":"LineString","coordinates":[[144.8283,-37.7823],[144.8281,-37.7821]]}},{"type":"Feature","id":"way/290491436","properties":{},"geometry":{"type":"LineString","coordinates":[[144.847,-37.7972],[144.8414,-37.7956],[144.8372,-37.7931],[144.8354,-37.7914],[144.8281,-37.7818]]}},{"type":"Feature","id":"way/290504003","properties":{},"geometry":{"type":"LineString","coordinates":[[144.9414,-37.8062],[144.9381,-37.803],[144.9374,-37.8016]]}},{"type":"Feature","id":"way/290504004","properties":{},"geometry":{"type":"LineString","coordinates":[[144.9374,-37.8016],[144.9386,-37.8034]]}},{"type":"Feature","id":"way/290504957","properties":{},"geometry":{"type":"LineString","coordinates":[[144.9428,-37.8082],[144.9425,-37.8079]]}},{"type":"Feature","id":"way/290505005","properties":{},"geometry":{"type":"LineString","coordinates":[[144.9427,-37.8078],[144.9429,-37.8081]]}},{"type":"Feature","id":"way/291251656","properties":{},"geometry":{"type":"LineString","coordinates":[[144.643,-37.828],[144.6426,-37.8282]]}},{"type":"Feature","id":"way/291251657","properties":{},"geometry":{"type":"LineString","coordinates":[[144.6292,-37.8352],[144.6426,-37.8282]]}},{"type":"Feature","id":"way/291251659","properties":{},"geometry":{"type":"LineString","coordinates":[[144.6426,-37.8282],[144.643,-37.828]]}},{"type":"Feature","id":"way/291251661","properties":{},"geometry":{"type":"LineString","coordinates":[[144.6426,-37.8282],[144.6293,-37.8352]]}},{"type":"Feature","id":"way/291409888","properties":{},"geometry":{"type":"LineString","coordinates":[[144.8851,-37.8017],[144.8755,-37.8003],[144.8712,-37.7991],[144.8623,-37.7984]]}},{"type":"Feature","id":"way/291409889","properties":{},"geometry":{"type":"LineString","coordinates":[[144.885,-37.8016],[144.8754,-37.8002],[144.8712,-37.799],[144.8623,-37.7983]]}},{"type":"Feature","id":"way/291409904","properties":{},"geometry":{"type":"LineString","coordinates":[[144.8924,-37.8026],[144.8925,-37.8026]]}},{"type":"Feature","id":"way/291409905","properties":{},"geometry":{"type":"LineString","coordinates":[[144.8925,-37.8028],[144.8924,-37.8028]]}},{"type":"Feature","id":"way/291409906","properties":{},"geometry":{"type":"LineString","coordinates":[[144.8924,-37.8027],[144.8925,-37.8027]]}},{"type":"Feature","id":"way/291409907","properties":{},"geometry":{"type":"LineString","coordinates":[[144.8926,-37.8025],[144.8924,-37.8025]]}},{"type":"Feature","id":"way/291409908","properties":{},"geometry":{"type":"LineString","coordinates":[[144.8925,-37.8027],[144.8924,-37.8027]]}},{"type":"Feature","id":"way/291410544","properties":{},"geometry":{"type":"LineString","coordinates":[[144.9102,-37.8046],[144.9091,-37.8043]]}},{"type":"Feature","id":"way/291410601","properties":{},"geometry":{"type":"LineString","coordinates":[[144.9473,-37.8126],[144.9486,-37.8136]]}},{"type":"Feature","id":"way/291410734","properties":{},"geometry":{"type":"LineString","coordinates":[[144.9426,-37.8077],[144.9414,-37.8062]]}},{"type":"Feature","id":"way/291410748","properties":{},"geometry":{"type":"LineString","coordinates":[[144.9505,-37.8165],[144.95,-37.8157],[144.95,-37.8147],[144.9505,-37.8138],[144.9513,-37.8132],[144.9682,-37.8082],[144.9696,-37.8081],[144.9712,-37.8085],[144.9723,-37.8094],[144.9757,-37.8163],[144.9769,-37.8177]]}},{"type":"Feature","id":"way/291410978","properties":{},"geometry":{"type":"LineString","coordinates":[[144.9442,-37.8097],[144.9452,-37.8109]]}},{"type":"Feature","id":"way/291442010","properties":{},"geometry":{"type":"LineString","coordinates":[[144.7865,-37.8617],[144.7829,-37.8614],[144.7796,-37.862]]}},{"type":"Feature","id":"way/291442011","properties":{},"geometry":{"type":"LineString","coordinates":[[144.78,-37.8618],[144.7832,-37.8613],[144.7865,-37.8617]]}},{"type":"Feature","id":"way/291442098","properties":{},"geometry":{"type":"LineString","coordinates":[[144.7906,-37.8622],[144.7904,-37.8622]]}},{"type":"Feature","id":"way/291442099","properties":{},"geometry":{"type":"LineString","coordinates":[[144.7904,-37.8622],[144.7865,-37.8617]]}},{"type":"Feature","id":"way/291442102","properties":{},"geometry":{"type":"LineString","coordinates":[[144.8286,-37.867],[144.819,-37.866],[144.8164,-37.8654]]}},{"type":"Feature","id":"way/291442301","properties":{},"geometry":{"type":"LineString","coordinates":[[144.8514,-37.8562],[144.8505,-37.8573]]}},{"type":"Feature","id":"way/291442302","properties":{},"geometry":{"type":"LineString","coordinates":[[144.8505,-37.8573],[144.8499,-37.8582],[144.8493,-37.8618],[144.8486,-37.8629],[144.8472,-37.864]]}},{"type":"Feature","id":"way/291442604","properties":{},"geometry":{"type":"LineString","coordinates":[[144.8697,-37.8493],[144.874,-37.8492],[144.8809,-37.8468],[144.8825,-37.8459],[144.8835,-37.8441]]}},{"type":"Feature","id":"way/291442720","properties":{},"geometry":{"type":"LineString","coordinates":[[144.8835,-37.8441],[144.8834,-37.8404],[144.8837,-37.8391]]}},{"type":"Feature","id":"way/291467733","properties":{},"geometry":{"type":"LineString","coordinates":[[144.9715,-37.8166],[144.974,-37.8159]]}},{"type":"Feature","id":"way/291469763","properties":{},"geometry":{"type":"LineString","coordinates":[[144.9936,-37.805],[144.9938,-37.8043]]}},{"type":"Feature","id":"way/291472615","properties":{},"geometry":{"type":"LineString","coordinates":[[144.9957,-37.7873],[144.9957,-37.7868]]}},{"type":"Feature","id":"way/291472698","properties":{},"geometry":{"type":"LineString","coordinates":[[144.9958,-37.7868],[144.9956,-37.788]]}},{"type":"Feature","id":"way/291535441","properties":{},"geometry":{"type":"LineString","coordinates":[[144.9903,-37.8238],[144.9924,-37.825]]}},{"type":"Feature","id":"way/291535443","properties":{},"geometry":{"type":"LineString","coordinates":[[144.9902,-37.8239],[144.9923,-37.8249]]}},{"type":"Feature","id":"way/291535585","properties":{},"geometry":{"type":"LineString","coordinates":[[145.0068,-37.8274],[145.0091,-37.8276]]}},{"type":"Feature","id":"way/291535751","properties":{},"geometry":{"type":"LineString","coordinates":[[145.0093,-37.8278],[144.995,-37.8262]]}},{"type":"Feature","id":"way/291535753","properties":{},"geometry":{"type":"LineString","coordinates":[[145.0103,-37.8279],[145.0099,-37.8278]]}},{"type":"Feature","id":"way/291535754","properties":{},"geometry":{"type":"LineString","coordinates":[[145.0103,-37.8278],[145.0126,-37.8277]]}},{"type":"Feature","id":"way/291535755","properties":{},"geometry":{"type":"LineString","coordinates":[[145.0091,-37.8277],[145.0099,-37.8278]]}},{"type":"Feature","id":"way/291536425","properties":{},"geometry":{"type":"LineString","coordinates":[[145.0276,-37.8391],[145.0256,-37.8379],[145.0244,-37.8362],[145.0224,-37.8344],[145.0214,-37.8327]]}},{"type":"Feature","id":"way/291536426","properties":{},"geometry":{"type":"LineString","coordinates":[[145.0277,-37.8391],[145.0276,-37.8391]]}},{"type":"Feature","id":"way/291536427","properties":{},"geometry":{"type":"LineString","coordinates":[[145.0276,-37.8391],[145.0278,-37.8391]]}},{"type":"Feature","id":"way/291536513","properties":{},"geometry":{"type":"LineString","coordinates":[[145.0319,-37.8396],[145.0277,-37.8391]]}},{"type":"Feature","id":"way/291536514","properties":{},"geometry":{"type":"LineString","coordinates":[[145.0319,-37.8396],[145.0327,-37.8397]]}},{"type":"Feature","id":"way/291536516","properties":{},"geometry":{"type":"LineString","coordinates":[[145.0327,-37.8397],[145.0319,-37.8396]]}},{"type":"Feature","id":"way/291536707","properties":{},"geometry":{"type":"LineString","coordinates":[[145.0528,-37.8536],[145.0518,-37.8532]]}},{"type":"Feature","id":"way/291536708","properties":{},"geometry":{"type":"LineString","coordinates":[[145.048,-37.8519],[145.0441,-37.8507],[145.0424,-37.8498],[145.0404,-37.848],[145.0393,-37.846]]}},{"type":"Feature","id":"way/291537705","properties":{},"geometry":{"type":"LineString","coordinates":[[145.0701,-37.8772],[145.068,-37.8763],[145.0661,-37.8747],[145.0641,-37.8705],[145.0609,-37.8663],[145.0587,-37.8602],[145.055,-37.8552],[145.0528,-37.8536]]}},{"type":"Feature","id":"way/291538438","properties":{},"geometry":{"type":"LineString","coordinates":[[145.1226,-37.8753],[145.1228,-37.8753]]}},{"type":"Feature","id":"way/291539176","properties":{},"geometry":{"type":"LineString","coordinates":[[145.1601,-37.8789],[145.1594,-37.8787]]}},{"type":"Feature","id":"way/291539436","properties":{},"geometry":{"type":"LineString","coordinates":[[145.0222,-37.8225],[145.0241,-37.8212],[145.0263,-37.8206],[145.0355,-37.8213]]}},{"type":"Feature","id":"way/291539438","properties":{},"geometry":{"type":"LineString","coordinates":[[145.0223,-37.8225],[145.0176,-37.8256]]}},{"type":"Feature","id":"way/291540567","properties":{},"geometry":{"type":"LineString","coordinates":[[145.0538,-37.8247],[145.052,-37.8236],[145.0488,-37.823]]}},{"type":"Feature","id":"way/291575114","properties":{},"geometry":{"type":"LineString","coordinates":[[144.9617,-37.8196],[144.9591,-37.8201],[144.9565,-37.8213],[144.9553,-37.8213],[144.9542,-37.8209]]}},{"type":"Feature","id":"way/291575116","properties":{},"geometry":{"type":"LineString","coordinates":[[144.9617,-37.8195],[144.9591,-37.8201],[144.9565,-37.8213],[144.9553,-37.8213],[144.9542,-37.8209]]}},{"type":"Feature","id":"way/291575117","properties":{},"geometry":{"type":"LineString","coordinates":[[144.9617,-37.8195],[144.9591,-37.8201],[144.9564,-37.8213],[144.9552,-37.8213],[144.9542,-37.8209]]}},{"type":"Feature","id":"way/291575118","properties":{},"geometry":{"type":"LineString","coordinates":[[144.9542,-37.8208],[144.9531,-37.8198]]}},{"type":"Feature","id":"way/291575119","properties":{},"geometry":{"type":"LineString","coordinates":[[144.9542,-37.8209],[144.9529,-37.8199]]}},{"type":"Feature","id":"way/291609521","properties":{},"geometry":{"type":"LineString","coordinates":[[144.9524,-37.8198],[144.9517,-37.8192]]}},{"type":"Feature","id":"way/291609522","properties":{},"geometry":{"type":"LineString","coordinates":[[144.9527,-37.82],[144.9518,-37.8192]]}},{"type":"Feature","id":"way/291610547","properties":{},"geometry":{"type":"LineString","coordinates":[[144.9617,-37.8197],[144.9565,-37.8214],[144.9552,-37.8214],[144.9541,-37.821]]}},{"type":"Feature","id":"way/291610550","properties":{},"geometry":{"type":"LineString","coordinates":[[144.9541,-37.821],[144.9553,-37.8214],[144.9565,-37.8214],[144.9617,-37.8196]]}},{"type":"Feature","id":"way/291614223","properties":{},"geometry":{"type":"LineString","coordinates":[[145.1081,-37.8185],[145.106,-37.8193],[145.0993,-37.8238],[145.0955,-37.825]]}},{"type":"Feature","id":"way/291614224","properties":{},"geometry":{"type":"LineString","coordinates":[[145.1122,-37.8182],[145.1123,-37.8182]]}},{"type":"Feature","id":"way/291614225","properties":{},"geometry":{"type":"LineString","coordinates":[[145.1123,-37.8183],[145.1122,-37.8183]]}},{"type":"Feature","id":"way/291616511","properties":{},"geometry":{"type":"LineString","coordinates":[[145.1198,-37.819],[145.1207,-37.8191]]}},{"type":"Feature","id":"way/291616513","properties":{},"geometry":{"type":"LineString","coordinates":[[145.1272,-37.8201],[145.1377,-37.8215],[145.1403,-37.8209]]}},{"type":"Feature","id":"way/291616514","properties":{},"geometry":{"type":"LineString","coordinates":[[145.1261,-37.8199],[145.1272,-37.8201]]}},{"type":"Feature","id":"way/291617344","properties":{},"geometry":{"type":"LineString","coordinates":[[145.1509,-37.8202],[145.1472,-37.8201]]}},{"type":"Feature","id":"way/291617345","properties":{},"geometry":{"type":"LineString","coordinates":[[145.1472,-37.8201],[145.1438,-37.8198],[145.1413,-37.8205]]}},{"type":"Feature","id":"way/291617346","properties":{},"geometry":{"type":"LineString","coordinates":[[145.151,-37.8201],[145.1525,-37.8202]]}},{"type":"Feature","id":"way/291617347","properties":{},"geometry":{"type":"LineString","coordinates":[[145.1465,-37.82],[145.1483,-37.8201]]}},{"type":"Feature","id":"way/291621820","properties":{},"geometry":{"type":"LineString","coordinates":[[145.2306,-37.8152],[145.2283,-37.8163]]}},{"type":"Feature","id":"way/291621821","properties":{},"geometry":{"type":"LineString","coordinates":[[145.2302,-37.8153],[145.2306,-37.8152]]}},{"type":"Feature","id":"way/291621822","properties":{},"geometry":{"type":"LineString","coordinates":[[145.2306,-37.8152],[145.23,-37.8155]]}},{"type":"Feature","id":"way/291621824","properties":{},"geometry":{"type":"LineString","coordinates":[[145.2283,-37.8163],[145.2273,-37.8166]]}},{"type":"Feature","id":"way/291621825","properties":{},"geometry":{"type":"LineString","coordinates":[[145.2318,-37.8147],[145.2313,-37.8148]]}},{"type":"Feature","id":"way/291623397","properties":{},"geometry":{"type":"LineString","coordinates":[[145.3149,-37.7846],[145.3106,-37.7847]]}},{"type":"Feature","id":"way/291623398","properties":{},"geometry":{"type":"LineString","coordinates":[[145.3094,-37.7844],[145.3057,-37.7832],[145.3036,-37.7832],[145.2913,-37.7874],[145.2896,-37.7885],[145.2869,-37.7916],[145.2842,-37.7933]]}},{"type":"Feature","id":"way/291623399","properties":{},"geometry":{"type":"LineString","coordinates":[[145.3106,-37.7847],[145.3149,-37.7845]]}},{"type":"Feature","id":"way/291688942","properties":{},"geometry":{"type":"LineString","coordinates":[[144.9927,-37.8372],[144.9932,-37.8342]]}},{"type":"Feature","id":"way/291688946","properties":{},"geometry":{"type":"LineString","coordinates":[[144.9924,-37.8389],[144.9924,-37.8392]]}},{"type":"Feature","id":"way/291688950","properties":{},"geometry":{"type":"LineString","coordinates":[[144.9922,-37.8389],[144.9922,-37.8392]]}},{"type":"Feature","id":"way/291688954","properties":{},"geometry":{"type":"LineString","coordinates":[[144.9922,-37.8389],[144.9931,-37.8342]]}},{"type":"Feature","id":"way/291689227","properties":{},"geometry":{"type":"LineString","coordinates":[[144.9921,-37.8388],[144.992,-37.8391]]}},{"type":"Feature","id":"way/291689228","properties":{},"geometry":{"type":"LineString","coordinates":[[144.992,-37.8388],[144.993,-37.8342]]}},{"type":"Feature","id":"way/291708511","properties":{},"geometry":{"type":"LineString","coordinates":[[144.9133,-37.7835],[144.9112,-37.7839],[144.9095,-37.7851]]}},{"type":"Feature","id":"way/291708512","properties":{},"geometry":{"type":"LineString","coordinates":[[144.9139,-37.7835],[144.9163,-37.7836]]}},{"type":"Feature","id":"way/291708513","properties":{},"geometry":{"type":"LineString","coordinates":[[144.9093,-37.7854],[144.911,-37.7839],[144.9139,-37.7835]]}},{"type":"Feature","id":"way/291708514","properties":{},"geometry":{"type":"LineString","coordinates":[[144.9163,-37.7836],[144.9174,-37.7836]]}},{"type":"Feature","id":"way/291749800","properties":{},"geometry":{"type":"LineString","coordinates":[[145.1015,-37.9104],[145.0898,-37.9015]]}},{"type":"Feature","id":"way/291749803","properties":{},"geometry":{"type":"LineString","coordinates":[[145.0893,-37.9011],[145.1016,-37.9104]]}},{"type":"Feature","id":"way/291754966","properties":{},"geometry":{"type":"LineString","coordinates":[[144.828,-37.767],[144.8232,-37.7718],[144.8227,-37.774],[144.8236,-37.7761]]}},{"type":"Feature","id":"way/291754970","properties":{},"geometry":{"type":"LineString","coordinates":[[144.8314,-37.7633],[144.8442,-37.7495]]}},{"type":"Feature","id":"way/291755723","properties":{},"geometry":{"type":"LineString","coordinates":[[144.8241,-37.7768],[144.8278,-37.7817]]}},{"type":"Feature","id":"way/291757100","properties":{},"geometry":{"type":"LineString","coordinates":[[144.7762,-37.7038],[144.7753,-37.7026]]}},{"type":"Feature","id":"way/291757154","properties":{},"geometry":{"type":"LineString","coordinates":[[144.7734,-37.7001],[144.7781,-37.7061]]}},{"type":"Feature","id":"way/291757513","properties":{},"geometry":{"type":"LineString","coordinates":[[144.7745,-37.7016],[144.7736,-37.7004]]}},{"type":"Feature","id":"way/291759943","properties":{},"geometry":{"type":"LineString","coordinates":[[144.7182,-37.5999],[144.718,-37.6177],[144.721,-37.6317],[144.722,-37.6342],[144.7676,-37.6927]]}},{"type":"Feature","id":"way/291835799","properties":{},"geometry":{"type":"LineString","coordinates":[[144.7315,-37.7643],[144.6388,-37.724],[144.5793,-37.7045]]}},{"type":"Feature","id":"way/291836187","properties":{},"geometry":{"type":"LineString","coordinates":[[144.4599,-37.7034],[144.4747,-37.7076]]}},{"type":"Feature","id":"way/291836188","properties":{},"geometry":{"type":"LineString","coordinates":[[144.4362,-37.6875],[144.4398,-37.6883]]}},{"type":"Feature","id":"way/292492458","properties":{},"geometry":{"type":"LineString","coordinates":[[144.9669,-37.8181],[144.9657,-37.8185]]}},{"type":"Feature","id":"way/292492875","properties":{},"geometry":{"type":"LineString","coordinates":[[144.9645,-37.8189],[144.9653,-37.8186]]}},{"type":"Feature","id":"way/292492926","properties":{},"geometry":{"type":"LineString","coordinates":[[144.9703,-37.8173],[144.9687,-37.8178]]}},{"type":"Feature","id":"way/292492931","properties":{},"geometry":{"type":"LineString","coordinates":[[144.9674,-37.8178],[144.9668,-37.818]]}},{"type":"Feature","id":"way/292506368","properties":{},"geometry":{"type":"LineString","coordinates":[[145.1466,-37.7152],[145.148,-37.7134]]}},{"type":"Feature","id":"way/292506382","properties":{},"geometry":{"type":"LineString","coordinates":[[145.1801,-37.6665],[145.1811,-37.6655],[145.1829,-37.6605],[145.186,-37.658],[145.188,-37.6545],[145.1893,-37.6508],[145.1892,-37.6493],[145.1896,-37.6477],[145.1894,-37.6461],[145.1905,-37.6438],[145.1905,-37.6414],[145.1924,-37.6392]]}},{"type":"Feature","id":"way/301466750","properties":{},"geometry":{"type":"LineString","coordinates":[[145.211,-38.1709],[145.2113,-38.1703]]}},{"type":"Feature","id":"way/304363379","properties":{},"geometry":{"type":"LineString","coordinates":[[145.0581,-37.6503],[145.0679,-37.649]]}},{"type":"Feature","id":"way/304363472","properties":{},"geometry":{"type":"LineString","coordinates":[[145.0578,-37.6503],[145.048,-37.6515],[145.0424,-37.6518]]}},{"type":"Feature","id":"way/304366038","properties":{},"geometry":{"type":"LineString","coordinates":[[145.2086,-37.9896],[145.2069,-37.9888],[145.2022,-37.9855]]}},{"type":"Feature","id":"way/304366614","properties":{},"geometry":{"type":"LineString","coordinates":[[145.2074,-37.9889],[145.2079,-37.9892]]}},{"type":"Feature","id":"way/304366839","properties":{},"geometry":{"type":"LineString","coordinates":[[145.2112,-37.9906],[145.2118,-37.9909]]}},{"type":"Feature","id":"way/304366840","properties":{},"geometry":{"type":"LineString","coordinates":[[145.2086,-37.9895],[145.2112,-37.9906]]}},{"type":"Feature","id":"way/304366841","properties":{},"geometry":{"type":"LineString","coordinates":[[145.2115,-37.9909],[145.2067,-37.9886],[145.2022,-37.9855]]}},{"type":"Feature","id":"way/304367810","properties":{},"geometry":{"type":"LineString","coordinates":[[145.2134,-37.9918],[145.212,-37.991]]}},{"type":"Feature","id":"way/304367811","properties":{},"geometry":{"type":"LineString","coordinates":[[145.2113,-37.9908],[145.2086,-37.9896]]}},{"type":"Feature","id":"way/304367976","properties":{},"geometry":{"type":"LineString","coordinates":[[145.212,-37.991],[145.2124,-37.9912]]}},{"type":"Feature","id":"way/304368213","properties":{},"geometry":{"type":"LineString","coordinates":[[145.2214,-37.9997],[145.219,-37.9986],[145.2175,-37.9974],[145.2143,-37.9929]]}},{"type":"Feature","id":"way/304368687","properties":{},"geometry":{"type":"LineString","coordinates":[[145.2353,-38.006],[145.2576,-38.016],[145.2605,-38.0167],[145.2681,-38.0177]]}},{"type":"Feature","id":"way/304370076","properties":{},"geometry":{"type":"LineString","coordinates":[[145.4722,-38.078],[145.4563,-38.0748]]}},{"type":"Feature","id":"way/304468096","properties":{},"geometry":{"type":"LineString","coordinates":[[145.5359,-38.0819],[145.5456,-38.0804],[145.5489,-38.0802],[145.593,-38.0828]]}},{"type":"Feature","id":"way/305803646","properties":{},"geometry":{"type":"LineString","coordinates":[[144.9349,-37.6412],[144.9333,-37.6479],[144.9275,-37.6573],[144.9266,-37.6592],[144.9224,-37.6792],[144.9214,-37.6811],[144.9176,-37.6859],[144.9165,-37.6892]]}},{"type":"Feature","id":"way/305803649","properties":{},"geometry":{"type":"LineString","coordinates":[[144.9382,-37.6249],[144.9349,-37.6412]]}},{"type":"Feature","id":"way/305930646","properties":{},"geometry":{"type":"LineString","coordinates":[[144.9171,-37.8045],[144.9153,-37.8047]]}},{"type":"Feature","id":"way/306103235","properties":{},"geometry":{"type":"LineString","coordinates":[[145.2175,-38.2906],[145.2163,-38.2904]]}},{"type":"Feature","id":"way/306103239","properties":{},"geometry":{"type":"LineString","coordinates":[[145.2163,-38.2904],[145.2149,-38.2898]]}},{"type":"Feature","id":"way/306103240","properties":{},"geometry":{"type":"LineString","coordinates":[[145.2163,-38.2904],[145.2121,-38.2893]]}},{"type":"Feature","id":"way/306103241","properties":{},"geometry":{"type":"LineString","coordinates":[[145.2159,-38.2903],[145.2135,-38.2897]]}},{"type":"Feature","id":"way/306103242","properties":{},"geometry":{"type":"LineString","coordinates":[[145.2156,-38.29],[145.2149,-38.2898]]}},{"type":"Feature","id":"way/306103244","properties":{},"geometry":{"type":"LineString","coordinates":[[145.2104,-38.2889],[145.2116,-38.2892]]}},{"type":"Feature","id":"way/306103245","properties":{},"geometry":{"type":"LineString","coordinates":[[145.2102,-38.2889],[145.2104,-38.2889]]}},{"type":"Feature","id":"way/308993467","properties":{},"geometry":{"type":"LineString","coordinates":[[145.127,-38.1409],[145.1274,-38.14]]}},{"type":"Feature","id":"way/308993475","properties":{},"geometry":{"type":"LineString","coordinates":[[145.1272,-38.1406],[145.1256,-38.1442]]}},{"type":"Feature","id":"way/308994525","properties":{},"geometry":{"type":"LineString","coordinates":[[145.0365,-37.9356],[145.0368,-37.9339]]}},{"type":"Feature","id":"way/308994526","properties":{},"geometry":{"type":"LineString","coordinates":[[145.0365,-37.9365],[145.0365,-37.9373]]}},{"type":"Feature","id":"way/308994527","properties":{},"geometry":{"type":"LineString","coordinates":[[145.0365,-37.9373],[145.0368,-37.9398],[145.0379,-37.9426],[145.0477,-37.9568]]}},{"type":"Feature","id":"way/308994637","properties":{},"geometry":{"type":"LineString","coordinates":[[145.0449,-37.8791],[145.0459,-37.8801],[145.0464,-37.8818],[145.0461,-37.8834],[145.0449,-37.8848]]}},{"type":"Feature","id":"way/308994638","properties":{},"geometry":{"type":"LineString","coordinates":[[145.0452,-37.8794],[145.046,-37.8802],[145.0464,-37.882],[145.046,-37.8834],[145.0449,-37.8848]]}},{"type":"Feature","id":"way/308996187","properties":{},"geometry":{"type":"LineString","coordinates":[[145.1253,-38.1461],[145.1256,-38.1442]]}},{"type":"Feature","id":"way/308996188","properties":{},"geometry":{"type":"LineString","coordinates":[[145.1256,-38.1442],[145.1258,-38.1436]]}},{"type":"Feature","id":"way/309566442","properties":{},"geometry":{"type":"LineString","coordinates":[[145.0684,-37.6489],[145.0679,-37.649]]}},{"type":"Feature","id":"way/311063916","properties":{},"geometry":{"type":"LineString","coordinates":[[145.4074,-38.0655],[145.3808,-38.0603],[145.3781,-38.0588],[145.3711,-38.0529],[145.3652,-38.0507]]}},{"type":"Feature","id":"way/317752007","properties":{},"geometry":{"type":"LineString","coordinates":[[144.9288,-37.7866],[144.9281,-37.7837],[144.9272,-37.7819],[144.9233,-37.7773]]}},{"type":"Feature","id":"way/317752008","properties":{},"geometry":{"type":"LineString","coordinates":[[144.9288,-37.7866],[144.9292,-37.788]]}},{"type":"Feature","id":"way/317878447","properties":{},"geometry":{"type":"LineString","coordinates":[[144.9481,-37.8135],[144.9472,-37.8126]]}},{"type":"Feature","id":"way/318665318","properties":{},"geometry":{"type":"LineString","coordinates":[[144.9444,-37.5994],[144.9438,-37.6008]]}},{"type":"Feature","id":"way/318666461","properties":{},"geometry":{"type":"LineString","coordinates":[[144.9115,-37.7005],[144.9054,-37.7074],[144.9034,-37.7085],[144.901,-37.709]]}},{"type":"Feature","id":"way/318666530","properties":{},"geometry":{"type":"LineString","coordinates":[[144.9107,-37.7013],[144.9149,-37.6963],[144.9156,-37.6941]]}},{"type":"Feature","id":"way/318667799","properties":{},"geometry":{"type":"LineString","coordinates":[[144.8539,-37.739],[144.8665,-37.7254]]}},{"type":"Feature","id":"way/318667800","properties":{},"geometry":{"type":"LineString","coordinates":[[144.8545,-37.7383],[144.8665,-37.7253]]}},{"type":"Feature","id":"way/318929343","properties":{},"geometry":{"type":"LineString","coordinates":[[145.6753,-38.0914],[145.6686,-38.0896],[145.6567,-38.0872]]}},{"type":"Feature","id":"way/318929344","properties":{},"geometry":{"type":"LineString","coordinates":[[145.6567,-38.0872],[145.6489,-38.0861],[145.5932,-38.0829]]}},{"type":"Feature","id":"way/318930583","properties":{},"geometry":{"type":"LineString","coordinates":[[145.6753,-38.0914],[145.6686,-38.0895],[145.6567,-38.0871]]}},{"type":"Feature","id":"way/318930584","properties":{},"geometry":{"type":"LineString","coordinates":[[145.6753,-38.0914],[145.6975,-38.0972],[145.7168,-38.0987]]}},{"type":"Feature","id":"way/318931157","properties":{},"geometry":{"type":"LineString","coordinates":[[145.7158,-38.0986],[145.6966,-38.097],[145.6753,-38.0914]]}},{"type":"Feature","id":"way/319352634","properties":{},"geometry":{"type":"LineString","coordinates":[[144.9165,-37.7021],[144.9158,-37.6998],[144.9157,-37.698],[144.9165,-37.6886],[144.9176,-37.6858],[144.9203,-37.6821]]}},{"type":"Feature","id":"way/319353190","properties":{},"geometry":{"type":"LineString","coordinates":[[144.9293,-37.7376],[144.9276,-37.729],[144.9266,-37.7268],[144.9223,-37.7202],[144.9182,-37.7078]]}},{"type":"Feature","id":"way/319656535","properties":{},"geometry":{"type":"LineString","coordinates":[[144.9586,-37.6989],[144.9582,-37.6951],[144.9572,-37.6924]]}},{"type":"Feature","id":"way/319657726","properties":{},"geometry":{"type":"LineString","coordinates":[[144.955,-37.6834],[144.9518,-37.6787],[144.9463,-37.6649]]}},{"type":"Feature","id":"way/319657727","properties":{},"geometry":{"type":"LineString","coordinates":[[144.955,-37.6834],[144.955,-37.6834]]}},{"type":"Feature","id":"way/321274701","properties":{},"geometry":{"type":"LineString","coordinates":[[144.643,-37.828],[144.6467,-37.8268],[144.6508,-37.8262],[144.6556,-37.8262],[144.66,-37.8268]]}},{"type":"Feature","id":"way/321274702","properties":{},"geometry":{"type":"LineString","coordinates":[[144.7147,-37.8308],[144.7092,-37.8326],[144.7044,-37.8331]]}},{"type":"Feature","id":"way/321274704","properties":{},"geometry":{"type":"LineString","coordinates":[[144.7147,-37.8308],[144.7151,-37.8306]]}},{"type":"Feature","id":"way/321274705","properties":{},"geometry":{"type":"LineString","coordinates":[[144.7151,-37.8306],[144.7195,-37.828],[144.7215,-37.8262],[144.7233,-37.8242],[144.7319,-37.8088],[144.7328,-37.8065]]}},{"type":"Feature","id":"way/321274707","properties":{},"geometry":{"type":"LineString","coordinates":[[144.7152,-37.8306],[144.7147,-37.8308]]}},{"type":"Feature","id":"way/321274844","properties":{},"geometry":{"type":"LineString","coordinates":[[144.696,-37.8324],[144.684,-37.8307]]}},{"type":"Feature","id":"way/321274845","properties":{},"geometry":{"type":"LineString","coordinates":[[144.7044,-37.8331],[144.7034,-37.8331]]}},{"type":"Feature","id":"way/321274846","properties":{},"geometry":{"type":"LineString","coordinates":[[144.7034,-37.8331],[144.7044,-37.8331]]}},{"type":"Feature","id":"way/321274847","properties":{},"geometry":{"type":"LineString","coordinates":[[144.6961,-37.8323],[144.7034,-37.8331]]}},{"type":"Feature","id":"way/321274849","properties":{},"geometry":{"type":"LineString","coordinates":[[144.7044,-37.8331],[144.7092,-37.8325],[144.7147,-37.8308]]}},{"type":"Feature","id":"way/321274853","properties":{},"geometry":{"type":"LineString","coordinates":[[144.696,-37.8323],[144.6961,-37.8323]]}},{"type":"Feature","id":"way/321274854","properties":{},"geometry":{"type":"LineString","coordinates":[[144.7034,-37.8331],[144.6961,-37.8324]]}},{"type":"Feature","id":"way/321274855","properties":{},"geometry":{"type":"LineString","coordinates":[[144.6961,-37.8324],[144.696,-37.8324]]}},{"type":"Feature","id":"way/321277593","properties":{},"geometry":{"type":"LineString","coordinates":[[144.733,-37.8063],[144.7329,-37.8065]]}},{"type":"Feature","id":"way/321277594","properties":{},"geometry":{"type":"LineString","coordinates":[[144.7554,-37.773],[144.7506,-37.7723],[144.745,-37.7737]]}},{"type":"Feature","id":"way/321277595","properties":{},"geometry":{"type":"LineString","coordinates":[[144.7328,-37.8065],[144.7329,-37.8063]]}},{"type":"Feature","id":"way/321277596","properties":{},"geometry":{"type":"LineString","coordinates":[[144.7329,-37.8063],[144.7335,-37.8039],[144.7365,-37.7836]]}},{"type":"Feature","id":"way/321277597","properties":{},"geometry":{"type":"LineString","coordinates":[[144.7329,-37.8065],[144.7319,-37.8088],[144.7233,-37.8242],[144.7216,-37.8263],[144.7195,-37.828],[144.7152,-37.8306]]}},{"type":"Feature","id":"way/321277598","properties":{},"geometry":{"type":"LineString","coordinates":[[144.745,-37.7737],[144.7506,-37.7722],[144.7539,-37.7726]]}},{"type":"Feature","id":"way/321277599","properties":{},"geometry":{"type":"LineString","coordinates":[[144.7447,-37.7738],[144.745,-37.7737]]}},{"type":"Feature","id":"way/321277600","properties":{},"geometry":{"type":"LineString","coordinates":[[144.745,-37.7737],[144.7448,-37.7738]]}},{"type":"Feature","id":"way/321277601","properties":{},"geometry":{"type":"LineString","coordinates":[[144.7448,-37.7738],[144.7411,-37.7759],[144.7384,-37.7786]]}},{"type":"Feature","id":"way/321456683","properties":{},"geometry":{"type":"LineString","coordinates":[[144.6604,-37.8269],[144.66,-37.8269]]}},{"type":"Feature","id":"way/321456684","properties":{},"geometry":{"type":"LineString","coordinates":[[144.6604,-37.8269],[144.6838,-37.8306]]}},{"type":"Feature","id":"way/321456685","properties":{},"geometry":{"type":"LineString","coordinates":[[144.66,-37.8268],[144.6604,-37.8269]]}},{"type":"Feature","id":"way/321456691","properties":{},"geometry":{"type":"LineString","coordinates":[[144.66,-37.8269],[144.6556,-37.8262],[144.6508,-37.8262],[144.6467,-37.8269],[144.643,-37.828]]}},{"type":"Feature","id":"way/322402781","properties":{},"geometry":{"type":"LineString","coordinates":[[144.7382,-37.7788],[144.7384,-37.7786]]}},{"type":"Feature","id":"way/322402782","properties":{},"geometry":{"type":"LineString","coordinates":[[144.7384,-37.7786],[144.7383,-37.7788]]}},{"type":"Feature","id":"way/322402783","properties":{},"geometry":{"type":"LineString","coordinates":[[144.7384,-37.7786],[144.741,-37.7759],[144.7447,-37.7738]]}},{"type":"Feature","id":"way/322402784","properties":{},"geometry":{"type":"LineString","coordinates":[[144.7383,-37.7788],[144.7371,-37.7812],[144.7366,-37.7836]]}},{"type":"Feature","id":"way/324478956","properties":{},"geometry":{"type":"LineString","coordinates":[[144.8292,-37.7857],[144.8156,-37.7845]]}},{"type":"Feature","id":"way/326024834","properties":{},"geometry":{"type":"LineString","coordinates":[[145.434,-38.0705],[145.456,-38.0747]]}},{"type":"Feature","id":"way/326024835","properties":{},"geometry":{"type":"LineString","coordinates":[[145.4137,-38.0666],[145.4139,-38.0667]]}},{"type":"Feature","id":"way/326024838","properties":{},"geometry":{"type":"LineString","coordinates":[[145.4139,-38.0667],[145.4137,-38.0667]]}},{"type":"Feature","id":"way/340881501","properties":{},"geometry":{"type":"LineString","coordinates":[[144.968,-37.8177],[144.9668,-37.818]]}},{"type":"Feature","id":"way/346721461","properties":{},"geometry":{"type":"LineString","coordinates":[[145.1505,-37.9472],[145.1333,-37.9343]]}},{"type":"Feature","id":"way/346721464","properties":{},"geometry":{"type":"LineString","coordinates":[[145.1016,-37.9104],[145.1172,-37.9219]]}},{"type":"Feature","id":"way/346723721","properties":{},"geometry":{"type":"LineString","coordinates":[[145.1508,-37.9474],[145.1512,-37.9477]]}},{"type":"Feature","id":"way/346727068","properties":{},"geometry":{"type":"LineString","coordinates":[[145.1526,-37.9487],[145.1335,-37.9345]]}},{"type":"Feature","id":"way/346727076","properties":{},"geometry":{"type":"LineString","coordinates":[[145.1533,-37.9492],[145.1681,-37.9604]]}},{"type":"Feature","id":"way/346727084","properties":{},"geometry":{"type":"LineString","coordinates":[[145.1526,-37.9487],[145.1533,-37.9492]]}},{"type":"Feature","id":"way/346727089","properties":{},"geometry":{"type":"LineString","coordinates":[[145.1533,-37.9492],[145.1526,-37.9487]]}},{"type":"Feature","id":"way/349695387","properties":{},"geometry":{"type":"LineString","coordinates":[[144.9492,-37.8155],[144.9459,-37.812]]}},{"type":"Feature","id":"way/349760486","properties":{},"geometry":{"type":"LineString","coordinates":[[144.9447,-37.8101],[144.9456,-37.8112]]}},{"type":"Feature","id":"way/349760487","properties":{},"geometry":{"type":"LineString","coordinates":[[144.9447,-37.8101],[144.945,-37.8105]]}},{"type":"Feature","id":"way/349760488","properties":{},"geometry":{"type":"LineString","coordinates":[[144.945,-37.8105],[144.9439,-37.8092]]}},{"type":"Feature","id":"way/349764530","properties":{},"geometry":{"type":"LineString","coordinates":[[144.9403,-37.8074],[144.9399,-37.8072]]}},{"type":"Feature","id":"way/349764533","properties":{},"geometry":{"type":"LineString","coordinates":[[144.9411,-37.8079],[144.9403,-37.8074]]}},{"type":"Feature","id":"way/349764537","properties":{},"geometry":{"type":"LineString","coordinates":[[144.9399,-37.8072],[144.9384,-37.8064]]}},{"type":"Feature","id":"way/349764540","properties":{},"geometry":{"type":"LineString","coordinates":[[144.9399,-37.8072],[144.9411,-37.8079]]}},{"type":"Feature","id":"way/349764543","properties":{},"geometry":{"type":"LineString","coordinates":[[144.9358,-37.8031],[144.9374,-37.8047],[144.9396,-37.8061],[144.9401,-37.807]]}},{"type":"Feature","id":"way/349764549","properties":{},"geometry":{"type":"LineString","coordinates":[[144.94,-37.807],[144.9395,-37.8061],[144.9373,-37.8048],[144.9358,-37.8031]]}},{"type":"Feature","id":"way/350722473","properties":{},"geometry":{"type":"LineString","coordinates":[[144.7365,-37.7836],[144.7371,-37.7811],[144.7382,-37.7788]]}},{"type":"Feature","id":"way/350722474","properties":{},"geometry":{"type":"LineString","coordinates":[[144.7366,-37.7836],[144.7336,-37.8039],[144.733,-37.8063]]}},{"type":"Feature","id":"way/354730164","properties":{},"geometry":{"type":"LineString","coordinates":[[145.078,-37.8949],[145.0858,-37.8985],[145.0893,-37.9011]]}},{"type":"Feature","id":"way/354732096","properties":{},"geometry":{"type":"LineString","coordinates":[[144.9795,-37.8197],[144.9746,-37.8173],[144.9729,-37.8172],[144.9708,-37.8176]]}},{"type":"Feature","id":"way/354732099","properties":{},"geometry":{"type":"LineString","coordinates":[[144.9639,-37.8192],[144.9629,-37.8194]]}},{"type":"Feature","id":"way/354732100","properties":{},"geometry":{"type":"LineString","coordinates":[[144.9624,-37.8195],[144.9645,-37.819]]}},{"type":"Feature","id":"way/354732101","properties":{},"geometry":{"type":"LineString","coordinates":[[144.9629,-37.8194],[144.9617,-37.8197]]}},{"type":"Feature","id":"way/354732103","properties":{},"geometry":{"type":"LineString","coordinates":[[145.0398,-37.8756],[145.0415,-37.8769]]}},{"type":"Feature","id":"way/354732104","properties":{},"geometry":{"type":"LineString","coordinates":[[144.9795,-37.8196],[144.9834,-37.8221],[144.9883,-37.8238]]}},{"type":"Feature","id":"way/354732105","properties":{},"geometry":{"type":"LineString","coordinates":[[144.9504,-37.8173],[144.9492,-37.8155]]}},{"type":"Feature","id":"way/355834489","properties":{},"geometry":{"type":"LineString","coordinates":[[144.8924,-37.8028],[144.8839,-37.8019]]}},{"type":"Feature","id":"way/355835170","properties":{},"geometry":{"type":"LineString","coordinates":[[144.8839,-37.8019],[144.8924,-37.8027]]}},{"type":"Feature","id":"way/355835754","properties":{},"geometry":{"type":"LineString","coordinates":[[144.8839,-37.8019],[144.8623,-37.7993]]}},{"type":"Feature","id":"way/355835999","properties":{},"geometry":{"type":"LineString","coordinates":[[144.882,-37.8016],[144.8622,-37.7992]]}},{"type":"Feature","id":"way/370429022","properties":{},"geometry":{"type":"LineString","coordinates":[[145.5932,-38.0829],[145.6506,-38.0862],[145.6567,-38.0871]]}},{"type":"Feature","id":"way/370429023","properties":{},"geometry":{"type":"LineString","coordinates":[[145.593,-38.0828],[145.5932,-38.0829]]}},{"type":"Feature","id":"way/370429024","properties":{},"geometry":{"type":"LineString","coordinates":[[145.5711,-38.0816],[145.5482,-38.0803],[145.5359,-38.0819]]}},{"type":"Feature","id":"way/370429025","properties":{},"geometry":{"type":"LineString","coordinates":[[145.5932,-38.0829],[145.593,-38.0829]]}},{"type":"Feature","id":"way/383233193","properties":{},"geometry":{"type":"LineString","coordinates":[[144.8417,-37.7963],[144.8356,-37.7922],[144.8318,-37.7874]]}},{"type":"Feature","id":"way/383233196","properties":{},"geometry":{"type":"LineString","coordinates":[[144.842,-37.7964],[144.8464,-37.7975],[144.8618,-37.7992]]}},{"type":"Feature","id":"way/383233200","properties":{},"geometry":{"type":"LineString","coordinates":[[144.8417,-37.7962],[144.842,-37.7964]]}},{"type":"Feature","id":"way/383233202","properties":{},"geometry":{"type":"LineString","coordinates":[[144.842,-37.7964],[144.8417,-37.7963]]}},{"type":"Feature","id":"way/383234411","properties":{},"geometry":{"type":"LineString","coordinates":[[144.8389,-37.7944],[144.8362,-37.7924],[144.8342,-37.79]]}},{"type":"Feature","id":"way/383235371","properties":{},"geometry":{"type":"LineString","coordinates":[[144.8371,-37.7933],[144.838,-37.7939]]}},{"type":"Feature","id":"way/383235372","properties":{},"geometry":{"type":"LineString","coordinates":[[144.8373,-37.7935],[144.8381,-37.794]]}},{"type":"Feature","id":"way/383235373","properties":{},"geometry":{"type":"LineString","coordinates":[[144.8397,-37.795],[144.8391,-37.7945]]}},{"type":"Feature","id":"way/386481627","properties":{},"geometry":{"type":"LineString","coordinates":[[145.081,-37.6474],[145.0888,-37.6463],[145.0905,-37.6455],[145.0928,-37.6435]]}},{"type":"Feature","id":"way/390339672","properties":{},"geometry":{"type":"LineString","coordinates":[[145.0984,-37.6141],[145.0979,-37.6167]]}},{"type":"Feature","id":"way/390339674","properties":{},"geometry":{"type":"LineString","coordinates":[[145.0978,-37.6166],[145.0983,-37.6141]]}},{"type":"Feature","id":"way/390340324","properties":{},"geometry":{"type":"LineString","coordinates":[[145.0958,-37.6364],[145.0968,-37.6304],[145.0972,-37.6252]]}},{"type":"Feature","id":"way/390340326","properties":{},"geometry":{"type":"LineString","coordinates":[[145.0953,-37.6379],[145.0942,-37.6417],[145.0929,-37.6434]]}},{"type":"Feature","id":"way/390340329","properties":{},"geometry":{"type":"LineString","coordinates":[[145.0959,-37.6364],[145.0953,-37.6379]]}},{"type":"Feature","id":"way/390340330","properties":{},"geometry":{"type":"LineString","coordinates":[[145.0953,-37.6379],[145.0958,-37.6364]]}},{"type":"Feature","id":"way/390341214","properties":{},"geometry":{"type":"LineString","coordinates":[[145.0684,-37.649],[145.0679,-37.6491]]}},{"type":"Feature","id":"way/393558723","properties":{},"geometry":{"type":"LineString","coordinates":[[144.9511,-37.8176],[144.9513,-37.818]]}},{"type":"Feature","id":"way/393558728","properties":{},"geometry":{"type":"LineString","coordinates":[[144.9517,-37.818],[144.9513,-37.8176]]}},{"type":"Feature","id":"way/393558734","properties":{},"geometry":{"type":"LineString","coordinates":[[144.9529,-37.8187],[144.9518,-37.8174]]}},{"type":"Feature","id":"way/393558735","properties":{},"geometry":{"type":"LineString","coordinates":[[144.9528,-37.8188],[144.9517,-37.8174]]}},{"type":"Feature","id":"way/393558740","properties":{},"geometry":{"type":"LineString","coordinates":[[144.951,-37.8176],[144.9528,-37.8199]]}},{"type":"Feature","id":"way/404315627","properties":{},"geometry":{"type":"LineString","coordinates":[[145.1012,-37.6017],[145.1005,-37.6048]]}},{"type":"Feature","id":"way/405940414","properties":{},"geometry":{"type":"LineString","coordinates":[[145.129,-37.9309],[145.1333,-37.9343]]}},{"type":"Feature","id":"way/405940891","properties":{},"geometry":{"type":"LineString","coordinates":[[145.1681,-37.9604],[145.1533,-37.9492]]}},{"type":"Feature","id":"way/405941125","properties":{},"geometry":{"type":"LineString","coordinates":[[145.1883,-37.9758],[145.1964,-37.9814]]}},{"type":"Feature","id":"way/405941195","properties":{},"geometry":{"type":"LineString","coordinates":[[145.1883,-37.9759],[145.183,-37.9719]]}},{"type":"Feature","id":"way/405941197","properties":{},"geometry":{"type":"LineString","coordinates":[[145.1681,-37.9604],[145.1796,-37.969]]}},{"type":"Feature","id":"way/412618368","properties":{},"geometry":{"type":"LineString","coordinates":[[145.2831,-37.8574],[145.2851,-37.861]]}},{"type":"Feature","id":"way/414035147","properties":{},"geometry":{"type":"LineString","coordinates":[[144.734,-37.7652],[144.7442,-37.7698],[144.7553,-37.773]]}},{"type":"Feature","id":"way/414129082","properties":{},"geometry":{"type":"LineString","coordinates":[[144.5787,-37.7043],[144.5794,-37.7045]]}},{"type":"Feature","id":"way/414129083","properties":{},"geometry":{"type":"LineString","coordinates":[[144.5705,-37.703],[144.5786,-37.7042]]}},{"type":"Feature","id":"way/419811479","properties":{},"geometry":{"type":"LineString","coordinates":[[144.9002,-37.8022],[144.8951,-37.8028],[144.8926,-37.8026]]}},{"type":"Feature","id":"way/419811487","properties":{},"geometry":{"type":"LineString","coordinates":[[144.9011,-37.8022],[144.9002,-37.8022]]}},{"type":"Feature","id":"way/419811491","properties":{},"geometry":{"type":"LineString","coordinates":[[144.9012,-37.8022],[144.9002,-37.8022]]}},{"type":"Feature","id":"way/419811494","properties":{},"geometry":{"type":"LineString","coordinates":[[144.9002,-37.8022],[144.8948,-37.8027],[144.8926,-37.8025]]}},{"type":"Feature","id":"way/422924945","properties":{},"geometry":{"type":"LineString","coordinates":[[144.9495,-37.8143],[144.9478,-37.8131]]}},{"type":"Feature","id":"way/427187338","properties":{},"geometry":{"type":"LineString","coordinates":[[144.9521,-37.8181],[144.9517,-37.8177]]}},{"type":"Feature","id":"way/427187340","properties":{},"geometry":{"type":"LineString","coordinates":[[144.9527,-37.8192],[144.9529,-37.8197]]}},{"type":"Feature","id":"way/427566774","properties":{},"geometry":{"type":"LineString","coordinates":[[144.953,-37.8202],[144.9527,-37.82]]}},{"type":"Feature","id":"way/435402166","properties":{},"geometry":{"type":"LineString","coordinates":[[145.0983,-37.6141],[145.1004,-37.6048]]}},{"type":"Feature","id":"way/435402167","properties":{},"geometry":{"type":"LineString","coordinates":[[145.1005,-37.6048],[145.0984,-37.6141]]}},{"type":"Feature","id":"way/435420142","properties":{},"geometry":{"type":"LineString","coordinates":[[145.0979,-37.6167],[145.0976,-37.6199]]}},{"type":"Feature","id":"way/435420342","properties":{},"geometry":{"type":"LineString","coordinates":[[145.0975,-37.62],[145.0978,-37.6166]]}},{"type":"Feature","id":"way/435420343","properties":{},"geometry":{"type":"LineString","coordinates":[[145.0973,-37.6252],[145.0969,-37.6305],[145.0959,-37.6364]]}},{"type":"Feature","id":"way/435420344","properties":{},"geometry":{"type":"LineString","coordinates":[[145.0976,-37.6199],[145.0973,-37.6252]]}},{"type":"Feature","id":"way/435420345","properties":{},"geometry":{"type":"LineString","coordinates":[[145.0972,-37.6252],[145.0975,-37.62]]}},{"type":"Feature","id":"way/437112345","properties":{},"geometry":{"type":"LineString","coordinates":[[144.5794,-37.7045],[144.6388,-37.724],[144.734,-37.7652]]}},{"type":"Feature","id":"way/442358088","properties":{},"geometry":{"type":"LineString","coordinates":[[145.1289,-37.931],[145.1216,-37.9254]]}},{"type":"Feature","id":"way/442358702","properties":{},"geometry":{"type":"LineString","coordinates":[[145.1217,-37.9253],[145.129,-37.9309]]}},{"type":"Feature","id":"way/450188542","properties":{},"geometry":{"type":"LineString","coordinates":[[144.9922,-37.8392],[144.9924,-37.8401],[144.9929,-37.8409],[144.9948,-37.8417]]}},{"type":"Feature","id":"way/450188543","properties":{},"geometry":{"type":"LineString","coordinates":[[144.9922,-37.8392],[144.9922,-37.8389]]}},{"type":"Feature","id":"way/450188545","properties":{},"geometry":{"type":"LineString","coordinates":[[144.9924,-37.8392],[144.9929,-37.8406],[144.9947,-37.8416]]}},{"type":"Feature","id":"way/450188546","properties":{},"geometry":{"type":"LineString","coordinates":[[144.992,-37.8391],[144.992,-37.8388]]}},{"type":"Feature","id":"way/450188547","properties":{},"geometry":{"type":"LineString","coordinates":[[144.9923,-37.8392],[144.9924,-37.8389]]}},{"type":"Feature","id":"way/460871992","properties":{},"geometry":{"type":"LineString","coordinates":[[144.9824,-37.8213],[144.9797,-37.8195]]}},{"type":"Feature","id":"way/462455096","properties":{},"geometry":{"type":"LineString","coordinates":[[145.0808,-37.6475],[145.0684,-37.649]]}},{"type":"Feature","id":"way/462455097","properties":{},"geometry":{"type":"LineString","coordinates":[[145.0928,-37.6434],[145.0942,-37.6416],[145.0953,-37.6379]]}},{"type":"Feature","id":"way/474297505","properties":{},"geometry":{"type":"LineString","coordinates":[[145.0799,-37.8251],[145.0782,-37.8257],[145.0765,-37.8258]]}},{"type":"Feature","id":"way/474297506","properties":{},"geometry":{"type":"LineString","coordinates":[[145.0799,-37.8252],[145.0782,-37.8258],[145.0765,-37.8259]]}},{"type":"Feature","id":"way/481307548","properties":{},"geometry":{"type":"LineString","coordinates":[[144.9517,-37.8174],[144.9495,-37.815]]}},{"type":"Feature","id":"way/485977663","properties":{},"geometry":{"type":"LineString","coordinates":[[144.9752,-37.8354],[144.9759,-37.8363],[144.9778,-37.8373],[144.9876,-37.8384],[144.9914,-37.8397],[144.9931,-37.8409]]}},{"type":"Feature","id":"way/485977664","properties":{},"geometry":{"type":"LineString","coordinates":[[144.9931,-37.8409],[144.9914,-37.8397],[144.9876,-37.8385],[144.9817,-37.8385],[144.9785,-37.8377],[144.9761,-37.8366],[144.975,-37.8354]]}},{"type":"Feature","id":"way/486037907","properties":{},"geometry":{"type":"LineString","coordinates":[[144.9931,-37.8409],[144.9941,-37.8414]]}},{"type":"Feature","id":"way/486037908","properties":{},"geometry":{"type":"LineString","coordinates":[[144.994,-37.8414],[144.9931,-37.8409]]}},{"type":"Feature","id":"way/508906845","properties":{},"geometry":{"type":"LineString","coordinates":[[144.8402,-37.8465],[144.843,-37.8464]]}},{"type":"Feature","id":"way/514918400","properties":{},"geometry":{"type":"LineString","coordinates":[[144.8526,-37.8536],[144.8523,-37.8545]]}},{"type":"Feature","id":"way/514918401","properties":{},"geometry":{"type":"LineString","coordinates":[[144.8533,-37.8515],[144.8526,-37.8536]]}},{"type":"Feature","id":"way/514918402","properties":{},"geometry":{"type":"LineString","coordinates":[[144.8526,-37.8535],[144.8532,-37.8515]]}},{"type":"Feature","id":"way/525615528","properties":{},"geometry":{"type":"LineString","coordinates":[[145.1309,-38.1317],[145.1325,-38.1282]]}},{"type":"Feature","id":"way/525615529","properties":{},"geometry":{"type":"LineString","coordinates":[[145.1326,-38.1282],[145.1311,-38.1318]]}},{"type":"Feature","id":"way/529188722","properties":{},"geometry":{"type":"LineString","coordinates":[[144.9673,-37.8179],[144.9674,-37.8178]]}},{"type":"Feature","id":"way/529650655","properties":{},"geometry":{"type":"LineString","coordinates":[[145.1505,-37.9472],[145.1526,-37.9487]]}},{"type":"Feature","id":"way/529650657","properties":{},"geometry":{"type":"LineString","coordinates":[[145.1394,-37.9389],[145.1505,-37.9472]]}},{"type":"Feature","id":"way/529651299","properties":{},"geometry":{"type":"LineString","coordinates":[[145.2022,-37.9855],[145.1965,-37.9815]]}},{"type":"Feature","id":"way/529652542","properties":{},"geometry":{"type":"LineString","coordinates":[[145.2151,-37.9941],[145.2176,-37.9974],[145.2206,-37.9993]]}},{"type":"Feature","id":"way/533164756","properties":{},"geometry":{"type":"LineString","coordinates":[[144.8489,-37.8082],[144.8445,-37.8037],[144.8438,-37.8025],[144.8441,-37.8008],[144.8465,-37.7982]]}},{"type":"Feature","id":"way/533166076","properties":{},"geometry":{"type":"LineString","coordinates":[[144.8084,-37.8545],[144.8224,-37.851]]}},{"type":"Feature","id":"way/533169251","properties":{},"geometry":{"type":"LineString","coordinates":[[144.4021,-38.0353],[144.3913,-38.0534]]}},{"type":"Feature","id":"way/538461958","properties":{},"geometry":{"type":"LineString","coordinates":[[145.2714,-37.845],[145.2831,-37.8574]]}},{"type":"Feature","id":"way/538461960","properties":{},"geometry":{"type":"LineString","coordinates":[[145.2714,-37.845],[145.2659,-37.8394]]}},{"type":"Feature","id":"way/579058271","properties":{},"geometry":{"type":"LineString","coordinates":[[144.9992,-37.7514],[144.9964,-37.7673],[144.9943,-37.7719],[144.9928,-37.7787],[144.9923,-37.7797]]}},{"type":"Feature","id":"way/579062048","properties":{},"geometry":{"type":"LineString","coordinates":[[145.0218,-37.7792],[145.029,-37.779]]}},{"type":"Feature","id":"way/579062049","properties":{},"geometry":{"type":"LineString","coordinates":[[145.0218,-37.7792],[145.0015,-37.7793],[145.0003,-37.7798],[144.9993,-37.7807],[144.9972,-37.7843]]}},{"type":"Feature","id":"way/579062050","properties":{},"geometry":{"type":"LineString","coordinates":[[145.029,-37.779],[145.0345,-37.7773]]}},{"type":"Feature","id":"way/579062051","properties":{},"geometry":{"type":"LineString","coordinates":[[145.0289,-37.7791],[145.0218,-37.7792]]}},{"type":"Feature","id":"way/580760372","properties":{},"geometry":{"type":"LineString","coordinates":[[144.9212,-37.7988],[144.925,-37.7993]]}},{"type":"Feature","id":"way/580760373","properties":{},"geometry":{"type":"LineString","coordinates":[[144.925,-37.7993],[144.9212,-37.7988]]}},{"type":"Feature","id":"way/586915734","properties":{},"geometry":{"type":"LineString","coordinates":[[145.1307,-38.1108],[145.13,-38.11]]}},{"type":"Feature","id":"way/586915736","properties":{},"geometry":{"type":"LineString","coordinates":[[145.1307,-38.1109],[145.131,-38.1113]]}},{"type":"Feature","id":"way/586915737","properties":{},"geometry":{"type":"LineString","coordinates":[[145.1311,-38.1112],[145.1307,-38.1108]]}},{"type":"Feature","id":"way/586915738","properties":{},"geometry":{"type":"LineString","coordinates":[[145.1311,-38.1112],[145.1353,-38.1162],[145.1362,-38.1185],[145.1359,-38.1207],[145.1326,-38.1282]]}},{"type":"Feature","id":"way/586915739","properties":{},"geometry":{"type":"LineString","coordinates":[[145.1299,-38.11],[145.1307,-38.1109]]}},{"type":"Feature","id":"way/586915740","properties":{},"geometry":{"type":"LineString","coordinates":[[145.1295,-38.1095],[145.1286,-38.1079],[145.1282,-38.1063],[145.1281,-38.0911],[145.1276,-38.089],[145.1267,-38.087]]}},{"type":"Feature","id":"way/586915861","properties":{},"geometry":{"type":"LineString","coordinates":[[145.1325,-38.1282],[145.1359,-38.1204],[145.1361,-38.1186],[145.1353,-38.1164],[145.131,-38.1113]]}},{"type":"Feature","id":"way/586915862","properties":{},"geometry":{"type":"LineString","coordinates":[[145.1311,-38.1318],[145.1273,-38.1402]]}},{"type":"Feature","id":"way/591719144","properties":{},"geometry":{"type":"LineString","coordinates":[[145.2375,-38.0329],[145.2395,-38.0375]]}},{"type":"Feature","id":"way/606995594","properties":{},"geometry":{"type":"LineString","coordinates":[[144.8514,-37.8562],[144.8523,-37.8545]]}},{"type":"Feature","id":"way/610161995","properties":{},"geometry":{"type":"LineString","coordinates":[[144.8523,-37.8545],[144.8526,-37.8535]]}},{"type":"Feature","id":"way/613399522","properties":{},"geometry":{"type":"LineString","coordinates":[[144.9227,-37.7766],[144.9209,-37.7734],[144.9192,-37.7657],[144.9167,-37.7607],[144.916,-37.7562],[144.9165,-37.7539]]}},{"type":"Feature","id":"way/613399529","properties":{},"geometry":{"type":"LineString","coordinates":[[144.9164,-37.7588],[144.917,-37.7616],[144.9193,-37.766],[144.9211,-37.7737],[144.9227,-37.7766]]}},{"type":"Feature","id":"way/613399531","properties":{},"geometry":{"type":"LineString","coordinates":[[144.9163,-37.7586],[144.9163,-37.7545]]}},{"type":"Feature","id":"way/627662553","properties":{},"geometry":{"type":"LineString","coordinates":[[145.1338,-38.1253],[145.1341,-38.1247]]}},{"type":"Feature","id":"way/631795984","properties":{},"geometry":{"type":"LineString","coordinates":[[145.0391,-37.8218],[145.039,-37.8218]]}},{"type":"Feature","id":"way/631795985","properties":{},"geometry":{"type":"LineString","coordinates":[[145.039,-37.8218],[145.0357,-37.8215]]}},{"type":"Feature","id":"way/631795986","properties":{},"geometry":{"type":"LineString","coordinates":[[145.0391,-37.8218],[145.039,-37.8218]]}},{"type":"Feature","id":"way/631795987","properties":{},"geometry":{"type":"LineString","coordinates":[[145.039,-37.8218],[145.0357,-37.8214]]}},{"type":"Feature","id":"way/631795988","properties":{},"geometry":{"type":"LineString","coordinates":[[145.039,-37.8217],[145.0391,-37.8218]]}},{"type":"Feature","id":"way/631795989","properties":{},"geometry":{"type":"LineString","coordinates":[[145.0391,-37.8218],[145.0398,-37.8219]]}},{"type":"Feature","id":"way/675760977","properties":{},"geometry":{"type":"LineString","coordinates":[[144.5608,-37.7071],[144.5632,-37.7049],[144.5655,-37.7036],[144.5678,-37.703],[144.5705,-37.703]]}},{"type":"Feature","id":"way/687019386","properties":{},"geometry":{"type":"LineString","coordinates":[[145.1297,-38.1097],[145.1296,-38.1095]]}},{"type":"Feature","id":"way/687019387","properties":{},"geometry":{"type":"LineString","coordinates":[[145.1295,-38.1095],[145.1297,-38.1097]]}},{"type":"Feature","id":"way/687019388","properties":{},"geometry":{"type":"LineString","coordinates":[[145.13,-38.11],[145.1297,-38.1097]]}},{"type":"Feature","id":"way/687019389","properties":{},"geometry":{"type":"LineString","coordinates":[[145.1297,-38.1097],[145.1299,-38.11]]}},{"type":"Feature","id":"way/697688319","properties":{},"geometry":{"type":"LineString","coordinates":[[145.5183,-38.0846],[145.5172,-38.0848]]}},{"type":"Feature","id":"way/697688320","properties":{},"geometry":{"type":"LineString","coordinates":[[145.5225,-38.084],[145.5214,-38.0842]]}},{"type":"Feature","id":"way/702023295","properties":{},"geometry":{"type":"LineString","coordinates":[[145.1221,-38.0737],[145.1219,-38.0731]]}},{"type":"Feature","id":"way/702023296","properties":{},"geometry":{"type":"LineString","coordinates":[[145.1245,-38.0825],[145.1266,-38.0867]]}},{"type":"Feature","id":"way/702023297","properties":{},"geometry":{"type":"LineString","coordinates":[[145.1221,-38.0736],[145.1233,-38.0783]]}},{"type":"Feature","id":"way/702023298","properties":{},"geometry":{"type":"LineString","coordinates":[[145.1221,-38.0737],[145.1232,-38.0783]]}},{"type":"Feature","id":"way/702053769","properties":{},"geometry":{"type":"LineString","coordinates":[[144.9717,-37.8172],[144.9705,-37.8176]]}},{"type":"Feature","id":"way/706562596","properties":{},"geometry":{"type":"LineString","coordinates":[[144.9512,-37.8176],[144.9509,-37.8171]]}},{"type":"Feature","id":"way/706697714","properties":{},"geometry":{"type":"LineString","coordinates":[[144.9902,-37.824],[144.992,-37.8249]]}},{"type":"Feature","id":"way/706697716","properties":{},"geometry":{"type":"LineString","coordinates":[[144.9901,-37.8241],[144.9917,-37.8249]]}},{"type":"Feature","id":"way/706697718","properties":{},"geometry":{"type":"LineString","coordinates":[[144.99,-37.8242],[144.9914,-37.8249]]}},{"type":"Feature","id":"way/706835300","properties":{},"geometry":{"type":"LineString","coordinates":[[144.94,-37.8049],[144.9383,-37.8035],[144.9363,-37.8024]]}},{"type":"Feature","id":"way/706835302","properties":{},"geometry":{"type":"LineString","coordinates":[[144.9409,-37.806],[144.9384,-37.8036],[144.9362,-37.8025]]}},{"type":"Feature","id":"way/707280656","properties":{},"geometry":{"type":"LineString","coordinates":[[144.9368,-37.7996],[144.936,-37.7967],[144.936,-37.7951],[144.9369,-37.7908],[144.938,-37.7891]]}},{"type":"Feature","id":"way/707280658","properties":{},"geometry":{"type":"LineString","coordinates":[[144.9378,-37.7894],[144.9368,-37.7911],[144.936,-37.7951],[144.9361,-37.7967],[144.9368,-37.7994]]}},{"type":"Feature","id":"way/707280663","properties":{},"geometry":{"type":"LineString","coordinates":[[144.9368,-37.7994],[144.9374,-37.8016]]}},{"type":"Feature","id":"way/708346790","properties":{},"geometry":{"type":"LineString","coordinates":[[144.9303,-37.793],[144.9292,-37.7883]]}},{"type":"Feature","id":"way/708346791","properties":{},"geometry":{"type":"LineString","coordinates":[[144.931,-37.7953],[144.9322,-37.7988],[144.9331,-37.8003]]}},{"type":"Feature","id":"way/708347585","properties":{},"geometry":{"type":"LineString","coordinates":[[144.9308,-37.7947],[144.9303,-37.793]]}},{"type":"Feature","id":"way/708702848","properties":{},"geometry":{"type":"LineString","coordinates":[[144.9658,-37.8188],[144.9671,-37.8185]]}},{"type":"Feature","id":"way/708704819","properties":{},"geometry":{"type":"LineString","coordinates":[[144.9647,-37.8189],[144.964,-37.8191]]}},{"type":"Feature","id":"way/708706167","properties":{},"geometry":{"type":"LineString","coordinates":[[144.9947,-37.8416],[144.9928,-37.8408],[144.9923,-37.8392]]}},{"type":"Feature","id":"way/708706168","properties":{},"geometry":{"type":"LineString","coordinates":[[144.9947,-37.8416],[144.9948,-37.8416]]}},{"type":"Feature","id":"way/708709832","properties":{},"geometry":{"type":"LineString","coordinates":[[144.9506,-37.8169],[144.9502,-37.8164]]}},{"type":"Feature","id":"way/708709833","properties":{},"geometry":{"type":"LineString","coordinates":[[144.9509,-37.8171],[144.9507,-37.8169]]}},{"type":"Feature","id":"way/708709835","properties":{},"geometry":{"type":"LineString","coordinates":[[144.9507,-37.8169],[144.9467,-37.8124]]}},{"type":"Feature","id":"way/708741198","properties":{},"geometry":{"type":"LineString","coordinates":[[144.9692,-37.8174],[144.97,-37.8171]]}},{"type":"Feature","id":"way/708741199","properties":{},"geometry":{"type":"LineString","coordinates":[[144.9687,-37.8176],[144.9695,-37.8174]]}},{"type":"Feature","id":"way/708741201","properties":{},"geometry":{"type":"LineString","coordinates":[[144.9705,-37.8171],[144.9703,-37.8171]]}},{"type":"Feature","id":"way/708741202","properties":{},"geometry":{"type":"LineString","coordinates":[[144.969,-37.8174],[144.9681,-37.8178]]}},{"type":"Feature","id":"way/708741203","properties":{},"geometry":{"type":"LineString","coordinates":[[144.9701,-37.8175],[144.9704,-37.8174]]}},{"type":"Feature","id":"way/708741204","properties":{},"geometry":{"type":"LineString","coordinates":[[144.9704,-37.8174],[144.9701,-37.8175]]}},{"type":"Feature","id":"way/708741205","properties":{},"geometry":{"type":"LineString","coordinates":[[144.9704,-37.8174],[144.9689,-37.8179]]}},{"type":"Feature","id":"way/708741206","properties":{},"geometry":{"type":"LineString","coordinates":[[144.9681,-37.818],[144.9695,-37.8177]]}},{"type":"Feature","id":"way/708741207","properties":{},"geometry":{"type":"LineString","coordinates":[[144.9697,-37.8176],[144.9704,-37.8174]]}},{"type":"Feature","id":"way/708741208","properties":{},"geometry":{"type":"LineString","coordinates":[[144.9689,-37.8179],[144.9695,-37.8177]]}},{"type":"Feature","id":"way/708741209","properties":{},"geometry":{"type":"LineString","coordinates":[[144.9698,-37.8178],[144.9692,-37.8179]]}},{"type":"Feature","id":"way/708741210","properties":{},"geometry":{"type":"LineString","coordinates":[[144.9705,-37.8176],[144.97,-37.8177]]}},{"type":"Feature","id":"way/708779268","properties":{},"geometry":{"type":"LineString","coordinates":[[144.9674,-37.8178],[144.9679,-37.8177]]}},{"type":"Feature","id":"way/708782539","properties":{},"geometry":{"type":"LineString","coordinates":[[144.9687,-37.8178],[144.9676,-37.818]]}},{"type":"Feature","id":"way/708795914","properties":{},"geometry":{"type":"LineString","coordinates":[[144.9674,-37.8179],[144.9669,-37.818]]}},{"type":"Feature","id":"way/709514631","properties":{},"geometry":{"type":"LineString","coordinates":[[145.1796,-37.969],[145.1834,-37.9722]]}},{"type":"Feature","id":"way/709514632","properties":{},"geometry":{"type":"LineString","coordinates":[[145.1834,-37.9722],[145.1883,-37.9758]]}},{"type":"Feature","id":"way/709514633","properties":{},"geometry":{"type":"LineString","coordinates":[[145.183,-37.9719],[145.1795,-37.9691]]}},{"type":"Feature","id":"way/709514634","properties":{},"geometry":{"type":"LineString","coordinates":[[145.1795,-37.9691],[145.1681,-37.9604]]}},{"type":"Feature","id":"way/709517388","properties":{},"geometry":{"type":"LineString","coordinates":[[145.1167,-37.9217],[145.1015,-37.9104]]}},{"type":"Feature","id":"way/709518893","properties":{},"geometry":{"type":"LineString","coordinates":[[145.078,-37.895],[145.0516,-37.8832],[145.0475,-37.8809]]}},{"type":"Feature","id":"way/720838312","properties":{},"geometry":{"type":"LineString","coordinates":[[144.9435,-37.8096],[144.9441,-37.8102]]}},{"type":"Feature","id":"way/725058110","properties":{},"geometry":{"type":"LineString","coordinates":[[144.9364,-37.8058],[144.9381,-37.8061],[144.9399,-37.807]]}},{"type":"Feature","id":"way/725058112","properties":{},"geometry":{"type":"LineString","coordinates":[[144.9404,-37.8073],[144.9421,-37.8085]]}},{"type":"Feature","id":"way/725058113","properties":{},"geometry":{"type":"LineString","coordinates":[[144.9399,-37.807],[144.9404,-37.8073]]}},{"type":"Feature","id":"way/737228157","properties":{},"geometry":{"type":"LineString","coordinates":[[145.2218,-37.9999],[145.2231,-38.0007],[145.2237,-38.0015],[145.2293,-38.0147]]}},{"type":"Feature","id":"way/739680463","properties":{},"geometry":{"type":"LineString","coordinates":[[145.1004,-37.6048],[145.101,-37.6016]]}},{"type":"Feature","id":"way/740591457","properties":{},"geometry":{"type":"LineString","coordinates":[[145.2293,-38.0147],[145.2311,-38.0187]]}},{"type":"Feature","id":"way/740594640","properties":{},"geometry":{"type":"LineString","coordinates":[[145.2206,-37.9993],[145.2214,-37.9997]]}},{"type":"Feature","id":"way/740594642","properties":{},"geometry":{"type":"LineString","coordinates":[[145.2218,-37.9999],[145.2214,-37.9997]]}},{"type":"Feature","id":"way/747978866","properties":{},"geometry":{"type":"LineString","coordinates":[[144.3823,-38.0684],[144.4035,-38.0331],[144.408,-38.0284]]}},{"type":"Feature","id":"way/747981846","properties":{},"geometry":{"type":"LineString","coordinates":[[144.6015,-37.901],[144.6065,-37.8847]]}},{"type":"Feature","id":"way/747981847","properties":{},"geometry":{"type":"LineString","coordinates":[[144.6015,-37.9012],[144.6015,-37.901]]}},{"type":"Feature","id":"way/747981848","properties":{},"geometry":{"type":"LineString","coordinates":[[144.6018,-37.9013],[144.5985,-37.9174],[144.5961,-37.9217],[144.5924,-37.9253]]}},{"type":"Feature","id":"way/747981849","properties":{},"geometry":{"type":"LineString","coordinates":[[144.6019,-37.901],[144.6018,-37.9013]]}},{"type":"Feature","id":"way/747981853","properties":{},"geometry":{"type":"LineString","coordinates":[[144.6838,-37.8306],[144.684,-37.8307]]}},{"type":"Feature","id":"way/747981854","properties":{},"geometry":{"type":"LineString","coordinates":[[144.6838,-37.8307],[144.6604,-37.8269]]}},{"type":"Feature","id":"way/747981855","properties":{},"geometry":{"type":"LineString","coordinates":[[144.684,-37.8307],[144.6838,-37.8307]]}},{"type":"Feature","id":"way/747981856","properties":{},"geometry":{"type":"LineString","coordinates":[[144.684,-37.8307],[144.696,-37.8323]]}},{"type":"Feature","id":"way/747981860","properties":{},"geometry":{"type":"LineString","coordinates":[[144.7541,-37.7727],[144.7553,-37.773]]}},{"type":"Feature","id":"way/747981861","properties":{},"geometry":{"type":"LineString","coordinates":[[144.7541,-37.7727],[144.7539,-37.7726]]}},{"type":"Feature","id":"way/750071270","properties":{},"geometry":{"type":"LineString","coordinates":[[144.4127,-37.7077],[144.4169,-37.7],[144.4199,-37.6962],[144.4223,-37.6938],[144.4262,-37.6909],[144.4291,-37.6883],[144.4307,-37.6874],[144.433,-37.687],[144.4391,-37.6881]]}},{"type":"Feature","id":"way/755749527","properties":{},"geometry":{"type":"LineString","coordinates":[[145.0085,-37.7137],[145.0081,-37.7151],[145.0059,-37.7189]]}},{"type":"Feature","id":"way/755749528","properties":{},"geometry":{"type":"LineString","coordinates":[[145.012,-37.6936],[145.016,-37.6699],[145.0181,-37.6631],[145.0192,-37.6611],[145.0219,-37.6582],[145.0245,-37.6561],[145.0261,-37.6544],[145.0293,-37.6527]]}},{"type":"Feature","id":"way/755749529","properties":{},"geometry":{"type":"LineString","coordinates":[[145.0059,-37.7189],[145.0041,-37.7226],[145.0011,-37.7365]]}},{"type":"Feature","id":"way/755749530","properties":{},"geometry":{"type":"LineString","coordinates":[[145.0057,-37.7189],[145.0079,-37.7151],[145.0083,-37.7137]]}},{"type":"Feature","id":"way/764128093","properties":{},"geometry":{"type":"LineString","coordinates":[[144.8855,-37.8019],[144.8842,-37.8018]]}},{"type":"Feature","id":"way/764128095","properties":{},"geometry":{"type":"LineString","coordinates":[[144.882,-37.8015],[144.8842,-37.8018]]}},{"type":"Feature","id":"way/764128096","properties":{},"geometry":{"type":"LineString","coordinates":[[144.8858,-37.8019],[144.8924,-37.8026]]}},{"type":"Feature","id":"way/770560637","properties":{},"geometry":{"type":"LineString","coordinates":[[144.8125,-37.7615],[144.8241,-37.7768]]}},{"type":"Feature","id":"way/781449926","properties":{},"geometry":{"type":"LineString","coordinates":[[144.5751,-37.7036],[144.5759,-37.7037]]}},{"type":"Feature","id":"way/781449927","properties":{},"geometry":{"type":"LineString","coordinates":[[144.5825,-37.7055],[144.5812,-37.7051]]}},{"type":"Feature","id":"way/787317916","properties":{},"geometry":{"type":"LineString","coordinates":[[144.9277,-37.806],[144.9288,-37.8066],[144.9292,-37.8074]]}},{"type":"Feature","id":"way/787317919","properties":{},"geometry":{"type":"LineString","coordinates":[[144.9277,-37.806],[144.9251,-37.8053],[144.9171,-37.8045]]}},{"type":"Feature","id":"way/787317928","properties":{},"geometry":{"type":"LineString","coordinates":[[144.9262,-37.8056],[144.9268,-37.8058]]}},{"type":"Feature","id":"way/791227878","properties":{},"geometry":{"type":"LineString","coordinates":[[145.0384,-37.844],[145.0394,-37.846]]}},{"type":"Feature","id":"way/791227879","properties":{},"geometry":{"type":"LineString","coordinates":[[145.0383,-37.844],[145.0372,-37.8423],[145.0359,-37.841],[145.0327,-37.8397]]}},{"type":"Feature","id":"way/791227880","properties":{},"geometry":{"type":"LineString","coordinates":[[145.0393,-37.846],[145.0383,-37.844]]}},{"type":"Feature","id":"way/791227881","properties":{},"geometry":{"type":"LineString","coordinates":[[145.0394,-37.846],[145.0405,-37.8481],[145.0422,-37.8497],[145.0443,-37.8508],[145.048,-37.8519]]}},{"type":"Feature","id":"way/799284089","properties":{},"geometry":{"type":"LineString","coordinates":[[145.354,-37.9101],[145.3555,-37.9086]]}},{"type":"Feature","id":"way/799284090","properties":{},"geometry":{"type":"LineString","coordinates":[[145.1601,-37.8789],[145.1632,-37.8798]]}},{"type":"Feature","id":"way/803340876","properties":{},"geometry":{"type":"LineString","coordinates":[[145.0475,-37.8809],[145.0446,-37.8789]]}},{"type":"Feature","id":"way/803341505","properties":{},"geometry":{"type":"LineString","coordinates":[[145.0446,-37.8788],[145.0476,-37.8809]]}},{"type":"Feature","id":"way/803341506","properties":{},"geometry":{"type":"LineString","coordinates":[[145.0476,-37.8809],[145.051,-37.8828],[145.078,-37.8949]]}},{"type":"Feature","id":"way/810153757","properties":{},"geometry":{"type":"LineString","coordinates":[[145.127,-38.1409],[145.1257,-38.1433]]}},{"type":"Feature","id":"way/812716094","properties":{},"geometry":{"type":"LineString","coordinates":[[145.1335,-37.9345],[145.1343,-37.935]]}},{"type":"Feature","id":"way/815799256","properties":{},"geometry":{"type":"LineString","coordinates":[[144.8612,-37.8482],[144.8697,-37.8493]]}},{"type":"Feature","id":"way/815799257","properties":{},"geometry":{"type":"LineString","coordinates":[[144.8611,-37.8482],[144.8612,-37.8482]]}},{"type":"Feature","id":"way/815799258","properties":{},"geometry":{"type":"LineString","coordinates":[[144.861,-37.8483],[144.8612,-37.8483]]}},{"type":"Feature","id":"way/815799259","properties":{},"geometry":{"type":"LineString","coordinates":[[144.861,-37.8483],[144.8591,-37.8481]]}},{"type":"Feature","id":"way/815799260","properties":{},"geometry":{"type":"LineString","coordinates":[[144.8612,-37.8483],[144.861,-37.8483]]}},{"type":"Feature","id":"way/817764632","properties":{},"geometry":{"type":"LineString","coordinates":[[144.9152,-37.8027],[144.9156,-37.8024]]}},{"type":"Feature","id":"way/817764634","properties":{},"geometry":{"type":"LineString","coordinates":[[144.917,-37.8016],[144.9159,-37.8022]]}},{"type":"Feature","id":"way/817999822","properties":{},"geometry":{"type":"LineString","coordinates":[[144.9107,-37.8047],[144.9126,-37.8046],[144.9156,-37.8024]]}},{"type":"Feature","id":"way/817999823","properties":{},"geometry":{"type":"LineString","coordinates":[[144.9151,-37.8047],[144.9157,-37.8046]]}},{"type":"Feature","id":"way/817999824","properties":{},"geometry":{"type":"LineString","coordinates":[[144.9159,-37.8046],[144.9153,-37.8047]]}},{"type":"Feature","id":"way/817999826","properties":{},"geometry":{"type":"LineString","coordinates":[[144.915,-37.8028],[144.9145,-37.8034],[144.9146,-37.804],[144.9152,-37.8044],[144.9161,-37.8045]]}},{"type":"Feature","id":"way/818408200","properties":{},"geometry":{"type":"LineString","coordinates":[[144.9273,-37.7999],[144.9198,-37.7988]]}},{"type":"Feature","id":"way/818408201","properties":{},"geometry":{"type":"LineString","coordinates":[[144.9275,-37.7999],[144.9282,-37.8]]}},{"type":"Feature","id":"way/825356482","properties":{},"geometry":{"type":"LineString","coordinates":[[145.0414,-37.8766],[145.0422,-37.877]]}},{"type":"Feature","id":"way/825356483","properties":{},"geometry":{"type":"LineString","coordinates":[[145.0422,-37.877],[145.0444,-37.8787]]}},{"type":"Feature","id":"way/825356484","properties":{},"geometry":{"type":"LineString","coordinates":[[145.0415,-37.8768],[145.0399,-37.8756]]}},{"type":"Feature","id":"way/825356485","properties":{},"geometry":{"type":"LineString","coordinates":[[145.0425,-37.8773],[145.0415,-37.8768]]}},{"type":"Feature","id":"way/825356486","properties":{},"geometry":{"type":"LineString","coordinates":[[145.0415,-37.8769],[145.0424,-37.8774]]}},{"type":"Feature","id":"way/825356487","properties":{},"geometry":{"type":"LineString","coordinates":[[145.0424,-37.8774],[145.0444,-37.8788]]}},{"type":"Feature","id":"way/825356488","properties":{},"geometry":{"type":"LineString","coordinates":[[145.0416,-37.877],[145.0398,-37.8756]]}},{"type":"Feature","id":"way/825356489","properties":{},"geometry":{"type":"LineString","coordinates":[[145.0421,-37.8774],[145.0416,-37.877]]}},{"type":"Feature","id":"way/845132621","properties":{},"geometry":{"type":"LineString","coordinates":[[144.9703,-37.8171],[144.9687,-37.8176]]}},{"type":"Feature","id":"way/845136685","properties":{},"geometry":{"type":"LineString","coordinates":[[144.9801,-37.8196],[144.9792,-37.8191]]}},{"type":"Feature","id":"way/845434905","properties":{},"geometry":{"type":"LineString","coordinates":[[144.9475,-37.813],[144.9467,-37.8124]]}},{"type":"Feature","id":"way/845619958","properties":{},"geometry":{"type":"LineString","coordinates":[[145.0009,-37.7365],[145.004,-37.7226],[145.0057,-37.7189]]}},{"type":"Feature","id":"way/845869875","properties":{},"geometry":{"type":"LineString","coordinates":[[144.9626,-37.7321],[144.9586,-37.6989]]}},{"type":"Feature","id":"way/845875641","properties":{},"geometry":{"type":"LineString","coordinates":[[144.8895,-37.8581],[144.8906,-37.8603]]}},{"type":"Feature","id":"way/845875643","properties":{},"geometry":{"type":"LineString","coordinates":[[144.8878,-37.8548],[144.8846,-37.8479],[144.8836,-37.8434]]}},{"type":"Feature","id":"way/845875644","properties":{},"geometry":{"type":"LineString","coordinates":[[144.8879,-37.8548],[144.8893,-37.8577]]}},{"type":"Feature","id":"way/845875645","properties":{},"geometry":{"type":"LineString","coordinates":[[144.8905,-37.8603],[144.8894,-37.8581]]}},{"type":"Feature","id":"way/845875646","properties":{},"geometry":{"type":"LineString","coordinates":[[144.9038,-37.8673],[144.8947,-37.8641],[144.8924,-37.8625],[144.8905,-37.8603]]}},{"type":"Feature","id":"way/845875648","properties":{},"geometry":{"type":"LineString","coordinates":[[144.8906,-37.8603],[144.8922,-37.8623],[144.8947,-37.8641],[144.9038,-37.8673]]}},{"type":"Feature","id":"way/845875649","properties":{},"geometry":{"type":"LineString","coordinates":[[144.8892,-37.8577],[144.8878,-37.8548]]}},{"type":"Feature","id":"way/845875650","properties":{},"geometry":{"type":"LineString","coordinates":[[144.8894,-37.8581],[144.8892,-37.8577]]}},{"type":"Feature","id":"way/845875652","properties":{},"geometry":{"type":"LineString","coordinates":[[144.8893,-37.8577],[144.8895,-37.8581]]}},{"type":"Feature","id":"way/846611226","properties":{},"geometry":{"type":"LineString","coordinates":[[144.6079,-37.8607],[144.6082,-37.8618]]}},{"type":"Feature","id":"way/846611227","properties":{},"geometry":{"type":"LineString","coordinates":[[144.6084,-37.8629],[144.6082,-37.8618]]}},{"type":"Feature","id":"way/847098127","properties":{},"geometry":{"type":"LineString","coordinates":[[145.1324,-38.1129],[145.1326,-38.1131]]}},{"type":"Feature","id":"way/856887286","properties":{},"geometry":{"type":"LineString","coordinates":[[144.9153,-37.8047],[144.9117,-37.8049],[144.9092,-37.8044]]}},{"type":"Feature","id":"way/856887287","properties":{},"geometry":{"type":"LineString","coordinates":[[144.9384,-37.8064],[144.9364,-37.8058]]}},{"type":"Feature","id":"way/856887289","properties":{},"geometry":{"type":"LineString","coordinates":[[144.949,-37.814],[144.9481,-37.8133]]}},{"type":"Feature","id":"way/856887290","properties":{},"geometry":{"type":"LineString","coordinates":[[144.9511,-37.8157],[144.9495,-37.8143]]}},{"type":"Feature","id":"way/856887293","properties":{},"geometry":{"type":"LineString","coordinates":[[144.9467,-37.8123],[144.9475,-37.8129]]}},{"type":"Feature","id":"way/856887295","properties":{},"geometry":{"type":"LineString","coordinates":[[144.951,-37.8154],[144.9524,-37.8172]]}},{"type":"Feature","id":"way/856887299","properties":{},"geometry":{"type":"LineString","coordinates":[[144.9522,-37.8173],[144.9517,-37.8167]]}},{"type":"Feature","id":"way/856887301","properties":{},"geometry":{"type":"LineString","coordinates":[[144.9473,-37.8126],[144.9482,-37.8135]]}},{"type":"Feature","id":"way/856887302","properties":{},"geometry":{"type":"LineString","coordinates":[[144.9481,-37.8133],[144.9472,-37.8126]]}},{"type":"Feature","id":"way/856887303","properties":{},"geometry":{"type":"LineString","coordinates":[[144.9486,-37.8136],[144.9491,-37.814]]}},{"type":"Feature","id":"way/856887304","properties":{},"geometry":{"type":"LineString","coordinates":[[144.9338,-37.8051],[144.9191,-37.8041],[144.9159,-37.8046]]}},{"type":"Feature","id":"way/856995240","properties":{},"geometry":{"type":"LineString","coordinates":[[144.9518,-37.8174],[144.9516,-37.8171]]}},{"type":"Feature","id":"way/856995241","properties":{},"geometry":{"type":"LineString","coordinates":[[144.9518,-37.8174],[144.9516,-37.8171]]}},{"type":"Feature","id":"way/856995242","properties":{},"geometry":{"type":"LineString","coordinates":[[144.9512,-37.8169],[144.95,-37.8156]]}},{"type":"Feature","id":"way/856995243","properties":{},"geometry":{"type":"LineString","coordinates":[[144.9515,-37.8175],[144.9502,-37.8158]]}},{"type":"Feature","id":"way/856995244","properties":{},"geometry":{"type":"LineString","coordinates":[[144.952,-37.8174],[144.9511,-37.8162]]}},{"type":"Feature","id":"way/856995246","properties":{},"geometry":{"type":"LineString","coordinates":[[144.9531,-37.8198],[144.9515,-37.8175]]}},{"type":"Feature","id":"way/856995247","properties":{},"geometry":{"type":"LineString","coordinates":[[144.9531,-37.8199],[144.9513,-37.8175]]}},{"type":"Feature","id":"way/856995249","properties":{},"geometry":{"type":"LineString","coordinates":[[144.9535,-37.8204],[144.9529,-37.8199]]}},{"type":"Feature","id":"way/856995250","properties":{},"geometry":{"type":"LineString","coordinates":[[144.9528,-37.8199],[144.953,-37.8201]]}},{"type":"Feature","id":"way/856995252","properties":{},"geometry":{"type":"LineString","coordinates":[[144.9527,-37.8199],[144.9509,-37.8177]]}},{"type":"Feature","id":"way/856995253","properties":{},"geometry":{"type":"LineString","coordinates":[[144.9506,-37.8177],[144.9494,-37.8159]]}},{"type":"Feature","id":"way/856995254","properties":{},"geometry":{"type":"LineString","coordinates":[[144.9518,-37.8192],[144.9517,-37.8191]]}},{"type":"Feature","id":"way/856995255","properties":{},"geometry":{"type":"LineString","coordinates":[[144.9508,-37.8177],[144.9502,-37.8168]]}},{"type":"Feature","id":"way/856995256","properties":{},"geometry":{"type":"LineString","coordinates":[[144.9511,-37.8176],[144.9506,-37.8169]]}},{"type":"Feature","id":"way/856995257","properties":{},"geometry":{"type":"LineString","coordinates":[[144.9529,-37.8199],[144.9512,-37.8176]]}},{"type":"Feature","id":"way/856995258","properties":{},"geometry":{"type":"LineString","coordinates":[[144.9513,-37.8175],[144.9505,-37.8165]]}},{"type":"Feature","id":"way/857011092","properties":{},"geometry":{"type":"LineString","coordinates":[[144.9516,-37.8171],[144.9504,-37.8151]]}},{"type":"Feature","id":"way/857011094","properties":{},"geometry":{"type":"LineString","coordinates":[[144.9497,-37.8155],[144.9499,-37.8158]]}},{"type":"Feature","id":"way/857011096","properties":{},"geometry":{"type":"LineString","coordinates":[[144.9488,-37.8144],[144.9497,-37.8153]]}},{"type":"Feature","id":"way/857011097","properties":{},"geometry":{"type":"LineString","coordinates":[[144.9481,-37.8135],[144.9475,-37.813]]}},{"type":"Feature","id":"way/857011099","properties":{},"geometry":{"type":"LineString","coordinates":[[144.9533,-37.8201],[144.9536,-37.8203]]}},{"type":"Feature","id":"way/857011100","properties":{},"geometry":{"type":"LineString","coordinates":[[144.953,-37.8199],[144.953,-37.8199]]}},{"type":"Feature","id":"way/857011101","properties":{},"geometry":{"type":"LineString","coordinates":[[144.9388,-37.8036],[144.9394,-37.8042]]}},{"type":"Feature","id":"way/857011103","properties":{},"geometry":{"type":"LineString","coordinates":[[144.9392,-37.8041],[144.9387,-37.8036]]}},{"type":"Feature","id":"way/857011104","properties":{},"geometry":{"type":"LineString","coordinates":[[144.9356,-37.8021],[144.9347,-37.8017]]}},{"type":"Feature","id":"way/857011105","properties":{},"geometry":{"type":"LineString","coordinates":[[144.9348,-37.8017],[144.9356,-37.8021]]}},{"type":"Feature","id":"way/857011106","properties":{},"geometry":{"type":"LineString","coordinates":[[144.9356,-37.802],[144.9348,-37.8017]]}},{"type":"Feature","id":"way/857011107","properties":{},"geometry":{"type":"LineString","coordinates":[[144.9348,-37.8016],[144.9357,-37.802]]}},{"type":"Feature","id":"way/857155129","properties":{},"geometry":{"type":"LineString","coordinates":[[144.9499,-37.8155],[144.9497,-37.8153]]}},{"type":"Feature","id":"way/857155130","properties":{},"geometry":{"type":"LineString","coordinates":[[144.9517,-37.8167],[144.9505,-37.8152],[144.9482,-37.8135]]}},{"type":"Feature","id":"way/857155153","properties":{},"geometry":{"type":"LineString","coordinates":[[144.9459,-37.812],[144.9455,-37.8117]]}},{"type":"Feature","id":"way/857155154","properties":{},"geometry":{"type":"LineString","coordinates":[[144.9163,-37.7583],[144.9162,-37.7577]]}},{"type":"Feature","id":"way/857505618","properties":{},"geometry":{"type":"LineString","coordinates":[[144.9191,-37.6837],[144.9188,-37.6841]]}},{"type":"Feature","id":"way/857505620","properties":{},"geometry":{"type":"LineString","coordinates":[[144.9344,-37.6435],[144.9345,-37.643]]}},{"type":"Feature","id":"way/857505622","properties":{},"geometry":{"type":"LineString","coordinates":[[144.9345,-37.643],[144.9332,-37.6481],[144.9273,-37.6574],[144.9265,-37.6592],[144.9228,-37.6775],[144.9219,-37.68]]}},{"type":"Feature","id":"way/857505623","properties":{},"geometry":{"type":"LineString","coordinates":[[144.9431,-37.6023],[144.944,-37.6004]]}},{"type":"Feature","id":"way/857505624","properties":{},"geometry":{"type":"LineString","coordinates":[[144.9432,-37.6023],[144.9423,-37.6047],[144.9417,-37.6073]]}},{"type":"Feature","id":"way/858353400","properties":{},"geometry":{"type":"LineString","coordinates":[[145.1844,-37.8192],[145.1952,-37.8177]]}},{"type":"Feature","id":"way/858353402","properties":{},"geometry":{"type":"LineString","coordinates":[[145.1844,-37.8192],[145.1761,-37.8203]]}},{"type":"Feature","id":"way/865840923","properties":{},"geometry":{"type":"LineString","coordinates":[[145.0481,-37.8519],[145.0519,-37.8531]]}},{"type":"Feature","id":"way/865840924","properties":{},"geometry":{"type":"LineString","coordinates":[[145.048,-37.8519],[145.0481,-37.8519]]}},{"type":"Feature","id":"way/865840925","properties":{},"geometry":{"type":"LineString","coordinates":[[145.0518,-37.8532],[145.0481,-37.852]]}},{"type":"Feature","id":"way/865840926","properties":{},"geometry":{"type":"LineString","coordinates":[[145.0481,-37.852],[145.048,-37.8519]]}},{"type":"Feature","id":"way/909375561","properties":{},"geometry":{"type":"LineString","coordinates":[[144.7903,-37.8592],[144.7904,-37.8591]]}},{"type":"Feature","id":"way/909375562","properties":{},"geometry":{"type":"LineString","coordinates":[[144.7904,-37.8592],[144.7903,-37.8592]]}},{"type":"Feature","id":"way/909375563","properties":{},"geometry":{"type":"LineString","coordinates":[[144.7903,-37.8592],[144.78,-37.8618]]}},{"type":"Feature","id":"way/909375564","properties":{},"geometry":{"type":"LineString","coordinates":[[144.7795,-37.8619],[144.7903,-37.8592]]}},{"type":"Feature","id":"way/909375565","properties":{},"geometry":{"type":"LineString","coordinates":[[144.7903,-37.8591],[144.7904,-37.8591]]}},{"type":"Feature","id":"way/909375568","properties":{},"geometry":{"type":"LineString","coordinates":[[144.7795,-37.8618],[144.7903,-37.8591]]}},{"type":"Feature","id":"way/943506550","properties":{},"geometry":{"type":"LineString","coordinates":[[144.8836,-37.8417],[144.8836,-37.8434]]}},{"type":"Feature","id":"way/943506551","properties":{},"geometry":{"type":"LineString","coordinates":[[144.8836,-37.8434],[144.8836,-37.8414]]}},{"type":"Feature","id":"way/943506552","properties":{},"geometry":{"type":"LineString","coordinates":[[144.9717,-37.8172],[144.9705,-37.8176]]}},{"type":"Feature","id":"way/943506555","properties":{},"geometry":{"type":"LineString","coordinates":[[144.7773,-37.8624],[144.7793,-37.8619]]}},{"type":"Feature","id":"way/943506556","properties":{},"geometry":{"type":"LineString","coordinates":[[144.7782,-37.8623],[144.769,-37.8646]]}},{"type":"Feature","id":"way/943506557","properties":{},"geometry":{"type":"LineString","coordinates":[[144.8112,-37.865],[144.7906,-37.8622]]}},{"type":"Feature","id":"way/943506558","properties":{},"geometry":{"type":"LineString","coordinates":[[144.8112,-37.865],[144.8164,-37.8654]]}},{"type":"Feature","id":"way/943506560","properties":{},"geometry":{"type":"LineString","coordinates":[[145.0452,-37.8794],[145.0449,-37.8792]]}},{"type":"Feature","id":"way/944066399","properties":{},"geometry":{"type":"LineString","coordinates":[[144.7522,-37.6733],[144.7519,-37.6729]]}},{"type":"Feature","id":"way/944675771","properties":{},"geometry":{"type":"LineString","coordinates":[[145.2206,-37.9993],[145.235,-38.0058]]}},{"type":"Feature","id":"way/944675772","properties":{},"geometry":{"type":"LineString","coordinates":[[145.2785,-38.0982],[145.2823,-38.1007]]}},{"type":"Feature","id":"way/949886178","properties":{},"geometry":{"type":"LineString","coordinates":[[145.3556,-37.9087],[145.3557,-37.9086]]}},{"type":"Feature","id":"way/949886179","properties":{},"geometry":{"type":"LineString","coordinates":[[145.3557,-37.9086],[145.3557,-37.9085]]}},{"type":"Feature","id":"way/949886180","properties":{},"geometry":{"type":"LineString","coordinates":[[145.3555,-37.9086],[145.3556,-37.9085]]}},{"type":"Feature","id":"way/949886181","properties":{},"geometry":{"type":"LineString","coordinates":[[145.3556,-37.9085],[145.3557,-37.9085]]}},{"type":"Feature","id":"way/952572528","properties":{},"geometry":{"type":"LineString","coordinates":[[145.1055,-38.2143],[145.106,-38.2143]]}},{"type":"Feature","id":"way/960717422","properties":{},"geometry":{"type":"LineString","coordinates":[[144.734,-37.7652],[144.7315,-37.7643]]}},{"type":"Feature","id":"way/960717424","properties":{},"geometry":{"type":"LineString","coordinates":[[144.7539,-37.7726],[144.7449,-37.7701],[144.7315,-37.7643]]}},{"type":"Feature","id":"way/960717427","properties":{},"geometry":{"type":"LineString","coordinates":[[144.74,-37.768],[144.7385,-37.7674]]}},{"type":"Feature","id":"way/961587016","properties":{},"geometry":{"type":"LineString","coordinates":[[144.9098,-37.8046],[144.9106,-37.8047]]}},{"type":"Feature","id":"way/961587017","properties":{},"geometry":{"type":"LineString","coordinates":[[144.9112,-37.8047],[144.9102,-37.8046]]}},{"type":"Feature","id":"way/961587019","properties":{},"geometry":{"type":"LineString","coordinates":[[144.9152,-37.8027],[144.916,-37.8022]]}},{"type":"Feature","id":"way/961587020","properties":{},"geometry":{"type":"LineString","coordinates":[[144.915,-37.8028],[144.9152,-37.8027]]}},{"type":"Feature","id":"way/961587021","properties":{},"geometry":{"type":"LineString","coordinates":[[144.9159,-37.8022],[144.9156,-37.8024]]}},{"type":"Feature","id":"way/961587022","properties":{},"geometry":{"type":"LineString","coordinates":[[144.917,-37.8016],[144.9174,-37.8014]]}},{"type":"Feature","id":"way/961587023","properties":{},"geometry":{"type":"LineString","coordinates":[[144.9178,-37.8012],[144.9174,-37.8014]]}},{"type":"Feature","id":"way/961587025","properties":{},"geometry":{"type":"LineString","coordinates":[[144.9353,-37.8027],[144.935,-37.8025]]}},{"type":"Feature","id":"way/961587026","properties":{},"geometry":{"type":"LineString","coordinates":[[144.9302,-37.8021],[144.9303,-37.8021]]}},{"type":"Feature","id":"way/961587042","properties":{},"geometry":{"type":"LineString","coordinates":[[144.9494,-37.8159],[144.9481,-37.8143]]}},{"type":"Feature","id":"way/961587045","properties":{},"geometry":{"type":"LineString","coordinates":[[144.9387,-37.8036],[144.9386,-37.8034]]}},{"type":"Feature","id":"way/961587047","properties":{},"geometry":{"type":"LineString","coordinates":[[144.918,-37.801],[144.917,-37.8016]]}},{"type":"Feature","id":"way/961587048","properties":{},"geometry":{"type":"LineString","coordinates":[[144.918,-37.801],[144.9209,-37.7994],[144.9225,-37.7994]]}},{"type":"Feature","id":"way/961587049","properties":{},"geometry":{"type":"LineString","coordinates":[[144.9528,-37.82],[144.9527,-37.8199]]}},{"type":"Feature","id":"way/961587050","properties":{},"geometry":{"type":"LineString","coordinates":[[144.9528,-37.82],[144.953,-37.8201]]}},{"type":"Feature","id":"way/961587052","properties":{},"geometry":{"type":"LineString","coordinates":[[144.9517,-37.8192],[144.9506,-37.8177]]}},{"type":"Feature","id":"way/961587053","properties":{},"geometry":{"type":"LineString","coordinates":[[144.9511,-37.818],[144.9508,-37.8177]]}},{"type":"Feature","id":"way/961587054","properties":{},"geometry":{"type":"LineString","coordinates":[[144.9509,-37.8181],[144.9507,-37.8177]]}},{"type":"Feature","id":"way/961587055","properties":{},"geometry":{"type":"LineString","coordinates":[[144.9531,-37.8203],[144.9536,-37.8205]]}},{"type":"Feature","id":"way/961587056","properties":{},"geometry":{"type":"LineString","coordinates":[[144.9279,-37.8062],[144.9291,-37.8072],[144.9291,-37.8082],[144.9285,-37.8089],[144.9272,-37.8093],[144.9244,-37.8088]]}},{"type":"Feature","id":"way/961587060","properties":{},"geometry":{"type":"LineString","coordinates":[[144.9292,-37.8074],[144.9292,-37.808]]}},{"type":"Feature","id":"way/961587061","properties":{},"geometry":{"type":"LineString","coordinates":[[144.9292,-37.8074],[144.9297,-37.8092],[144.9318,-37.8106]]}},{"type":"Feature","id":"way/962254755","properties":{},"geometry":{"type":"LineString","coordinates":[[144.9401,-37.8053],[144.9395,-37.8049]]}},{"type":"Feature","id":"way/962254761","properties":{},"geometry":{"type":"LineString","coordinates":[[144.9241,-37.7996],[144.9198,-37.7989]]}},{"type":"Feature","id":"way/962254762","properties":{},"geometry":{"type":"LineString","coordinates":[[144.9243,-37.7996],[144.9241,-37.7996]]}},{"type":"Feature","id":"way/962254763","properties":{},"geometry":{"type":"LineString","coordinates":[[144.9275,-37.7999],[144.9273,-37.7999]]}},{"type":"Feature","id":"way/962254764","properties":{},"geometry":{"type":"LineString","coordinates":[[144.9162,-37.8045],[144.918,-37.8044]]}},{"type":"Feature","id":"way/962254765","properties":{},"geometry":{"type":"LineString","coordinates":[[144.9161,-37.8045],[144.9162,-37.8045]]}},{"type":"Feature","id":"way/962254774","properties":{},"geometry":{"type":"LineString","coordinates":[[144.9503,-37.815],[144.9501,-37.8148]]}},{"type":"Feature","id":"way/962254775","properties":{},"geometry":{"type":"LineString","coordinates":[[144.9506,-37.8152],[144.9501,-37.8148]]}},{"type":"Feature","id":"way/962254776","properties":{},"geometry":{"type":"LineString","coordinates":[[144.9495,-37.8143],[144.9491,-37.814]]}},{"type":"Feature","id":"way/962254777","properties":{},"geometry":{"type":"LineString","coordinates":[[144.9523,-37.8173],[144.9521,-37.817]]}},{"type":"Feature","id":"way/962254778","properties":{},"geometry":{"type":"LineString","coordinates":[[144.9518,-37.8166],[144.9511,-37.8157]]}},{"type":"Feature","id":"way/962254781","properties":{},"geometry":{"type":"LineString","coordinates":[[144.9521,-37.817],[144.9518,-37.8166]]}},{"type":"Feature","id":"way/962254782","properties":{},"geometry":{"type":"LineString","coordinates":[[144.9495,-37.8142],[144.9492,-37.814]]}},{"type":"Feature","id":"way/962254783","properties":{},"geometry":{"type":"LineString","coordinates":[[144.9525,-37.8187],[144.9522,-37.8182]]}},{"type":"Feature","id":"way/962254784","properties":{},"geometry":{"type":"LineString","coordinates":[[144.9529,-37.8197],[144.953,-37.8199]]}},{"type":"Feature","id":"way/962254785","properties":{},"geometry":{"type":"LineString","coordinates":[[144.9526,-37.8188],[144.9527,-37.8192]]}},{"type":"Feature","id":"way/962254786","properties":{},"geometry":{"type":"LineString","coordinates":[[144.9506,-37.8161],[144.95,-37.8156]]}},{"type":"Feature","id":"way/962254787","properties":{},"geometry":{"type":"LineString","coordinates":[[144.95,-37.8156],[144.9499,-37.8155]]}},{"type":"Feature","id":"way/962254788","properties":{},"geometry":{"type":"LineString","coordinates":[[144.9502,-37.8158],[144.9492,-37.8149]]}},{"type":"Feature","id":"way/962254789","properties":{},"geometry":{"type":"LineString","coordinates":[[144.9482,-37.8135],[144.9486,-37.8138]]}},{"type":"Feature","id":"way/962254790","properties":{},"geometry":{"type":"LineString","coordinates":[[144.9475,-37.8129],[144.9482,-37.8135]]}},{"type":"Feature","id":"way/962254791","properties":{},"geometry":{"type":"LineString","coordinates":[[144.9455,-37.8117],[144.9441,-37.8102]]}},{"type":"Feature","id":"way/966377409","properties":{},"geometry":{"type":"LineString","coordinates":[[144.942,-37.8079],[144.94,-37.8055],[144.9358,-37.8031]]}},{"type":"Feature","id":"way/966444976","properties":{},"geometry":{"type":"LineString","coordinates":[[144.7654,-37.8655],[144.7648,-37.8656]]}},{"type":"Feature","id":"way/973359128","properties":{},"geometry":{"type":"LineString","coordinates":[[145.0928,-37.6435],[145.0906,-37.6455],[145.0888,-37.6464],[145.081,-37.6474]]}},{"type":"Feature","id":"way/973359129","properties":{},"geometry":{"type":"LineString","coordinates":[[145.0929,-37.6434],[145.0928,-37.6435]]}},{"type":"Feature","id":"way/973359131","properties":{},"geometry":{"type":"LineString","coordinates":[[145.0928,-37.6435],[145.0928,-37.6434]]}},{"type":"Feature","id":"way/973359133","properties":{},"geometry":{"type":"LineString","coordinates":[[145.0996,-37.6086],[145.0998,-37.6076]]}},{"type":"Feature","id":"way/974641617","properties":{},"geometry":{"type":"LineString","coordinates":[[145.1254,-38.1467],[145.1253,-38.1464]]}},{"type":"Feature","id":"way/974852288","properties":{},"geometry":{"type":"LineString","coordinates":[[145.1253,-38.1464],[145.1253,-38.1463]]}},{"type":"Feature","id":"way/974852289","properties":{},"geometry":{"type":"LineString","coordinates":[[145.1253,-38.1463],[145.1253,-38.1463]]}},{"type":"Feature","id":"way/974852290","properties":{},"geometry":{"type":"LineString","coordinates":[[145.1253,-38.1463],[145.1253,-38.1462]]}},{"type":"Feature","id":"way/974852291","properties":{},"geometry":{"type":"LineString","coordinates":[[145.1253,-38.1462],[145.1253,-38.1462]]}},{"type":"Feature","id":"way/974852292","properties":{},"geometry":{"type":"LineString","coordinates":[[145.1253,-38.1462],[145.1253,-38.1461]]}},{"type":"Feature","id":"way/977476043","properties":{},"geometry":{"type":"LineString","coordinates":[[144.7728,-37.6996],[144.7676,-37.693]]}},{"type":"Feature","id":"way/977476044","properties":{},"geometry":{"type":"LineString","coordinates":[[144.7676,-37.693],[144.7675,-37.6928]]}},{"type":"Feature","id":"way/977477247","properties":{},"geometry":{"type":"LineString","coordinates":[[145.0684,-37.6489],[145.0807,-37.6474]]}},{"type":"Feature","id":"way/977477248","properties":{},"geometry":{"type":"LineString","coordinates":[[145.0807,-37.6474],[145.081,-37.6474]]}},{"type":"Feature","id":"way/977477249","properties":{},"geometry":{"type":"LineString","coordinates":[[145.081,-37.6474],[145.0808,-37.6475]]}},{"type":"Feature","id":"way/977563864","properties":{},"geometry":{"type":"LineString","coordinates":[[144.9454,-37.8117],[144.9444,-37.8108]]}},{"type":"Feature","id":"way/977563865","properties":{},"geometry":{"type":"LineString","coordinates":[[144.9424,-37.8084],[144.942,-37.8079]]}},{"type":"Feature","id":"way/984997972","properties":{},"geometry":{"type":"LineString","coordinates":[[144.9458,-37.8116],[144.9461,-37.8118]]}},{"type":"Feature","id":"way/984997973","properties":{},"geometry":{"type":"LineString","coordinates":[[144.9462,-37.8117],[144.9459,-37.8115]]}},{"type":"Feature","id":"way/984997974","properties":{},"geometry":{"type":"LineString","coordinates":[[144.946,-37.8115],[144.9462,-37.8117]]}},{"type":"Feature","id":"way/984997978","properties":{},"geometry":{"type":"LineString","coordinates":[[144.9457,-37.8115],[144.9458,-37.8116]]}},{"type":"Feature","id":"way/985168843","properties":{},"geometry":{"type":"LineString","coordinates":[[144.8242,-37.7852],[144.8235,-37.7851]]}},{"type":"Feature","id":"way/988003819","properties":{},"geometry":{"type":"LineString","coordinates":[[145.1214,-38.0711],[145.1211,-38.0704]]}},{"type":"Feature","id":"way/989048746","properties":{},"geometry":{"type":"LineString","coordinates":[[145.0368,-37.9339],[145.037,-37.9313],[145.0354,-37.9274],[145.0353,-37.9257]]}},{"type":"Feature","id":"way/1001311252","properties":{},"geometry":{"type":"LineString","coordinates":[[145.0519,-37.8531],[145.0529,-37.8536]]}},{"type":"Feature","id":"way/1005085213","properties":{},"geometry":{"type":"LineString","coordinates":[[145.0993,-37.6098],[145.0996,-37.6088]]}},{"type":"Feature","id":"way/1006355694","properties":{},"geometry":{"type":"LineString","coordinates":[[145.3449,-37.758],[145.3466,-37.7564]]}},{"type":"Feature","id":"way/1006355696","properties":{},"geometry":{"type":"LineString","coordinates":[[145.3438,-37.7591],[145.3448,-37.7581]]}},{"type":"Feature","id":"way/1006734698","properties":{},"geometry":{"type":"LineString","coordinates":[[145.2328,-38.0227],[145.2326,-38.0221]]}},{"type":"Feature","id":"way/1006734700","properties":{},"geometry":{"type":"LineString","coordinates":[[145.2374,-38.0329],[145.2328,-38.0227]]}},{"type":"Feature","id":"way/1007195595","properties":{},"geometry":{"type":"LineString","coordinates":[[145.5118,-38.0852],[145.5145,-38.0852],[145.5183,-38.0846]]}},{"type":"Feature","id":"way/1007195596","properties":{},"geometry":{"type":"LineString","coordinates":[[145.5227,-38.084],[145.5151,-38.0851],[145.5126,-38.0853]]}},{"type":"Feature","id":"way/1007512930","properties":{},"geometry":{"type":"LineString","coordinates":[[145.3149,-37.7845],[145.3166,-37.7842],[145.3182,-37.7835]]}},{"type":"Feature","id":"way/1007512931","properties":{},"geometry":{"type":"LineString","coordinates":[[145.3182,-37.7835],[145.3166,-37.7843],[145.3149,-37.7846]]}},{"type":"Feature","id":"way/1007512932","properties":{},"geometry":{"type":"LineString","coordinates":[[145.3088,-37.7841],[145.3106,-37.7847]]}},{"type":"Feature","id":"way/1007512933","properties":{},"geometry":{"type":"LineString","coordinates":[[145.3106,-37.7847],[145.3094,-37.7844]]}},{"type":"Feature","id":"way/1009545871","properties":{},"geometry":{"type":"LineString","coordinates":[[145.3478,-38.043],[145.3475,-38.0428]]}},{"type":"Feature","id":"way/1012609698","properties":{},"geometry":{"type":"LineString","coordinates":[[145.1217,-38.0723],[145.1204,-38.0676]]}},{"type":"Feature","id":"way/1012609699","properties":{},"geometry":{"type":"LineString","coordinates":[[145.1186,-38.0583],[145.1172,-38.0546],[145.1123,-38.0446]]}},{"type":"Feature","id":"way/1012609700","properties":{},"geometry":{"type":"LineString","coordinates":[[145.1205,-38.0676],[145.1217,-38.0723]]}},{"type":"Feature","id":"way/1012609701","properties":{},"geometry":{"type":"LineString","coordinates":[[145.1124,-38.0446],[145.1175,-38.055],[145.1186,-38.0583]]}},{"type":"Feature","id":"way/1012609705","properties":{},"geometry":{"type":"LineString","coordinates":[[145.1204,-38.0676],[145.1193,-38.0605]]}},{"type":"Feature","id":"way/1012609707","properties":{},"geometry":{"type":"LineString","coordinates":[[145.1193,-38.0605],[145.1205,-38.0676]]}},{"type":"Feature","id":"way/1012609710","properties":{},"geometry":{"type":"LineString","coordinates":[[145.1186,-38.0583],[145.1193,-38.0605]]}},{"type":"Feature","id":"way/1012609711","properties":{},"geometry":{"type":"LineString","coordinates":[[145.1193,-38.0605],[145.1186,-38.0583]]}},{"type":"Feature","id":"way/1012609718","properties":{},"geometry":{"type":"LineString","coordinates":[[145.11,-38.0406],[145.1124,-38.0446]]}},{"type":"Feature","id":"way/1012609719","properties":{},"geometry":{"type":"LineString","coordinates":[[145.1123,-38.0446],[145.11,-38.0406]]}},{"type":"Feature","id":"way/1012609721","properties":{},"geometry":{"type":"LineString","coordinates":[[145.11,-38.0406],[145.1061,-38.0341]]}},{"type":"Feature","id":"way/1012609723","properties":{},"geometry":{"type":"LineString","coordinates":[[145.1062,-38.0341],[145.11,-38.0406]]}},{"type":"Feature","id":"way/1023280365","properties":{},"geometry":{"type":"LineString","coordinates":[[145.0051,-37.72],[145.0048,-37.7206]]}},{"type":"Feature","id":"way/1027575467","properties":{},"geometry":{"type":"LineString","coordinates":[[145.2395,-38.0376],[145.2374,-38.0329]]}},{"type":"Feature","id":"way/1027575878","properties":{},"geometry":{"type":"LineString","coordinates":[[145.231,-38.0187],[145.2293,-38.0148]]}},{"type":"Feature","id":"way/1030868889","properties":{},"geometry":{"type":"LineString","coordinates":[[144.9676,-37.8182],[144.967,-37.8183]]}},{"type":"Feature","id":"way/1031504861","properties":{},"geometry":{"type":"LineString","coordinates":[[145.3427,-38.0374],[145.3449,-38.0394],[145.3478,-38.043],[145.3499,-38.0448],[145.3545,-38.0468],[145.3633,-38.0499]]}},{"type":"Feature","id":"way/1031504862","properties":{},"geometry":{"type":"LineString","coordinates":[[145.3633,-38.05],[145.3545,-38.0468],[145.3499,-38.0448],[145.3471,-38.0424],[145.3427,-38.0375]]}},{"type":"Feature","id":"way/1031504863","properties":{},"geometry":{"type":"LineString","coordinates":[[145.3427,-38.0375],[145.3424,-38.0372]]}},{"type":"Feature","id":"way/1031504864","properties":{},"geometry":{"type":"LineString","coordinates":[[145.3424,-38.0372],[145.3427,-38.0374]]}},{"type":"Feature","id":"way/1036450995","properties":{},"geometry":{"type":"LineString","coordinates":[[144.9705,-37.8176],[144.9703,-37.8177]]}},{"type":"Feature","id":"way/1039198194","properties":{},"geometry":{"type":"LineString","coordinates":[[145.2794,-38.0989],[145.279,-38.0986]]}},{"type":"Feature","id":"way/1039198195","properties":{},"geometry":{"type":"LineString","coordinates":[[145.2785,-38.0982],[145.279,-38.0986]]}},{"type":"Feature","id":"way/1041067033","properties":{},"geometry":{"type":"LineString","coordinates":[[144.9633,-37.7382],[144.9626,-37.7321]]}},{"type":"Feature","id":"way/1042470389","properties":{},"geometry":{"type":"LineString","coordinates":[[145.2869,-38.0196],[145.2727,-38.0182]]}},{"type":"Feature","id":"way/1042470390","properties":{},"geometry":{"type":"LineString","coordinates":[[145.2727,-38.0182],[145.287,-38.0196]]}},{"type":"Feature","id":"way/1042470391","properties":{},"geometry":{"type":"LineString","coordinates":[[145.2681,-38.0177],[145.2727,-38.0182]]}},{"type":"Feature","id":"way/1042470392","properties":{},"geometry":{"type":"LineString","coordinates":[[145.2727,-38.0182],[145.2681,-38.0177]]}},{"type":"Feature","id":"way/1051418047","properties":{},"geometry":{"type":"LineString","coordinates":[[144.9063,-37.7881],[144.9093,-37.7854]]}},{"type":"Feature","id":"way/1051418048","properties":{},"geometry":{"type":"LineString","coordinates":[[144.9095,-37.7851],[144.9078,-37.7871]]}},{"type":"Feature","id":"way/1051418049","properties":{},"geometry":{"type":"LineString","coordinates":[[144.9174,-37.7836],[144.9169,-37.7836]]}},{"type":"Feature","id":"way/1051418050","properties":{},"geometry":{"type":"LineString","coordinates":[[144.9309,-37.7951],[144.9308,-37.7947]]}},{"type":"Feature","id":"way/1060951587","properties":{},"geometry":{"type":"LineString","coordinates":[[144.9995,-37.7502],[144.9992,-37.7514]]}},{"type":"Feature","id":"way/1060951588","properties":{},"geometry":{"type":"LineString","coordinates":[[145.0011,-37.7365],[145.0001,-37.7417],[145.0005,-37.7448],[144.9995,-37.7502]]}},{"type":"Feature","id":"way/1060951592","properties":{},"geometry":{"type":"LineString","coordinates":[[145.0017,-37.7334],[145.0019,-37.7325]]}},{"type":"Feature","id":"way/1064259912","properties":{},"geometry":{"type":"LineString","coordinates":[[144.9182,-37.7078],[144.9165,-37.7021]]}},{"type":"Feature","id":"way/1064259913","properties":{},"geometry":{"type":"LineString","coordinates":[[144.9165,-37.7021],[144.9183,-37.7078]]}},{"type":"Feature","id":"way/1071279765","properties":{},"geometry":{"type":"LineString","coordinates":[[145.0088,-37.7113],[145.0089,-37.7105]]}},{"type":"Feature","id":"way/1074053070","properties":{},"geometry":{"type":"LineString","coordinates":[[145.1245,-38.0825],[145.1244,-38.0824]]}},{"type":"Feature","id":"way/1074053071","properties":{},"geometry":{"type":"LineString","coordinates":[[145.1265,-38.0867],[145.1245,-38.0825]]}},{"type":"Feature","id":"way/1074053072","properties":{},"geometry":{"type":"LineString","coordinates":[[145.1244,-38.0824],[145.1245,-38.0825]]}},{"type":"Feature","id":"way/1074053073","properties":{},"geometry":{"type":"LineString","coordinates":[[145.1238,-38.0805],[145.1244,-38.0824]]}},{"type":"Feature","id":"way/1080421761","properties":{},"geometry":{"type":"LineString","coordinates":[[145.0581,-37.6503],[145.0578,-37.6503]]}},{"type":"Feature","id":"way/1080421763","properties":{},"geometry":{"type":"LineString","coordinates":[[145.0578,-37.6503],[145.0581,-37.6503]]}},{"type":"Feature","id":"way/1080675987","properties":{},"geometry":{"type":"LineString","coordinates":[[145.1168,-37.8185],[145.1179,-37.8187]]}},{"type":"Feature","id":"way/1095070982","properties":{},"geometry":{"type":"LineString","coordinates":[[144.7553,-37.773],[144.7556,-37.7731]]}},{"type":"Feature","id":"way/1095070983","properties":{},"geometry":{"type":"LineString","coordinates":[[144.7556,-37.7731],[144.7558,-37.7731]]}},{"type":"Feature","id":"way/1095070984","properties":{},"geometry":{"type":"LineString","coordinates":[[144.7556,-37.7731],[144.7554,-37.773]]}},{"type":"Feature","id":"way/1095070985","properties":{},"geometry":{"type":"LineString","coordinates":[[144.7558,-37.7732],[144.7556,-37.7731]]}},{"type":"Feature","id":"way/1096192749","properties":{},"geometry":{"type":"LineString","coordinates":[[145.0398,-37.9018],[145.0407,-37.8975]]}},{"type":"Feature","id":"way/1096192750","properties":{},"geometry":{"type":"LineString","coordinates":[[145.0407,-37.8975],[145.0399,-37.9018]]}},{"type":"Feature","id":"way/1096192751","properties":{},"geometry":{"type":"LineString","coordinates":[[145.0407,-37.8975],[145.0399,-37.9018]]}},{"type":"Feature","id":"way/1096192752","properties":{},"geometry":{"type":"LineString","coordinates":[[145.0396,-37.9035],[145.0395,-37.904]]}},{"type":"Feature","id":"way/1096192753","properties":{},"geometry":{"type":"LineString","coordinates":[[145.0396,-37.9035],[145.0395,-37.904]]}},{"type":"Feature","id":"way/1096192754","properties":{},"geometry":{"type":"LineString","coordinates":[[145.0394,-37.904],[145.0395,-37.9035]]}},{"type":"Feature","id":"way/1096192755","properties":{},"geometry":{"type":"LineString","coordinates":[[145.0395,-37.9035],[145.0398,-37.9018]]}},{"type":"Feature","id":"way/1096192756","properties":{},"geometry":{"type":"LineString","coordinates":[[145.0399,-37.9018],[145.0396,-37.9035]]}},{"type":"Feature","id":"way/1096192757","properties":{},"geometry":{"type":"LineString","coordinates":[[145.0399,-37.9018],[145.0396,-37.9035]]}},{"type":"Feature","id":"way/1096440629","properties":{},"geometry":{"type":"LineString","coordinates":[[145.2415,-38.0419],[145.2442,-38.0475],[145.244,-38.0499]]}},{"type":"Feature","id":"way/1107054364","properties":{},"geometry":{"type":"LineString","coordinates":[[144.9994,-37.7502],[145.0004,-37.7448],[144.9999,-37.7414],[145.0009,-37.7365]]}},{"type":"Feature","id":"way/1123056019","properties":{},"geometry":{"type":"LineString","coordinates":[[144.8482,-37.7976],[144.8483,-37.7976]]}},{"type":"Feature","id":"way/1123056021","properties":{},"geometry":{"type":"LineString","coordinates":[[144.8347,-37.7913],[144.8336,-37.7899]]}},{"type":"Feature","id":"way/1123056022","properties":{},"geometry":{"type":"LineString","coordinates":[[144.8343,-37.7907],[144.8341,-37.7903]]}},{"type":"Feature","id":"way/1123056023","properties":{},"geometry":{"type":"LineString","coordinates":[[144.8342,-37.7901],[144.8338,-37.7897]]}},{"type":"Feature","id":"way/1125532210","properties":{},"geometry":{"type":"LineString","coordinates":[[145.0383,-37.9099],[145.0392,-37.9051]]}},{"type":"Feature","id":"way/1125532211","properties":{},"geometry":{"type":"LineString","coordinates":[[145.0378,-37.9122],[145.0383,-37.9099]]}},{"type":"Feature","id":"way/1125532212","properties":{},"geometry":{"type":"LineString","coordinates":[[145.0393,-37.9051],[145.0384,-37.9099]]}},{"type":"Feature","id":"way/1125532213","properties":{},"geometry":{"type":"LineString","coordinates":[[145.0384,-37.9099],[145.038,-37.9122]]}},{"type":"Feature","id":"way/1125532214","properties":{},"geometry":{"type":"LineString","coordinates":[[145.0393,-37.9051],[145.0384,-37.9099]]}},{"type":"Feature","id":"way/1125532215","properties":{},"geometry":{"type":"LineString","coordinates":[[145.0384,-37.9099],[145.038,-37.9122]]}},{"type":"Feature","id":"way/1131868941","properties":{},"geometry":{"type":"LineString","coordinates":[[145.1335,-37.9345],[145.1289,-37.931]]}},{"type":"Feature","id":"way/1131868942","properties":{},"geometry":{"type":"LineString","coordinates":[[145.1333,-37.9343],[145.1343,-37.935]]}},{"type":"Feature","id":"way/1131868943","properties":{},"geometry":{"type":"LineString","coordinates":[[145.1343,-37.935],[145.1389,-37.9385]]}},{"type":"Feature","id":"way/1134733867","properties":{},"geometry":{"type":"LineString","coordinates":[[145.4339,-38.0705],[145.4139,-38.0667]]}},{"type":"Feature","id":"way/1134733868","properties":{},"geometry":{"type":"LineString","coordinates":[[145.434,-38.0706],[145.4339,-38.0705]]}},{"type":"Feature","id":"way/1134733869","properties":{},"geometry":{"type":"LineString","coordinates":[[145.4139,-38.0667],[145.4339,-38.0705]]}},{"type":"Feature","id":"way/1134733870","properties":{},"geometry":{"type":"LineString","coordinates":[[145.4339,-38.0705],[145.434,-38.0705]]}},{"type":"Feature","id":"way/1136223384","properties":{},"geometry":{"type":"LineString","coordinates":[[145.0402,-37.8759],[145.04,-37.8756]]}},{"type":"Feature","id":"way/1162954827","properties":{},"geometry":{"type":"LineString","coordinates":[[144.951,-37.8175],[144.9511,-37.8176]]}},{"type":"Feature","id":"way/1162958318","properties":{},"geometry":{"type":"LineString","coordinates":[[144.9703,-37.8177],[144.9705,-37.8177]]}},{"type":"Feature","id":"way/1162958319","properties":{},"geometry":{"type":"LineString","coordinates":[[144.9705,-37.8171],[144.9703,-37.8171]]}},{"type":"Feature","id":"way/1162958320","properties":{},"geometry":{"type":"LineString","coordinates":[[144.9703,-37.8171],[144.9692,-37.8174]]}},{"type":"Feature","id":"way/1162958321","properties":{},"geometry":{"type":"LineString","coordinates":[[144.9671,-37.8187],[144.967,-37.8187]]}},{"type":"Feature","id":"way/1162958322","properties":{},"geometry":{"type":"LineString","coordinates":[[144.967,-37.8187],[144.9671,-37.8187]]}},{"type":"Feature","id":"way/1162958324","properties":{},"geometry":{"type":"LineString","coordinates":[[144.9706,-37.8177],[144.9694,-37.818]]}},{"type":"Feature","id":"way/1164465588","properties":{},"geometry":{"type":"LineString","coordinates":[[145.3635,-38.05],[145.3647,-38.0504]]}},{"type":"Feature","id":"way/1164465589","properties":{},"geometry":{"type":"LineString","coordinates":[[145.3633,-38.0499],[145.3635,-38.05]]}},{"type":"Feature","id":"way/1164465590","properties":{},"geometry":{"type":"LineString","coordinates":[[145.3647,-38.0505],[145.3635,-38.05]]}},{"type":"Feature","id":"way/1164465591","properties":{},"geometry":{"type":"LineString","coordinates":[[145.3635,-38.05],[145.3633,-38.05]]}},{"type":"Feature","id":"way/1172180241","properties":{},"geometry":{"type":"LineString","coordinates":[[145.0935,-37.8249],[145.0955,-37.8249]]}},{"type":"Feature","id":"way/1172180242","properties":{},"geometry":{"type":"LineString","coordinates":[[145.0935,-37.825],[145.0955,-37.8249]]}},{"type":"Feature","id":"way/1172180243","properties":{},"geometry":{"type":"LineString","coordinates":[[145.0955,-37.825],[145.0935,-37.825]]}},{"type":"Feature","id":"way/1172180244","properties":{},"geometry":{"type":"LineString","coordinates":[[145.1081,-37.8184],[145.1122,-37.8182]]}},{"type":"Feature","id":"way/1172180245","properties":{},"geometry":{"type":"LineString","coordinates":[[145.1081,-37.8184],[145.1122,-37.8182]]}},{"type":"Feature","id":"way/1172180246","properties":{},"geometry":{"type":"LineString","coordinates":[[145.1122,-37.8183],[145.1081,-37.8185]]}},{"type":"Feature","id":"way/1175534374","properties":{},"geometry":{"type":"LineString","coordinates":[[145.0488,-37.8229],[145.052,-37.8236],[145.0539,-37.8248]]}},{"type":"Feature","id":"way/1175534376","properties":{},"geometry":{"type":"LineString","coordinates":[[145.0577,-37.8265],[145.061,-37.8265]]}},{"type":"Feature","id":"way/1175534378","properties":{},"geometry":{"type":"LineString","coordinates":[[145.0577,-37.8266],[145.0556,-37.8261],[145.0538,-37.8247]]}},{"type":"Feature","id":"way/1175534382","properties":{},"geometry":{"type":"LineString","coordinates":[[145.0577,-37.8267],[145.0554,-37.8261],[145.0537,-37.8247]]}},{"type":"Feature","id":"way/1175541649","properties":{},"geometry":{"type":"LineString","coordinates":[[145.065,-37.8263],[145.0653,-37.8263]]}},{"type":"Feature","id":"way/1175541650","properties":{},"geometry":{"type":"LineString","coordinates":[[145.0649,-37.8263],[145.065,-37.8263]]}},{"type":"Feature","id":"way/1175541651","properties":{},"geometry":{"type":"LineString","coordinates":[[145.0642,-37.8265],[145.0659,-37.8264]]}},{"type":"Feature","id":"way/1178601714","properties":{},"geometry":{"type":"LineString","coordinates":[[145.1574,-37.6738],[145.1596,-37.6731],[145.1642,-37.6726],[145.1678,-37.6707],[145.1778,-37.6677],[145.1801,-37.6665]]}},{"type":"Feature","id":"way/1180362188","properties":{},"geometry":{"type":"LineString","coordinates":[[145.3449,-37.7581],[145.3438,-37.7591]]}},{"type":"Feature","id":"way/1184934662","properties":{},"geometry":{"type":"LineString","coordinates":[[144.8838,-37.8449],[144.8837,-37.8443]]}},{"type":"Feature","id":"way/1184998355","properties":{},"geometry":{"type":"LineString","coordinates":[[144.8759,-37.8487],[144.8764,-37.8485]]}},{"type":"Feature","id":"way/1192681033","properties":{},"geometry":{"type":"LineString","coordinates":[[145.0438,-37.8859],[145.0441,-37.8857]]}},{"type":"Feature","id":"way/1192681034","properties":{},"geometry":{"type":"LineString","coordinates":[[145.0411,-37.8766],[145.0405,-37.8762]]}},{"type":"Feature","id":"way/1193102921","properties":{},"geometry":{"type":"LineString","coordinates":[[144.9677,-37.8183],[144.9671,-37.8185]]}},{"type":"Feature","id":"way/1193102922","properties":{},"geometry":{"type":"LineString","coordinates":[[144.9671,-37.8184],[144.9676,-37.8183]]}},{"type":"Feature","id":"way/1193102923","properties":{},"geometry":{"type":"LineString","coordinates":[[144.9681,-37.818],[144.9676,-37.8182]]}},{"type":"Feature","id":"way/1193102924","properties":{},"geometry":{"type":"LineString","coordinates":[[144.9687,-37.8178],[144.9675,-37.8181]]}},{"type":"Feature","id":"way/1193102926","properties":{},"geometry":{"type":"LineString","coordinates":[[144.9675,-37.818],[144.9669,-37.8181]]}},{"type":"Feature","id":"way/1193102927","properties":{},"geometry":{"type":"LineString","coordinates":[[144.968,-37.8177],[144.9674,-37.8179]]}},{"type":"Feature","id":"way/1193102929","properties":{},"geometry":{"type":"LineString","coordinates":[[144.9653,-37.8185],[144.9638,-37.819]]}},{"type":"Feature","id":"way/1193102930","properties":{},"geometry":{"type":"LineString","coordinates":[[144.9657,-37.8185],[144.9638,-37.819]]}},{"type":"Feature","id":"way/1193102935","properties":{},"geometry":{"type":"LineString","coordinates":[[144.965,-37.8189],[144.9642,-37.8191]]}},{"type":"Feature","id":"way/1193102939","properties":{},"geometry":{"type":"LineString","coordinates":[[144.965,-37.8191],[144.9639,-37.8192]]}},{"type":"Feature","id":"way/1193102940","properties":{},"geometry":{"type":"LineString","coordinates":[[144.9617,-37.8195],[144.9625,-37.8194]]}},{"type":"Feature","id":"way/1193102941","properties":{},"geometry":{"type":"LineString","coordinates":[[144.9637,-37.8192],[144.9633,-37.8192]]}},{"type":"Feature","id":"way/1193102950","properties":{},"geometry":{"type":"LineString","coordinates":[[144.9645,-37.819],[144.9658,-37.8188]]}},{"type":"Feature","id":"way/1193102962","properties":{},"geometry":{"type":"LineString","coordinates":[[144.9519,-37.819],[144.952,-37.8192]]}},{"type":"Feature","id":"way/1195604269","properties":{},"geometry":{"type":"LineString","coordinates":[[145.1172,-37.9219],[145.1217,-37.9253]]}},{"type":"Feature","id":"way/1195604270","properties":{},"geometry":{"type":"LineString","coordinates":[[145.1216,-37.9254],[145.1167,-37.9217]]}},{"type":"Feature","id":"way/1195604272","properties":{},"geometry":{"type":"LineString","coordinates":[[144.9212,-37.7988],[144.9199,-37.7987]]}},{"type":"Feature","id":"way/1195604273","properties":{},"geometry":{"type":"LineString","coordinates":[[144.92,-37.7987],[144.9212,-37.7988]]}},{"type":"Feature","id":"way/1195604274","properties":{},"geometry":{"type":"LineString","coordinates":[[144.8924,-37.8027],[144.8855,-37.8019]]}},{"type":"Feature","id":"way/1195604275","properties":{},"geometry":{"type":"LineString","coordinates":[[144.8844,-37.8017],[144.8858,-37.8019]]}},{"type":"Feature","id":"way/1216665479","properties":{},"geometry":{"type":"LineString","coordinates":[[145.036,-37.922],[145.0361,-37.9219]]}},{"type":"Feature","id":"way/1216665480","properties":{},"geometry":{"type":"LineString","coordinates":[[145.0361,-37.9219],[145.0361,-37.9221]]}},{"type":"Feature","id":"way/1216665481","properties":{},"geometry":{"type":"LineString","coordinates":[[145.0362,-37.9219],[145.0361,-37.9221]]}},{"type":"Feature","id":"way/1216665482","properties":{},"geometry":{"type":"LineString","coordinates":[[145.0361,-37.9221],[145.0359,-37.9233]]}},{"type":"Feature","id":"way/1216665483","properties":{},"geometry":{"type":"LineString","coordinates":[[145.0358,-37.9233],[145.036,-37.922]]}},{"type":"Feature","id":"way/1216665484","properties":{},"geometry":{"type":"LineString","coordinates":[[145.0361,-37.9221],[145.0359,-37.9233]]}},{"type":"Feature","id":"way/1216665485","properties":{},"geometry":{"type":"LineString","coordinates":[[145.0359,-37.9233],[145.0359,-37.9234]]}},{"type":"Feature","id":"way/1216665486","properties":{},"geometry":{"type":"LineString","coordinates":[[145.0359,-37.9233],[145.0359,-37.9234]]}},{"type":"Feature","id":"way/1216665487","properties":{},"geometry":{"type":"LineString","coordinates":[[145.0358,-37.9234],[145.0358,-37.9233]]}},{"type":"Feature","id":"way/1216665488","properties":{},"geometry":{"type":"LineString","coordinates":[[145.0354,-37.9256],[145.0358,-37.9234]]}},{"type":"Feature","id":"way/1216665489","properties":{},"geometry":{"type":"LineString","coordinates":[[145.0359,-37.9234],[145.0355,-37.9256]]}},{"type":"Feature","id":"way/1216665490","properties":{},"geometry":{"type":"LineString","coordinates":[[145.0359,-37.9234],[145.0355,-37.9256]]}},{"type":"Feature","id":"way/1223358359","properties":{},"geometry":{"type":"LineString","coordinates":[[145.0407,-37.8974],[145.0415,-37.8931]]}},{"type":"Feature","id":"way/1223358360","properties":{},"geometry":{"type":"LineString","coordinates":[[145.0416,-37.8931],[145.0407,-37.8974]]}},{"type":"Feature","id":"way/1223358361","properties":{},"geometry":{"type":"LineString","coordinates":[[145.0416,-37.8932],[145.0408,-37.8974]]}},{"type":"Feature","id":"way/1227590909","properties":{},"geometry":{"type":"LineString","coordinates":[[144.9495,-37.8143],[144.949,-37.814]]}},{"type":"Feature","id":"way/1228950285","properties":{},"geometry":{"type":"LineString","coordinates":[[145.5271,-38.0833],[145.5228,-38.084]]}},{"type":"Feature","id":"way/1228950286","properties":{},"geometry":{"type":"LineString","coordinates":[[145.5228,-38.084],[145.5227,-38.084]]}},{"type":"Feature","id":"way/1228950287","properties":{},"geometry":{"type":"LineString","coordinates":[[145.5228,-38.0839],[145.5271,-38.0833]]}},{"type":"Feature","id":"way/1228950288","properties":{},"geometry":{"type":"LineString","coordinates":[[145.5227,-38.0839],[145.5228,-38.0839]]}},{"type":"Feature","id":"way/1230904294","properties":{},"geometry":{"type":"LineString","coordinates":[[145.3006,-38.0258],[145.3066,-38.029]]}},{"type":"Feature","id":"way/1230904295","properties":{},"geometry":{"type":"LineString","coordinates":[[145.3066,-38.029],[145.3005,-38.0259]]}},{"type":"Feature","id":"way/1238740376","properties":{},"geometry":{"type":"LineString","coordinates":[[145.2311,-37.815],[145.231,-37.815]]}},{"type":"Feature","id":"way/1254317872","properties":{},"geometry":{"type":"LineString","coordinates":[[144.9615,-37.8195],[144.9616,-37.8195]]}},{"type":"Feature","id":"way/1254335273","properties":{},"geometry":{"type":"LineString","coordinates":[[144.8762,-37.8008],[144.8752,-37.8008]]}},{"type":"Feature","id":"way/1254346308","properties":{},"geometry":{"type":"LineString","coordinates":[[144.8225,-37.7746],[144.8222,-37.7742]]}},{"type":"Feature","id":"way/1257641793","properties":{},"geometry":{"type":"LineString","coordinates":[[145.2118,-37.991],[145.2119,-37.9911]]}},{"type":"Feature","id":"way/1257641795","properties":{},"geometry":{"type":"LineString","coordinates":[[145.2119,-37.991],[145.212,-37.991]]}},{"type":"Feature","id":"way/1278486599","properties":{},"geometry":{"type":"LineString","coordinates":[[144.8762,-37.8008],[144.88,-37.8013]]}},{"type":"Feature","id":"way/1278486600","properties":{},"geometry":{"type":"LineString","coordinates":[[144.8842,-37.8018],[144.8858,-37.8019]]}},{"type":"Feature","id":"way/1279046728","properties":{},"geometry":{"type":"LineString","coordinates":[[144.9703,-37.817],[144.9713,-37.8167]]}},{"type":"Feature","id":"way/1279046730","properties":{},"geometry":{"type":"LineString","coordinates":[[144.97,-37.8171],[144.9703,-37.8171]]}},{"type":"Feature","id":"way/1279046731","properties":{},"geometry":{"type":"LineString","coordinates":[[144.9692,-37.8174],[144.969,-37.8174]]}},{"type":"Feature","id":"way/1279046735","properties":{},"geometry":{"type":"LineString","coordinates":[[144.9692,-37.8179],[144.9705,-37.8175]]}},{"type":"Feature","id":"way/1279046736","properties":{},"geometry":{"type":"LineString","coordinates":[[144.9698,-37.8178],[144.97,-37.8177]]}},{"type":"Feature","id":"way/1279046739","properties":{},"geometry":{"type":"LineString","coordinates":[[144.9704,-37.8174],[144.9705,-37.8174]]}},{"type":"Feature","id":"way/1279046740","properties":{},"geometry":{"type":"LineString","coordinates":[[144.9689,-37.8179],[144.9686,-37.818]]}},{"type":"Feature","id":"way/1279046743","properties":{},"geometry":{"type":"LineString","coordinates":[[144.9625,-37.8194],[144.9631,-37.8192]]}},{"type":"Feature","id":"way/1279046744","properties":{},"geometry":{"type":"LineString","coordinates":[[144.9531,-37.8203],[144.953,-37.8202]]}},{"type":"Feature","id":"way/1279046745","properties":{},"geometry":{"type":"LineString","coordinates":[[144.9527,-37.8199],[144.9528,-37.82]]}},{"type":"Feature","id":"way/1279790910","properties":{},"geometry":{"type":"LineString","coordinates":[[144.8393,-37.8461],[144.8395,-37.8462]]}},{"type":"Feature","id":"way/1279790911","properties":{},"geometry":{"type":"LineString","coordinates":[[144.8398,-37.8463],[144.84,-37.8463]]}},{"type":"Feature","id":"way/1279790912","properties":{},"geometry":{"type":"LineString","coordinates":[[144.8392,-37.8462],[144.8395,-37.8462]]}},{"type":"Feature","id":"way/1279790913","properties":{},"geometry":{"type":"LineString","coordinates":[[144.8395,-37.8462],[144.8398,-37.8463]]}},{"type":"Feature","id":"way/1279887821","properties":{},"geometry":{"type":"LineString","coordinates":[[145.1464,-37.9441],[145.1472,-37.9448]]}},{"type":"Feature","id":"way/1280208204","properties":{},"geometry":{"type":"LineString","coordinates":[[145.5126,-38.0853],[145.5097,-38.085],[145.4974,-38.0827]]}},{"type":"Feature","id":"way/1280208205","properties":{},"geometry":{"type":"LineString","coordinates":[[145.4996,-38.0829],[145.5118,-38.0852]]}},{"type":"Feature","id":"way/1284115317","properties":{},"geometry":{"type":"LineString","coordinates":[[145.0113,-37.6978],[145.012,-37.6936]]}},{"type":"Feature","id":"way/1284115318","properties":{},"geometry":{"type":"LineString","coordinates":[[145.0122,-37.6936],[145.0114,-37.6978]]}},{"type":"Feature","id":"way/1284115319","properties":{},"geometry":{"type":"LineString","coordinates":[[145.0114,-37.6978],[145.0085,-37.7137]]}},{"type":"Feature","id":"way/1284115320","properties":{},"geometry":{"type":"LineString","coordinates":[[145.0083,-37.7137],[145.0113,-37.6978]]}},{"type":"Feature","id":"way/1288656913","properties":{},"geometry":{"type":"LineString","coordinates":[[145.5082,-38.0846],[145.5091,-38.0847]]}},{"type":"Feature","id":"way/1288656914","properties":{},"geometry":{"type":"LineString","coordinates":[[145.508,-38.0846],[145.5089,-38.0848]]}},{"type":"Feature","id":"way/1289111305","properties":{},"geometry":{"type":"LineString","coordinates":[[145.5183,-38.0846],[145.5227,-38.0839]]}},{"type":"Feature","id":"way/1289234209","properties":{},"geometry":{"type":"LineString","coordinates":[[145.5067,-38.0844],[145.5045,-38.084]]}},{"type":"Feature","id":"way/1289497070","properties":{},"geometry":{"type":"LineString","coordinates":[[145.5259,-38.0835],[145.5248,-38.0836]]}},{"type":"Feature","id":"way/1289497071","properties":{},"geometry":{"type":"LineString","coordinates":[[145.5016,-38.0833],[145.4992,-38.083]]}},{"type":"Feature","id":"way/1289497073","properties":{},"geometry":{"type":"LineString","coordinates":[[145.5021,-38.0834],[145.5045,-38.084]]}},{"type":"Feature","id":"way/1289497075","properties":{},"geometry":{"type":"LineString","coordinates":[[145.4996,-38.0829],[145.5016,-38.0833]]}},{"type":"Feature","id":"way/1289497076","properties":{},"geometry":{"type":"LineString","coordinates":[[145.5271,-38.0833],[145.5359,-38.0819]]}},{"type":"Feature","id":"way/1289497077","properties":{},"geometry":{"type":"LineString","coordinates":[[145.5359,-38.0819],[145.5271,-38.0833]]}},{"type":"Feature","id":"way/1289497080","properties":{},"geometry":{"type":"LineString","coordinates":[[145.593,-38.0829],[145.5711,-38.0816]]}},{"type":"Feature","id":"way/1289497095","properties":{},"geometry":{"type":"LineString","coordinates":[[145.239,-37.8181],[145.2375,-37.8159],[145.236,-37.8148]]}},{"type":"Feature","id":"way/1289497096","properties":{},"geometry":{"type":"LineString","coordinates":[[145.2361,-37.8148],[145.2374,-37.8157],[145.239,-37.8181]]}},{"type":"Feature","id":"way/1289497097","properties":{},"geometry":{"type":"LineString","coordinates":[[145.236,-37.8148],[145.2336,-37.8144],[145.2314,-37.8149]]}},{"type":"Feature","id":"way/1289497098","properties":{},"geometry":{"type":"LineString","coordinates":[[145.2318,-37.8147],[145.234,-37.8143],[145.2361,-37.8148]]}},{"type":"Feature","id":"way/1292157326","properties":{},"geometry":{"type":"LineString","coordinates":[[145.4974,-38.0827],[145.4942,-38.0821]]}},{"type":"Feature","id":"way/1292157327","properties":{},"geometry":{"type":"LineString","coordinates":[[145.508,-38.0846],[145.5067,-38.0844]]}},{"type":"Feature","id":"way/1292157328","properties":{},"geometry":{"type":"LineString","coordinates":[[145.5068,-38.0843],[145.5082,-38.0846]]}},{"type":"Feature","id":"way/1292157329","properties":{},"geometry":{"type":"LineString","coordinates":[[145.4942,-38.082],[145.4996,-38.0829]]}},{"type":"Feature","id":"way/1293807365","properties":{},"geometry":{"type":"LineString","coordinates":[[145.2842,-37.7933],[145.2816,-37.7947]]}},{"type":"Feature","id":"way/1293807366","properties":{},"geometry":{"type":"LineString","coordinates":[[145.2816,-37.7946],[145.2843,-37.7932]]}},{"type":"Feature","id":"way/1293929791","properties":{},"geometry":{"type":"LineString","coordinates":[[145.2534,-37.8109],[145.245,-37.8134]]}},{"type":"Feature","id":"way/1293929792","properties":{},"geometry":{"type":"LineString","coordinates":[[145.245,-37.8133],[145.2534,-37.8109]]}},{"type":"Feature","id":"way/1293961627","properties":{},"geometry":{"type":"LineString","coordinates":[[145.2736,-37.8007],[145.2753,-37.7986],[145.2775,-37.7972]]}},{"type":"Feature","id":"way/1293961628","properties":{},"geometry":{"type":"LineString","coordinates":[[145.2779,-37.7969],[145.2752,-37.7988],[145.2736,-37.8008]]}},{"type":"Feature","id":"way/1293963295","properties":{},"geometry":{"type":"LineString","coordinates":[[145.2784,-37.7966],[145.2779,-37.7969]]}},{"type":"Feature","id":"way/1293963296","properties":{},"geometry":{"type":"LineString","coordinates":[[145.2775,-37.7972],[145.2784,-37.7965]]}},{"type":"Feature","id":"way/1298150138","properties":{},"geometry":{"type":"LineString","coordinates":[[145.2733,-37.8012],[145.2715,-37.8035],[145.2663,-37.8071],[145.2534,-37.8109]]}},{"type":"Feature","id":"way/1298150139","properties":{},"geometry":{"type":"LineString","coordinates":[[145.2534,-37.8109],[145.2663,-37.807],[145.2712,-37.8037],[145.2733,-37.8011]]}},{"type":"Feature","id":"way/1299295122","properties":{},"geometry":{"type":"LineString","coordinates":[[145.0554,-37.9679],[145.0563,-37.969]]}},{"type":"Feature","id":"way/1299295123","properties":{},"geometry":{"type":"LineString","coordinates":[[145.0534,-37.965],[145.0551,-37.9675]]}},{"type":"Feature","id":"way/1299295126","properties":{},"geometry":{"type":"LineString","coordinates":[[145.0527,-37.9639],[145.053,-37.9644]]}},{"type":"Feature","id":"way/1299295127","properties":{},"geometry":{"type":"LineString","coordinates":[[145.053,-37.9644],[145.0521,-37.9632]]}},{"type":"Feature","id":"way/1304764266","properties":{},"geometry":{"type":"LineString","coordinates":[[145.0793,-37.9956],[145.0817,-37.9979],[145.0838,-38.0009]]}},{"type":"Feature","id":"way/1304764267","properties":{},"geometry":{"type":"LineString","coordinates":[[145.0838,-38.001],[145.0817,-37.998],[145.0792,-37.9956]]}},{"type":"Feature","id":"way/1307456895","properties":{},"geometry":{"type":"LineString","coordinates":[[144.8491,-37.8084],[144.8489,-37.8082]]}},{"type":"Feature","id":"way/1307863433","properties":{},"geometry":{"type":"LineString","coordinates":[[145.1952,-37.8177],[145.202,-37.8181]]}},{"type":"Feature","id":"way/1307863434","properties":{},"geometry":{"type":"LineString","coordinates":[[145.202,-37.8182],[145.1952,-37.8177]]}},{"type":"Feature","id":"way/1324963329","properties":{},"geometry":{"type":"LineString","coordinates":[[145.1081,-38.2137],[145.1084,-38.2137]]}},{"type":"Feature","id":"way/1326482088","properties":{},"geometry":{"type":"LineString","coordinates":[[145.2931,-37.8776],[145.293,-37.8774]]}},{"type":"Feature","id":"way/1326482089","properties":{},"geometry":{"type":"LineString","coordinates":[[145.2932,-37.8777],[145.2931,-37.8776]]}},{"type":"Feature","id":"way/1326482090","properties":{},"geometry":{"type":"LineString","coordinates":[[145.2932,-37.8777],[145.2956,-37.8825]]}},{"type":"Feature","id":"way/1326482091","properties":{},"geometry":{"type":"LineString","coordinates":[[145.2932,-37.8776],[145.2932,-37.8777]]}},{"type":"Feature","id":"way/1340407276","properties":{},"geometry":{"type":"LineString","coordinates":[[145.0403,-37.876],[145.0399,-37.8757]]}},{"type":"Feature","id":"way/1341984474","properties":{},"geometry":{"type":"LineString","coordinates":[[144.6142,-38.2612],[144.6139,-38.261]]}},{"type":"Feature","id":"way/1356915819","properties":{},"geometry":{"type":"LineString","coordinates":[[144.9173,-37.8014],[144.9178,-37.8012]]}},{"type":"Feature","id":"way/1358296378","properties":{},"geometry":{"type":"LineString","coordinates":[[144.9411,-37.8079],[144.9402,-37.8072]]}},{"type":"Feature","id":"way/1358296379","properties":{},"geometry":{"type":"LineString","coordinates":[[144.9402,-37.8072],[144.94,-37.807]]}},{"type":"Feature","id":"way/1358296380","properties":{},"geometry":{"type":"LineString","coordinates":[[144.9403,-37.8073],[144.9411,-37.8079]]}},{"type":"Feature","id":"way/1358296381","properties":{},"geometry":{"type":"LineString","coordinates":[[144.9401,-37.807],[144.9403,-37.8073]]}},{"type":"Feature","id":"way/1358325122","properties":{},"geometry":{"type":"LineString","coordinates":[[144.9352,-37.8055],[144.9343,-37.8053]]}},{"type":"Feature","id":"way/1358325123","properties":{},"geometry":{"type":"LineString","coordinates":[[144.9341,-37.8052],[144.9338,-37.8051]]}},{"type":"Feature","id":"way/1358489967","properties":{},"geometry":{"type":"LineString","coordinates":[[144.9343,-37.8053],[144.9342,-37.8052]]}},{"type":"Feature","id":"way/1358489968","properties":{},"geometry":{"type":"LineString","coordinates":[[144.9342,-37.8052],[144.9341,-37.8052]]}},{"type":"Feature","id":"way/1358489980","properties":{},"geometry":{"type":"LineString","coordinates":[[144.9383,-37.8032],[144.9379,-37.8028]]}},{"type":"Feature","id":"way/1362477468","properties":{},"geometry":{"type":"LineString","coordinates":[[144.9093,-37.7854],[144.9078,-37.7871]]}},{"type":"Feature","id":"way/1362477469","properties":{},"geometry":{"type":"LineString","coordinates":[[144.9092,-37.7855],[144.9094,-37.7853]]}},{"type":"Feature","id":"way/1372984086","properties":{},"geometry":{"type":"LineString","coordinates":[[145.4092,-38.0658],[145.4137,-38.0666]]}},{"type":"Feature","id":"way/1372984087","properties":{},"geometry":{"type":"LineString","coordinates":[[145.4074,-38.0654],[145.4075,-38.0655]]}},{"type":"Feature","id":"way/1372984088","properties":{},"geometry":{"type":"LineString","coordinates":[[145.4137,-38.0667],[145.4092,-38.0658]]}},{"type":"Feature","id":"way/1372984089","properties":{},"geometry":{"type":"LineString","coordinates":[[145.4074,-38.0655],[145.4074,-38.0655]]}},{"type":"Feature","id":"way/1372984096","properties":{},"geometry":{"type":"LineString","coordinates":[[145.4075,-38.0655],[145.4091,-38.0658]]}},{"type":"Feature","id":"way/1372984097","properties":{},"geometry":{"type":"LineString","coordinates":[[145.4091,-38.0658],[145.4074,-38.0655]]}},{"type":"Feature","id":"way/1372984098","properties":{},"geometry":{"type":"LineString","coordinates":[[145.4091,-38.0658],[145.4092,-38.0658]]}},{"type":"Feature","id":"way/1372984099","properties":{},"geometry":{"type":"LineString","coordinates":[[145.4092,-38.0658],[145.4091,-38.0658]]}},{"type":"Feature","id":"way/1374323190","properties":{},"geometry":{"type":"LineString","coordinates":[[144.9687,-37.8176],[144.9681,-37.8178]]}},{"type":"Feature","id":"way/1391800069","properties":{},"geometry":{"type":"LineString","coordinates":[[145.0647,-37.9811],[145.0653,-37.9821]]}},{"type":"Feature","id":"way/1391800070","properties":{},"geometry":{"type":"LineString","coordinates":[[145.0653,-37.9821],[145.0646,-37.9811]]}},{"type":"Feature","id":"way/1391800071","properties":{},"geometry":{"type":"LineString","coordinates":[[145.0653,-37.9821],[145.0679,-37.9855]]}},{"type":"Feature","id":"way/1391800072","properties":{},"geometry":{"type":"LineString","coordinates":[[145.0679,-37.9856],[145.0653,-37.9821]]}},{"type":"Feature","id":"way/1395686712","properties":{},"geometry":{"type":"LineString","coordinates":[[144.8875,-37.8021],[144.8882,-37.8022]]}},{"type":"Feature","id":"way/1408190499","properties":{},"geometry":{"type":"LineString","coordinates":[[144.9743,-37.8137],[144.9752,-37.8149],[144.9763,-37.8156]]}},{"type":"Feature","id":"way/1408190500","properties":{},"geometry":{"type":"LineString","coordinates":[[144.9709,-37.8171],[144.9705,-37.8172]]}},{"type":"Feature","id":"way/1408711443","properties":{},"geometry":{"type":"LineString","coordinates":[[144.3943,-37.7268],[144.3967,-37.7271],[144.3989,-37.7269],[144.4015,-37.7259],[144.4031,-37.7246],[144.4043,-37.7229],[144.4127,-37.7077]]}},{"type":"Feature","id":"way/1408711444","properties":{},"geometry":{"type":"LineString","coordinates":[[144.4398,-37.6883],[144.4418,-37.6888]]}},{"type":"Feature","id":"way/1408711445","properties":{},"geometry":{"type":"LineString","coordinates":[[144.4418,-37.6888],[144.4434,-37.6891]]}},{"type":"Feature","id":"way/1408711446","properties":{},"geometry":{"type":"LineString","coordinates":[[144.4434,-37.6891],[144.4449,-37.6895]]}},{"type":"Feature","id":"way/1408711447","properties":{},"geometry":{"type":"LineString","coordinates":[[144.4449,-37.6895],[144.4475,-37.6906],[144.4496,-37.6925],[144.4505,-37.6941],[144.4509,-37.6964],[144.4516,-37.6981],[144.454,-37.7004]]}},{"type":"Feature","id":"way/1408711448","properties":{},"geometry":{"type":"LineString","coordinates":[[144.454,-37.7004],[144.4571,-37.7024],[144.4599,-37.7034]]}},{"type":"Feature","id":"way/1408711449","properties":{},"geometry":{"type":"LineString","coordinates":[[144.5453,-37.7162],[144.5438,-37.7164]]}},{"type":"Feature","id":"way/1408711450","properties":{},"geometry":{"type":"LineString","coordinates":[[144.5528,-37.7133],[144.549,-37.7152],[144.5453,-37.7162]]}},{"type":"Feature","id":"way/1408711451","properties":{},"geometry":{"type":"LineString","coordinates":[[144.5783,-37.7042],[144.5765,-37.7038]]}},{"type":"Feature","id":"way/1408711452","properties":{},"geometry":{"type":"LineString","coordinates":[[144.5765,-37.7038],[144.5705,-37.7031]]}},{"type":"Feature","id":"way/1408711453","properties":{},"geometry":{"type":"LineString","coordinates":[[144.5705,-37.7031],[144.5665,-37.7033],[144.5644,-37.7042],[144.5628,-37.7054]]}},{"type":"Feature","id":"way/1408711454","properties":{},"geometry":{"type":"LineString","coordinates":[[144.5628,-37.7054],[144.5613,-37.7068]]}},{"type":"Feature","id":"way/1408711455","properties":{},"geometry":{"type":"LineString","coordinates":[[144.5613,-37.7068],[144.5607,-37.7073]]}},{"type":"Feature","id":"way/1408711456","properties":{},"geometry":{"type":"LineString","coordinates":[[144.8318,-37.7874],[144.8306,-37.7863],[144.8292,-37.7857]]}},{"type":"Feature","id":"way/1408711457","properties":{},"geometry":{"type":"LineString","coordinates":[[144.8292,-37.7857],[144.8307,-37.7862],[144.8318,-37.7873]]}},{"type":"Feature","id":"way/1409952252","properties":{},"geometry":{"type":"LineString","coordinates":[[144.8958,-37.8028],[144.8967,-37.8027]]}},{"type":"Feature","id":"way/1411359792","properties":{},"geometry":{"type":"LineString","coordinates":[[145.0624,-37.7559],[145.0628,-37.7556]]}},{"type":"Feature","id":"way/1411359793","properties":{},"geometry":{"type":"LineString","coordinates":[[145.0629,-37.7556],[145.0625,-37.7559]]}},{"type":"Feature","id":"way/1411359796","properties":{},"geometry":{"type":"LineString","coordinates":[[145.0628,-37.7556],[145.0647,-37.7542]]}},{"type":"Feature","id":"way/1411359798","properties":{},"geometry":{"type":"LineString","coordinates":[[145.0648,-37.7542],[145.0629,-37.7556]]}},{"type":"Feature","id":"way/1411359800","properties":{},"geometry":{"type":"LineString","coordinates":[[145.0633,-37.7553],[145.0641,-37.7546]]}},{"type":"Feature","id":"way/1411359820","properties":{},"geometry":{"type":"LineString","coordinates":[[145.0647,-37.7542],[145.0653,-37.7537]]}},{"type":"Feature","id":"way/1411359821","properties":{},"geometry":{"type":"LineString","coordinates":[[145.0653,-37.7537],[145.0664,-37.7518],[145.0668,-37.7457]]}},{"type":"Feature","id":"way/1411359823","properties":{},"geometry":{"type":"LineString","coordinates":[[145.0668,-37.7457],[145.0665,-37.7444]]}},{"type":"Feature","id":"way/1411359824","properties":{},"geometry":{"type":"LineString","coordinates":[[145.0665,-37.7444],[145.0658,-37.7414]]}},{"type":"Feature","id":"way/1411359825","properties":{},"geometry":{"type":"LineString","coordinates":[[145.0658,-37.7414],[145.0657,-37.7409]]}},{"type":"Feature","id":"way/1411359826","properties":{},"geometry":{"type":"LineString","coordinates":[[145.0657,-37.7409],[145.0653,-37.7381],[145.0654,-37.7363],[145.0684,-37.7296]]}},{"type":"Feature","id":"way/1411359827","properties":{},"geometry":{"type":"LineString","coordinates":[[145.0681,-37.7299],[145.0688,-37.7279]]}},{"type":"Feature","id":"way/1411359828","properties":{},"geometry":{"type":"LineString","coordinates":[[145.0681,-37.7299],[145.0687,-37.7283]]}},{"type":"Feature","id":"way/1411359829","properties":{},"geometry":{"type":"LineString","coordinates":[[145.068,-37.7299],[145.0687,-37.7283]]}},{"type":"Feature","id":"way/1411359830","properties":{},"geometry":{"type":"LineString","coordinates":[[145.0686,-37.7289],[145.0688,-37.7279]]}},{"type":"Feature","id":"way/1411359831","properties":{},"geometry":{"type":"LineString","coordinates":[[145.0688,-37.7279],[145.069,-37.7273]]}},{"type":"Feature","id":"way/1411359832","properties":{},"geometry":{"type":"LineString","coordinates":[[145.0689,-37.7276],[145.0689,-37.7275]]}},{"type":"Feature","id":"way/1411359833","properties":{},"geometry":{"type":"LineString","coordinates":[[145.0689,-37.7276],[145.0689,-37.7276]]}},{"type":"Feature","id":"way/1411359836","properties":{},"geometry":{"type":"LineString","coordinates":[[145.0806,-37.7141],[145.0822,-37.7126]]}},{"type":"Feature","id":"way/1411359837","properties":{},"geometry":{"type":"LineString","coordinates":[[145.0822,-37.7126],[145.0826,-37.7122]]}},{"type":"Feature","id":"way/1411359838","properties":{},"geometry":{"type":"LineString","coordinates":[[145.0826,-37.7122],[145.0842,-37.7104],[145.0866,-37.7085]]}},{"type":"Feature","id":"way/1411362693","properties":{},"geometry":{"type":"LineString","coordinates":[[145.0866,-37.7085],[145.0885,-37.7068],[145.09,-37.7046]]}},{"type":"Feature","id":"way/1411362694","properties":{},"geometry":{"type":"LineString","coordinates":[[145.09,-37.7046],[145.0917,-37.7021],[145.0942,-37.6998],[145.0952,-37.6993],[145.0981,-37.699],[145.1025,-37.7005]]}},{"type":"Feature","id":"way/1411362695","properties":{},"geometry":{"type":"LineString","coordinates":[[145.1025,-37.7005],[145.1027,-37.7006]]}},{"type":"Feature","id":"way/1411362696","properties":{},"geometry":{"type":"LineString","coordinates":[[145.1027,-37.7006],[145.1042,-37.7017],[145.1072,-37.703],[145.1091,-37.705]]}},{"type":"Feature","id":"way/1411362698","properties":{},"geometry":{"type":"LineString","coordinates":[[145.1091,-37.705],[145.1106,-37.7071]]}},{"type":"Feature","id":"way/1411362699","properties":{},"geometry":{"type":"LineString","coordinates":[[145.1106,-37.7071],[145.111,-37.7074]]}},{"type":"Feature","id":"way/1411362700","properties":{},"geometry":{"type":"LineString","coordinates":[[145.111,-37.7074],[145.1131,-37.7093],[145.1168,-37.714],[145.1186,-37.7148],[145.122,-37.7154]]}},{"type":"Feature","id":"way/1411362701","properties":{},"geometry":{"type":"LineString","coordinates":[[145.1347,-37.7146],[145.1312,-37.7161],[145.1289,-37.7166],[145.1256,-37.7165],[145.122,-37.7154]]}},{"type":"Feature","id":"way/1411362702","properties":{},"geometry":{"type":"LineString","coordinates":[[145.1349,-37.7145],[145.137,-37.7148],[145.1405,-37.7167],[145.1435,-37.7164]]}},{"type":"Feature","id":"way/1411362703","properties":{},"geometry":{"type":"LineString","coordinates":[[145.1347,-37.7146],[145.1349,-37.7145]]}},{"type":"Feature","id":"way/1411362706","properties":{},"geometry":{"type":"LineString","coordinates":[[145.1435,-37.7164],[145.1456,-37.7159]]}},{"type":"Feature","id":"way/1411362707","properties":{},"geometry":{"type":"LineString","coordinates":[[145.1456,-37.7159],[145.1466,-37.7152]]}},{"type":"Feature","id":"way/1411442931","properties":{},"geometry":{"type":"LineString","coordinates":[[144.7718,-37.864],[144.769,-37.8646]]}},{"type":"Feature","id":"way/1411692202","properties":{},"geometry":{"type":"LineString","coordinates":[[145.0668,-37.7457],[145.0665,-37.7518],[145.0654,-37.7538]]}},{"type":"Feature","id":"way/1411692204","properties":{},"geometry":{"type":"LineString","coordinates":[[145.0666,-37.7444],[145.0668,-37.7457]]}},{"type":"Feature","id":"way/1411692205","properties":{},"geometry":{"type":"LineString","coordinates":[[145.0658,-37.7414],[145.0666,-37.7444]]}},{"type":"Feature","id":"way/1411692206","properties":{},"geometry":{"type":"LineString","coordinates":[[145.0686,-37.7289],[145.0695,-37.7237],[145.0707,-37.7215],[145.0718,-37.7205],[145.0764,-37.7182],[145.0786,-37.7155],[145.0806,-37.7141]]}},{"type":"Feature","id":"way/1411692207","properties":{},"geometry":{"type":"LineString","coordinates":[[145.0657,-37.7409],[145.0658,-37.7414]]}},{"type":"Feature","id":"way/1411692208","properties":{},"geometry":{"type":"LineString","coordinates":[[145.0683,-37.7299],[145.0655,-37.7364],[145.0653,-37.738],[145.0657,-37.7409]]}},{"type":"Feature","id":"way/1411692210","properties":{},"geometry":{"type":"LineString","coordinates":[[145.0806,-37.7141],[145.0786,-37.7155],[145.0764,-37.7182],[145.0719,-37.7205],[145.0706,-37.7216],[145.0695,-37.7236],[145.0689,-37.7282],[145.0683,-37.7299]]}},{"type":"Feature","id":"way/1411692214","properties":{},"geometry":{"type":"LineString","coordinates":[[145.0683,-37.7299],[145.0684,-37.7296]]}},{"type":"Feature","id":"way/1411692215","properties":{},"geometry":{"type":"LineString","coordinates":[[145.0822,-37.7127],[145.0806,-37.7141]]}},{"type":"Feature","id":"way/1411692216","properties":{},"geometry":{"type":"LineString","coordinates":[[145.0866,-37.7086],[145.0826,-37.7123]]}},{"type":"Feature","id":"way/1411692217","properties":{},"geometry":{"type":"LineString","coordinates":[[145.0826,-37.7123],[145.0822,-37.7127]]}},{"type":"Feature","id":"way/1411692218","properties":{},"geometry":{"type":"LineString","coordinates":[[145.09,-37.7046],[145.0885,-37.7068],[145.0866,-37.7086]]}},{"type":"Feature","id":"way/1411692219","properties":{},"geometry":{"type":"LineString","coordinates":[[145.1025,-37.7005],[145.098,-37.699],[145.0953,-37.6993],[145.0942,-37.6999],[145.0919,-37.702],[145.09,-37.7046]]}},{"type":"Feature","id":"way/1411692220","properties":{},"geometry":{"type":"LineString","coordinates":[[145.1091,-37.7052],[145.1069,-37.703],[145.1043,-37.7017],[145.1027,-37.7006]]}},{"type":"Feature","id":"way/1411692221","properties":{},"geometry":{"type":"LineString","coordinates":[[145.1027,-37.7006],[145.1025,-37.7005]]}},{"type":"Feature","id":"way/1411692224","properties":{},"geometry":{"type":"LineString","coordinates":[[145.1106,-37.7071],[145.1091,-37.7052]]}},{"type":"Feature","id":"way/1411692225","properties":{},"geometry":{"type":"LineString","coordinates":[[145.122,-37.7154],[145.1187,-37.7149],[145.117,-37.7142],[145.1134,-37.7097],[145.1109,-37.7074]]}},{"type":"Feature","id":"way/1411692226","properties":{},"geometry":{"type":"LineString","coordinates":[[145.1109,-37.7074],[145.1106,-37.7071]]}},{"type":"Feature","id":"way/1411692227","properties":{},"geometry":{"type":"LineString","coordinates":[[145.1051,-37.7021],[145.1056,-37.7022]]}},{"type":"Feature","id":"way/1411692228","properties":{},"geometry":{"type":"LineString","coordinates":[[145.1066,-37.7027],[145.1074,-37.7033]]}},{"type":"Feature","id":"way/1411692229","properties":{},"geometry":{"type":"LineString","coordinates":[[145.1117,-37.708],[145.1122,-37.7085]]}},{"type":"Feature","id":"way/1411692230","properties":{},"geometry":{"type":"LineString","coordinates":[[145.114,-37.7105],[145.1144,-37.7109]]}},{"type":"Feature","id":"way/1411983885","properties":{},"geometry":{"type":"LineString","coordinates":[[144.9516,-37.8175],[144.9514,-37.8172]]}},{"type":"Feature","id":"way/1411983886","properties":{},"geometry":{"type":"LineString","coordinates":[[144.9514,-37.8172],[144.9512,-37.8169]]}},{"type":"Feature","id":"way/1411983888","properties":{},"geometry":{"type":"LineString","coordinates":[[144.9497,-37.8155],[144.9488,-37.8144]]}},{"type":"Feature","id":"way/1412622344","properties":{},"geometry":{"type":"LineString","coordinates":[[144.7736,-37.7004],[144.7724,-37.6988]]}},{"type":"Feature","id":"way/1413391408","properties":{},"geometry":{"type":"LineString","coordinates":[[144.9977,-37.8428],[144.9982,-37.843]]}},{"type":"Feature","id":"way/1413391409","properties":{},"geometry":{"type":"LineString","coordinates":[[144.9992,-37.8435],[144.9997,-37.8436]]}},{"type":"Feature","id":"way/1414007742","properties":{},"geometry":{"type":"LineString","coordinates":[[145.1389,-37.9385],[145.1394,-37.9389]]}},{"type":"Feature","id":"way/1414007743","properties":{},"geometry":{"type":"LineString","coordinates":[[144.8855,-37.8019],[144.882,-37.8016]]}},{"type":"Feature","id":"way/1414007744","properties":{},"geometry":{"type":"LineString","coordinates":[[144.88,-37.8013],[144.882,-37.8015]]}},{"type":"Feature","id":"way/1414229622","properties":{},"geometry":{"type":"LineString","coordinates":[[144.8688,-37.8493],[144.8703,-37.8494]]}},{"type":"Feature","id":"way/1414229623","properties":{},"geometry":{"type":"LineString","coordinates":[[144.8688,-37.8493],[144.8661,-37.849]]}},{"type":"Feature","id":"way/1414229627","properties":{},"geometry":{"type":"LineString","coordinates":[[144.8688,-37.8494],[144.8703,-37.8495]]}},{"type":"Feature","id":"way/1414229628","properties":{},"geometry":{"type":"LineString","coordinates":[[144.8661,-37.8491],[144.8688,-37.8494]]}},{"type":"Feature","id":"way/1414837068","properties":{},"geometry":{"type":"LineString","coordinates":[[145.0694,-37.9871],[145.0679,-37.9856]]}},{"type":"Feature","id":"way/1414837069","properties":{},"geometry":{"type":"LineString","coordinates":[[145.0749,-37.9919],[145.0694,-37.9871]]}},{"type":"Feature","id":"way/1414837081","properties":{},"geometry":{"type":"LineString","coordinates":[[145.0694,-37.9871],[145.075,-37.9919]]}},{"type":"Feature","id":"way/1414837084","properties":{},"geometry":{"type":"LineString","coordinates":[[145.0679,-37.9855],[145.0694,-37.9871]]}},{"type":"Feature","id":"way/1416019436","properties":{},"geometry":{"type":"LineString","coordinates":[[144.9078,-37.7871],[144.9064,-37.7882]]}},{"type":"Feature","id":"way/1416278039","properties":{},"geometry":{"type":"LineString","coordinates":[[144.8737,-37.8005],[144.8762,-37.8008]]}},{"type":"Feature","id":"way/1416429986","properties":{},"geometry":{"type":"LineString","coordinates":[[145.0684,-37.7296],[145.0686,-37.7289]]}},{"type":"Feature","id":"way/1416429988","properties":{},"geometry":{"type":"LineString","coordinates":[[145.0688,-37.7279],[145.069,-37.7259]]}},{"type":"Feature","id":"way/1416429989","properties":{},"geometry":{"type":"LineString","coordinates":[[145.0688,-37.7279],[145.0688,-37.7279]]}},{"type":"Feature","id":"way/1416429992","properties":{},"geometry":{"type":"LineString","coordinates":[[145.1481,-37.7129],[145.1484,-37.7124]]}},{"type":"Feature","id":"way/1416429993","properties":{},"geometry":{"type":"LineString","coordinates":[[145.148,-37.7134],[145.1484,-37.7124]]}},{"type":"Feature","id":"way/1416919623","properties":{},"geometry":{"type":"LineString","coordinates":[[144.88,-37.8013],[144.8812,-37.8014]]}},{"type":"Feature","id":"way/1416925576","properties":{},"geometry":{"type":"LineString","coordinates":[[145.0795,-37.8691],[145.0798,-37.8674]]}},{"type":"Feature","id":"way/1416925577","properties":{},"geometry":{"type":"LineString","coordinates":[[145.0798,-37.8674],[145.0806,-37.8636]]}},{"type":"Feature","id":"way/1416925578","properties":{},"geometry":{"type":"LineString","coordinates":[[145.0807,-37.8634],[145.0818,-37.8609]]}},{"type":"Feature","id":"way/1416925579","properties":{},"geometry":{"type":"LineString","coordinates":[[145.0806,-37.8636],[145.0807,-37.8634]]}},{"type":"Feature","id":"way/1416925580","properties":{},"geometry":{"type":"LineString","coordinates":[[145.0818,-37.8609],[145.0819,-37.8605]]}},{"type":"Feature","id":"way/1416925581","properties":{},"geometry":{"type":"LineString","coordinates":[[145.082,-37.8606],[145.0818,-37.8609]]}},{"type":"Feature","id":"way/1416925582","properties":{},"geometry":{"type":"LineString","coordinates":[[145.0829,-37.8556],[145.0831,-37.8577],[145.082,-37.8606]]}},{"type":"Feature","id":"way/1416925583","properties":{},"geometry":{"type":"LineString","coordinates":[[145.0828,-37.8555],[145.0785,-37.8485]]}},{"type":"Feature","id":"way/1416925585","properties":{},"geometry":{"type":"LineString","coordinates":[[145.0784,-37.8483],[145.0727,-37.8395]]}},{"type":"Feature","id":"way/1416925586","properties":{},"geometry":{"type":"LineString","coordinates":[[145.0785,-37.8485],[145.0784,-37.8483]]}},{"type":"Feature","id":"way/1416925587","properties":{},"geometry":{"type":"LineString","coordinates":[[145.0726,-37.8393],[145.0694,-37.8342]]}},{"type":"Feature","id":"way/1416925588","properties":{},"geometry":{"type":"LineString","coordinates":[[145.0727,-37.8395],[145.0726,-37.8393]]}},{"type":"Feature","id":"way/1416925590","properties":{},"geometry":{"type":"LineString","coordinates":[[145.0694,-37.8342],[145.0695,-37.8321]]}},{"type":"Feature","id":"way/1416925591","properties":{},"geometry":{"type":"LineString","coordinates":[[145.0695,-37.8321],[145.07,-37.8288]]}},{"type":"Feature","id":"way/1416925592","properties":{},"geometry":{"type":"LineString","coordinates":[[145.0692,-37.8267],[145.0677,-37.8262],[145.0659,-37.8264]]}},{"type":"Feature","id":"way/1416925594","properties":{},"geometry":{"type":"LineString","coordinates":[[145.0786,-37.8485],[145.0829,-37.8555]]}},{"type":"Feature","id":"way/1416925595","properties":{},"geometry":{"type":"LineString","coordinates":[[145.0829,-37.8555],[145.0829,-37.8556]]}},{"type":"Feature","id":"way/1416925596","properties":{},"geometry":{"type":"LineString","coordinates":[[145.0819,-37.8605],[145.083,-37.8578],[145.0829,-37.8556]]}},{"type":"Feature","id":"way/1416925597","properties":{},"geometry":{"type":"LineString","coordinates":[[145.0829,-37.8556],[145.0828,-37.8555]]}},{"type":"Feature","id":"way/1416925598","properties":{},"geometry":{"type":"LineString","coordinates":[[145.0727,-37.8395],[145.0784,-37.8483]]}},{"type":"Feature","id":"way/1416925599","properties":{},"geometry":{"type":"LineString","coordinates":[[145.0784,-37.8483],[145.0786,-37.8485]]}},{"type":"Feature","id":"way/1416925600","properties":{},"geometry":{"type":"LineString","coordinates":[[145.0695,-37.8341],[145.0726,-37.8393]]}},{"type":"Feature","id":"way/1416925601","properties":{},"geometry":{"type":"LineString","coordinates":[[145.0726,-37.8393],[145.0727,-37.8395]]}},{"type":"Feature","id":"way/1416925603","properties":{},"geometry":{"type":"LineString","coordinates":[[145.0662,-37.8262],[145.0684,-37.8263]]}},{"type":"Feature","id":"way/1416925604","properties":{},"geometry":{"type":"LineString","coordinates":[[145.0653,-37.8263],[145.0662,-37.8262]]}},{"type":"Feature","id":"way/1416925606","properties":{},"geometry":{"type":"LineString","coordinates":[[145.061,-37.8265],[145.0626,-37.8264]]}},{"type":"Feature","id":"way/1416925607","properties":{},"geometry":{"type":"LineString","coordinates":[[145.07,-37.8288],[145.07,-37.8293]]}},{"type":"Feature","id":"way/1416936967","properties":{},"geometry":{"type":"LineString","coordinates":[[145.07,-37.8288],[145.0699,-37.8276],[145.0692,-37.8267]]}},{"type":"Feature","id":"way/1416936968","properties":{},"geometry":{"type":"LineString","coordinates":[[145.0684,-37.8263],[145.0699,-37.8274],[145.07,-37.8293]]}},{"type":"Feature","id":"way/1417064300","properties":{},"geometry":{"type":"LineString","coordinates":[[145.07,-37.8293],[145.0696,-37.8321]]}},{"type":"Feature","id":"way/1417064301","properties":{},"geometry":{"type":"LineString","coordinates":[[145.0696,-37.8321],[145.0695,-37.8341]]}},{"type":"Feature","id":"way/1418028003","properties":{},"geometry":{"type":"LineString","coordinates":[[144.9203,-37.6821],[144.9218,-37.68]]}},{"type":"Feature","id":"way/1418028004","properties":{},"geometry":{"type":"LineString","coordinates":[[144.9219,-37.68],[144.9202,-37.6823]]}},{"type":"Feature","id":"way/1418244432","properties":{},"geometry":{"type":"LineString","coordinates":[[144.6635,-37.8984],[144.6592,-37.9001]]}},{"type":"Feature","id":"way/1418244433","properties":{},"geometry":{"type":"LineString","coordinates":[[144.6592,-37.9001],[144.6585,-37.9004]]}},{"type":"Feature","id":"way/1418244436","properties":{},"geometry":{"type":"LineString","coordinates":[[144.6636,-37.8984],[144.6635,-37.8984]]}},{"type":"Feature","id":"way/1418244437","properties":{},"geometry":{"type":"LineString","coordinates":[[144.6601,-37.8999],[144.6625,-37.8989]]}},{"type":"Feature","id":"way/1418244441","properties":{},"geometry":{"type":"LineString","coordinates":[[144.66,-37.8998],[144.6631,-37.8987]]}},{"type":"Feature","id":"way/1418244442","properties":{},"geometry":{"type":"LineString","coordinates":[[144.6625,-37.8989],[144.6631,-37.8987]]}},{"type":"Feature","id":"way/1418244443","properties":{},"geometry":{"type":"LineString","coordinates":[[144.6631,-37.8987],[144.6596,-37.9002]]}},{"type":"Feature","id":"way/1418244444","properties":{},"geometry":{"type":"LineString","coordinates":[[144.6625,-37.8989],[144.6631,-37.8987]]}},{"type":"Feature","id":"way/1418244446","properties":{},"geometry":{"type":"LineString","coordinates":[[144.6635,-37.8986],[144.6631,-37.8987]]}},{"type":"Feature","id":"way/1418244447","properties":{},"geometry":{"type":"LineString","coordinates":[[144.6638,-37.8985],[144.6644,-37.8982]]}},{"type":"Feature","id":"way/1418244448","properties":{},"geometry":{"type":"LineString","coordinates":[[144.6645,-37.8981],[144.6651,-37.8979]]}},{"type":"Feature","id":"way/1418244450","properties":{},"geometry":{"type":"LineString","coordinates":[[144.6631,-37.8987],[144.6635,-37.8985]]}},{"type":"Feature","id":"way/1418244452","properties":{},"geometry":{"type":"LineString","coordinates":[[144.6635,-37.8985],[144.6636,-37.8985]]}},{"type":"Feature","id":"way/1418244453","properties":{},"geometry":{"type":"LineString","coordinates":[[144.6636,-37.8985],[144.6635,-37.8986]]}},{"type":"Feature","id":"way/1418244454","properties":{},"geometry":{"type":"LineString","coordinates":[[144.6591,-37.9003],[144.6601,-37.8999]]}},{"type":"Feature","id":"way/1418244455","properties":{},"geometry":{"type":"LineString","coordinates":[[144.6596,-37.9002],[144.6591,-37.9004]]}},{"type":"Feature","id":"way/1418244457","properties":{},"geometry":{"type":"LineString","coordinates":[[144.6592,-37.9003],[144.6598,-37.9]]}},{"type":"Feature","id":"way/1418244458","properties":{},"geometry":{"type":"LineString","coordinates":[[144.6592,-37.9003],[144.66,-37.8998]]}},{"type":"Feature","id":"way/1418244461","properties":{},"geometry":{"type":"LineString","coordinates":[[144.6591,-37.9004],[144.6587,-37.9005]]}},{"type":"Feature","id":"way/1418244462","properties":{},"geometry":{"type":"LineString","coordinates":[[144.6587,-37.9005],[144.6591,-37.9003]]}},{"type":"Feature","id":"way/1418281242","properties":{},"geometry":{"type":"LineString","coordinates":[[145.0479,-37.9571],[145.0522,-37.9632]]}},{"type":"Feature","id":"way/1418281244","properties":{},"geometry":{"type":"LineString","coordinates":[[145.0521,-37.9632],[145.0479,-37.9571]]}},{"type":"Feature","id":"way/1418569721","properties":{},"geometry":{"type":"LineString","coordinates":[[144.6587,-37.9005],[144.657,-37.9012]]}},{"type":"Feature","id":"way/1418569722","properties":{},"geometry":{"type":"LineString","coordinates":[[144.657,-37.9011],[144.6587,-37.9005]]}},{"type":"Feature","id":"way/1418569723","properties":{},"geometry":{"type":"LineString","coordinates":[[144.6585,-37.9004],[144.6569,-37.9011]]}},{"type":"Feature","id":"way/1418569724","properties":{},"geometry":{"type":"LineString","coordinates":[[144.6523,-37.903],[144.6556,-37.9016]]}},{"type":"Feature","id":"way/1418569725","properties":{},"geometry":{"type":"LineString","coordinates":[[144.6557,-37.9017],[144.6523,-37.903]]}},{"type":"Feature","id":"way/1418569726","properties":{},"geometry":{"type":"LineString","coordinates":[[144.6523,-37.9029],[144.6556,-37.9016]]}},{"type":"Feature","id":"way/1418569727","properties":{},"geometry":{"type":"LineString","coordinates":[[144.6556,-37.9016],[144.6569,-37.9011]]}},{"type":"Feature","id":"way/1418569728","properties":{},"geometry":{"type":"LineString","coordinates":[[144.6556,-37.9016],[144.657,-37.9011]]}},{"type":"Feature","id":"way/1418569729","properties":{},"geometry":{"type":"LineString","coordinates":[[144.6557,-37.9017],[144.657,-37.9012]]}},{"type":"Feature","id":"way/1418569730","properties":{},"geometry":{"type":"LineString","coordinates":[[144.6523,-37.9029],[144.6503,-37.9037]]}},{"type":"Feature","id":"way/1418569731","properties":{},"geometry":{"type":"LineString","coordinates":[[144.6504,-37.9037],[144.6523,-37.903]]}},{"type":"Feature","id":"way/1418569732","properties":{},"geometry":{"type":"LineString","coordinates":[[144.6523,-37.903],[144.6504,-37.9037]]}},{"type":"Feature","id":"way/1418773875","properties":{},"geometry":{"type":"LineString","coordinates":[[144.5547,-37.7119],[144.5528,-37.7133]]}},{"type":"Feature","id":"way/1418880903","properties":{},"geometry":{"type":"LineString","coordinates":[[145.0415,-37.8931],[145.0425,-37.8875],[145.0449,-37.8848]]}},{"type":"Feature","id":"way/1418880904","properties":{},"geometry":{"type":"LineString","coordinates":[[145.0449,-37.8848],[145.0434,-37.8863],[145.0427,-37.8875],[145.0416,-37.8931]]}},{"type":"Feature","id":"way/1418880905","properties":{},"geometry":{"type":"LineString","coordinates":[[145.0449,-37.8848],[145.0428,-37.8872],[145.0418,-37.8919]]}},{"type":"Feature","id":"way/1418880908","properties":{},"geometry":{"type":"LineString","coordinates":[[145.0418,-37.8919],[145.0416,-37.8932]]}},{"type":"Feature","id":"way/1419750948","properties":{},"geometry":{"type":"LineString","coordinates":[[144.8642,-37.8488],[144.8612,-37.8483]]}},{"type":"Feature","id":"way/1419750949","properties":{},"geometry":{"type":"LineString","coordinates":[[144.8612,-37.8483],[144.8642,-37.8487]]}},{"type":"Feature","id":"way/1420064960","properties":{},"geometry":{"type":"LineString","coordinates":[[144.8124,-37.7615],[144.8116,-37.7604]]}},{"type":"Feature","id":"way/1420064961","properties":{},"geometry":{"type":"LineString","coordinates":[[144.8116,-37.7604],[144.8112,-37.7599]]}},{"type":"Feature","id":"way/1420064962","properties":{},"geometry":{"type":"LineString","coordinates":[[144.8112,-37.7599],[144.8073,-37.7547]]}},{"type":"Feature","id":"way/1420064963","properties":{},"geometry":{"type":"LineString","coordinates":[[144.8073,-37.7547],[144.8023,-37.748]]}},{"type":"Feature","id":"way/1420064964","properties":{},"geometry":{"type":"LineString","coordinates":[[144.8023,-37.748],[144.7997,-37.7447]]}},{"type":"Feature","id":"way/1420064965","properties":{},"geometry":{"type":"LineString","coordinates":[[144.7997,-37.7447],[144.7991,-37.744]]}},{"type":"Feature","id":"way/1420064966","properties":{},"geometry":{"type":"LineString","coordinates":[[144.7969,-37.7394],[144.7936,-37.7289]]}},{"type":"Feature","id":"way/1420064970","properties":{},"geometry":{"type":"LineString","coordinates":[[144.7933,-37.7279],[144.7932,-37.7276]]}},{"type":"Feature","id":"way/1420064972","properties":{},"geometry":{"type":"LineString","coordinates":[[144.7936,-37.7289],[144.7933,-37.7279]]}},{"type":"Feature","id":"way/1420064975","properties":{},"geometry":{"type":"LineString","coordinates":[[144.7933,-37.7279],[144.7936,-37.7289]]}},{"type":"Feature","id":"way/1420064976","properties":{},"geometry":{"type":"LineString","coordinates":[[144.7932,-37.7276],[144.7933,-37.7279]]}},{"type":"Feature","id":"way/1420064977","properties":{},"geometry":{"type":"LineString","coordinates":[[144.7936,-37.7289],[144.7969,-37.7394]]}},{"type":"Feature","id":"way/1420064989","properties":{},"geometry":{"type":"LineString","coordinates":[[144.7969,-37.7394],[144.7979,-37.742],[144.7992,-37.744]]}},{"type":"Feature","id":"way/1420064990","properties":{},"geometry":{"type":"LineString","coordinates":[[144.7991,-37.744],[144.7978,-37.742],[144.7969,-37.7394]]}},{"type":"Feature","id":"way/1420064991","properties":{},"geometry":{"type":"LineString","coordinates":[[144.7992,-37.744],[144.7998,-37.7447]]}},{"type":"Feature","id":"way/1420064992","properties":{},"geometry":{"type":"LineString","coordinates":[[144.7998,-37.7447],[144.8023,-37.748]]}},{"type":"Feature","id":"way/1420064993","properties":{},"geometry":{"type":"LineString","coordinates":[[144.8023,-37.748],[144.8074,-37.7547]]}},{"type":"Feature","id":"way/1420064994","properties":{},"geometry":{"type":"LineString","coordinates":[[144.8074,-37.7547],[144.8113,-37.7599]]}},{"type":"Feature","id":"way/1420064995","properties":{},"geometry":{"type":"LineString","coordinates":[[144.8113,-37.7599],[144.8116,-37.7604]]}},{"type":"Feature","id":"way/1420064996","properties":{},"geometry":{"type":"LineString","coordinates":[[144.8116,-37.7604],[144.8125,-37.7615]]}},{"type":"Feature","id":"way/1420379290","properties":{},"geometry":{"type":"LineString","coordinates":[[144.9492,-37.8149],[144.9488,-37.8144]]}},{"type":"Feature","id":"way/1420656499","properties":{},"geometry":{"type":"LineString","coordinates":[[144.9611,-37.7586],[144.9614,-37.7569]]}},{"type":"Feature","id":"way/1420656500","properties":{},"geometry":{"type":"LineString","coordinates":[[144.9619,-37.7532],[144.9635,-37.7407]]}},{"type":"Feature","id":"way/1420656501","properties":{},"geometry":{"type":"LineString","coordinates":[[144.9635,-37.7407],[144.9633,-37.7387]]}},{"type":"Feature","id":"way/1420656502","properties":{},"geometry":{"type":"LineString","coordinates":[[144.9633,-37.7387],[144.9633,-37.7382]]}},{"type":"Feature","id":"way/1420656503","properties":{},"geometry":{"type":"LineString","coordinates":[[144.9634,-37.7387],[144.9636,-37.7407]]}},{"type":"Feature","id":"way/1420656504","properties":{},"geometry":{"type":"LineString","coordinates":[[144.9634,-37.7387],[144.9633,-37.7382]]}},{"type":"Feature","id":"way/1420656505","properties":{},"geometry":{"type":"LineString","coordinates":[[144.9636,-37.7407],[144.962,-37.7532]]}},{"type":"Feature","id":"way/1420656506","properties":{},"geometry":{"type":"LineString","coordinates":[[144.9615,-37.7569],[144.9612,-37.7586]]}},{"type":"Feature","id":"way/1421091706","properties":{},"geometry":{"type":"LineString","coordinates":[[144.5787,-37.7043],[144.5783,-37.7042]]}},{"type":"Feature","id":"way/1421091707","properties":{},"geometry":{"type":"LineString","coordinates":[[144.5786,-37.7042],[144.5787,-37.7043]]}},{"type":"Feature","id":"way/1421091708","properties":{},"geometry":{"type":"LineString","coordinates":[[144.5547,-37.7119],[144.5608,-37.7071]]}},{"type":"Feature","id":"way/1421091709","properties":{},"geometry":{"type":"LineString","coordinates":[[144.5607,-37.7073],[144.5602,-37.7077]]}},{"type":"Feature","id":"way/1421321085","properties":{},"geometry":{"type":"LineString","coordinates":[[145.0059,-37.8274],[145.0091,-37.8277]]}},{"type":"Feature","id":"way/1421472272","properties":{},"geometry":{"type":"LineString","coordinates":[[145.2861,-37.8638],[145.2858,-37.8629]]}},{"type":"Feature","id":"way/1421472273","properties":{},"geometry":{"type":"LineString","coordinates":[[145.2859,-37.8629],[145.2862,-37.8638]]}},{"type":"Feature","id":"way/1421472277","properties":{},"geometry":{"type":"LineString","coordinates":[[145.2629,-37.8364],[145.266,-37.8394]]}},{"type":"Feature","id":"way/1421472278","properties":{},"geometry":{"type":"LineString","coordinates":[[145.2659,-37.8394],[145.2629,-37.8364]]}},{"type":"Feature","id":"way/1421485248","properties":{},"geometry":{"type":"LineString","coordinates":[[145.2283,-37.8162],[145.2279,-37.8164]]}},{"type":"Feature","id":"way/1421485249","properties":{},"geometry":{"type":"LineString","coordinates":[[145.308,-37.8926],[145.31,-37.893]]}},{"type":"Feature","id":"way/1421485250","properties":{},"geometry":{"type":"LineString","coordinates":[[145.31,-37.893],[145.3083,-37.8928]]}},{"type":"Feature","id":"way/1421675305","properties":{},"geometry":{"type":"LineString","coordinates":[[144.9941,-37.8414],[144.9947,-37.8416]]}},{"type":"Feature","id":"way/1421675306","properties":{},"geometry":{"type":"LineString","coordinates":[[144.9947,-37.8416],[144.994,-37.8414]]}},{"type":"Feature","id":"way/1421937199","properties":{},"geometry":{"type":"LineString","coordinates":[[144.9897,-37.9251],[144.9897,-37.9252]]}},{"type":"Feature","id":"way/1421937200","properties":{},"geometry":{"type":"LineString","coordinates":[[144.9897,-37.9251],[144.9899,-37.9248]]}},{"type":"Feature","id":"way/1421937207","properties":{},"geometry":{"type":"LineString","coordinates":[[145.0048,-37.9487],[145.0056,-37.9439],[145.0054,-37.9425],[145.0047,-37.9412],[144.9973,-37.9344],[144.9939,-37.9324],[144.9899,-37.9285],[144.9893,-37.9274],[144.9893,-37.9263],[144.9898,-37.9249],[144.9951,-37.9163]]}},{"type":"Feature","id":"way/1422219488","properties":{},"geometry":{"type":"LineString","coordinates":[[144.9952,-37.9163],[144.9898,-37.9249],[144.9893,-37.9263],[144.9893,-37.9275],[144.99,-37.9285],[144.9939,-37.9324],[144.9973,-37.9343],[145.0047,-37.9411],[145.0054,-37.9423],[145.0057,-37.9437],[145.0049,-37.9482]]}},{"type":"Feature","id":"way/1422219546","properties":{},"geometry":{"type":"LineString","coordinates":[[145.0044,-37.9509],[145.0048,-37.9487]]}},{"type":"Feature","id":"way/1422219548","properties":{},"geometry":{"type":"LineString","coordinates":[[145.005,-37.9481],[145.005,-37.9476]]}},{"type":"Feature","id":"way/1422219549","properties":{},"geometry":{"type":"LineString","coordinates":[[145.0048,-37.9487],[145.0049,-37.9482]]}},{"type":"Feature","id":"way/1422425753","properties":{},"geometry":{"type":"LineString","coordinates":[[144.9952,-37.9162],[145.0006,-37.9113],[145.0016,-37.9096],[145.002,-37.9079]]}},{"type":"Feature","id":"way/1422425754","properties":{},"geometry":{"type":"LineString","coordinates":[[144.9951,-37.9163],[144.9952,-37.9162]]}},{"type":"Feature","id":"way/1422425755","properties":{},"geometry":{"type":"LineString","coordinates":[[145.002,-37.9078],[145.0036,-37.8996]]}},{"type":"Feature","id":"way/1422425756","properties":{},"geometry":{"type":"LineString","coordinates":[[145.002,-37.9079],[145.002,-37.9078]]}},{"type":"Feature","id":"way/1422425757","properties":{},"geometry":{"type":"LineString","coordinates":[[145.0036,-37.8996],[145.0021,-37.9078]]}},{"type":"Feature","id":"way/1422425758","properties":{},"geometry":{"type":"LineString","coordinates":[[145.0021,-37.9079],[145.0016,-37.9097],[145.0006,-37.9113],[144.9952,-37.9162]]}},{"type":"Feature","id":"way/1422425759","properties":{},"geometry":{"type":"LineString","coordinates":[[145.0021,-37.9078],[145.0021,-37.9079]]}},{"type":"Feature","id":"way/1422425763","properties":{},"geometry":{"type":"LineString","coordinates":[[144.9952,-37.9162],[144.9952,-37.9163]]}},{"type":"Feature","id":"way/1422425768","properties":{},"geometry":{"type":"LineString","coordinates":[[144.9903,-37.9241],[144.9905,-37.9237]]}},{"type":"Feature","id":"way/1422775445","properties":{},"geometry":{"type":"LineString","coordinates":[[144.9988,-37.8819],[145.0004,-37.8841]]}},{"type":"Feature","id":"way/1422775446","properties":{},"geometry":{"type":"LineString","coordinates":[[145.0007,-37.8844],[145.0024,-37.8868]]}},{"type":"Feature","id":"way/1422775447","properties":{},"geometry":{"type":"LineString","coordinates":[[145.0004,-37.8841],[145.0007,-37.8844]]}},{"type":"Feature","id":"way/1422775448","properties":{},"geometry":{"type":"LineString","coordinates":[[145.0024,-37.8868],[145.0038,-37.8889],[145.0045,-37.8908],[145.0048,-37.8928],[145.0046,-37.8948]]}},{"type":"Feature","id":"way/1422775449","properties":{},"geometry":{"type":"LineString","coordinates":[[145.0044,-37.8958],[145.0041,-37.8973]]}},{"type":"Feature","id":"way/1422775450","properties":{},"geometry":{"type":"LineString","coordinates":[[145.0046,-37.8948],[145.0044,-37.8958]]}},{"type":"Feature","id":"way/1422775451","properties":{},"geometry":{"type":"LineString","coordinates":[[145.004,-37.8975],[145.0037,-37.8994]]}},{"type":"Feature","id":"way/1422775452","properties":{},"geometry":{"type":"LineString","coordinates":[[145.0041,-37.8973],[145.004,-37.8975]]}},{"type":"Feature","id":"way/1422775453","properties":{},"geometry":{"type":"LineString","coordinates":[[145.0037,-37.8994],[145.0036,-37.8996]]}},{"type":"Feature","id":"way/1422775454","properties":{},"geometry":{"type":"LineString","coordinates":[[145.0036,-37.8994],[145.004,-37.8975]]}},{"type":"Feature","id":"way/1422775455","properties":{},"geometry":{"type":"LineString","coordinates":[[145.0036,-37.8996],[145.0036,-37.8994]]}},{"type":"Feature","id":"way/1422775456","properties":{},"geometry":{"type":"LineString","coordinates":[[145.004,-37.8973],[145.0043,-37.8957]]}},{"type":"Feature","id":"way/1422775457","properties":{},"geometry":{"type":"LineString","coordinates":[[145.004,-37.8975],[145.004,-37.8973]]}},{"type":"Feature","id":"way/1422775458","properties":{},"geometry":{"type":"LineString","coordinates":[[145.0045,-37.8947],[145.0047,-37.8928],[145.0045,-37.8909],[145.0038,-37.8889],[145.0024,-37.8868]]}},{"type":"Feature","id":"way/1422775459","properties":{},"geometry":{"type":"LineString","coordinates":[[145.0043,-37.8957],[145.0045,-37.8947]]}},{"type":"Feature","id":"way/1422775460","properties":{},"geometry":{"type":"LineString","coordinates":[[145.0024,-37.8868],[145.0006,-37.8844]]}},{"type":"Feature","id":"way/1422775461","properties":{},"geometry":{"type":"LineString","coordinates":[[145.0004,-37.8841],[144.9987,-37.8819]]}},{"type":"Feature","id":"way/1422775462","properties":{},"geometry":{"type":"LineString","coordinates":[[145.0006,-37.8844],[145.0004,-37.8841]]}},{"type":"Feature","id":"way/1422775472","properties":{},"geometry":{"type":"LineString","coordinates":[[145.0033,-37.888],[145.003,-37.8877]]}},{"type":"Feature","id":"way/1422963248","properties":{},"geometry":{"type":"LineString","coordinates":[[144.9973,-37.88],[144.9936,-37.8726]]}},{"type":"Feature","id":"way/1422963249","properties":{},"geometry":{"type":"LineString","coordinates":[[144.9987,-37.8818],[144.9988,-37.8819]]}},{"type":"Feature","id":"way/1422963250","properties":{},"geometry":{"type":"LineString","coordinates":[[144.9987,-37.8819],[144.9975,-37.8801]]}},{"type":"Feature","id":"way/1422963251","properties":{},"geometry":{"type":"LineString","coordinates":[[144.9975,-37.8801],[144.9973,-37.88]]}},{"type":"Feature","id":"way/1422963252","properties":{},"geometry":{"type":"LineString","coordinates":[[144.9935,-37.8724],[144.9933,-37.8709]]}},{"type":"Feature","id":"way/1422963253","properties":{},"geometry":{"type":"LineString","coordinates":[[144.9936,-37.8726],[144.9935,-37.8724]]}},{"type":"Feature","id":"way/1422963254","properties":{},"geometry":{"type":"LineString","coordinates":[[144.9933,-37.8707],[144.9936,-37.8689]]}},{"type":"Feature","id":"way/1422963255","properties":{},"geometry":{"type":"LineString","coordinates":[[144.9933,-37.8709],[144.9933,-37.8707]]}},{"type":"Feature","id":"way/1422963256","properties":{},"geometry":{"type":"LineString","coordinates":[[144.9937,-37.8687],[144.9942,-37.8658]]}},{"type":"Feature","id":"way/1422963257","properties":{},"geometry":{"type":"LineString","coordinates":[[144.9936,-37.8689],[144.9937,-37.8687]]}},{"type":"Feature","id":"way/1422963258","properties":{},"geometry":{"type":"LineString","coordinates":[[144.9942,-37.8658],[144.9937,-37.8687]]}},{"type":"Feature","id":"way/1422963259","properties":{},"geometry":{"type":"LineString","coordinates":[[144.9937,-37.8689],[144.9934,-37.8707]]}},{"type":"Feature","id":"way/1422963260","properties":{},"geometry":{"type":"LineString","coordinates":[[144.9937,-37.8687],[144.9937,-37.8689]]}},{"type":"Feature","id":"way/1422963261","properties":{},"geometry":{"type":"LineString","coordinates":[[144.9934,-37.8707],[144.9933,-37.8709]]}},{"type":"Feature","id":"way/1422963262","properties":{},"geometry":{"type":"LineString","coordinates":[[144.9933,-37.8709],[144.9935,-37.8724]]}},{"type":"Feature","id":"way/1422963263","properties":{},"geometry":{"type":"LineString","coordinates":[[144.9935,-37.8724],[144.9936,-37.8726]]}},{"type":"Feature","id":"way/1422963264","properties":{},"geometry":{"type":"LineString","coordinates":[[144.9936,-37.8726],[144.9974,-37.8799]]}},{"type":"Feature","id":"way/1422963265","properties":{},"geometry":{"type":"LineString","coordinates":[[144.9975,-37.8801],[144.9987,-37.8818]]}},{"type":"Feature","id":"way/1422963266","properties":{},"geometry":{"type":"LineString","coordinates":[[144.9974,-37.8799],[144.9975,-37.8801]]}},{"type":"Feature","id":"way/1422969348","properties":{},"geometry":{"type":"LineString","coordinates":[[144.9942,-37.8656],[144.9947,-37.8628]]}},{"type":"Feature","id":"way/1422969349","properties":{},"geometry":{"type":"LineString","coordinates":[[144.9942,-37.8658],[144.9942,-37.8656]]}},{"type":"Feature","id":"way/1422969350","properties":{},"geometry":{"type":"LineString","coordinates":[[144.9947,-37.8628],[144.9949,-37.862]]}},{"type":"Feature","id":"way/1422969351","properties":{},"geometry":{"type":"LineString","coordinates":[[144.9949,-37.8618],[144.9948,-37.8599],[144.994,-37.8582]]}},{"type":"Feature","id":"way/1422969352","properties":{},"geometry":{"type":"LineString","coordinates":[[144.9949,-37.862],[144.9949,-37.8618]]}},{"type":"Feature","id":"way/1422969353","properties":{},"geometry":{"type":"LineString","coordinates":[[144.994,-37.8582],[144.9936,-37.8577]]}},{"type":"Feature","id":"way/1422969354","properties":{},"geometry":{"type":"LineString","coordinates":[[144.9936,-37.8577],[144.9926,-37.8565]]}},{"type":"Feature","id":"way/1422969355","properties":{},"geometry":{"type":"LineString","coordinates":[[144.9924,-37.8564],[144.9913,-37.8556]]}},{"type":"Feature","id":"way/1422969356","properties":{},"geometry":{"type":"LineString","coordinates":[[144.9926,-37.8565],[144.9924,-37.8564]]}},{"type":"Feature","id":"way/1422969358","properties":{},"geometry":{"type":"LineString","coordinates":[[144.9896,-37.8528],[144.9895,-37.8514]]}},{"type":"Feature","id":"way/1422969359","properties":{},"geometry":{"type":"LineString","coordinates":[[144.9913,-37.8556],[144.9899,-37.8536]]}},{"type":"Feature","id":"way/1422969360","properties":{},"geometry":{"type":"LineString","coordinates":[[144.9899,-37.8536],[144.9897,-37.8529]]}},{"type":"Feature","id":"way/1422969361","properties":{},"geometry":{"type":"LineString","coordinates":[[144.9897,-37.8529],[144.9896,-37.8528]]}},{"type":"Feature","id":"way/1422969362","properties":{},"geometry":{"type":"LineString","coordinates":[[144.9897,-37.8507],[144.99,-37.8489]]}},{"type":"Feature","id":"way/1422969364","properties":{},"geometry":{"type":"LineString","coordinates":[[144.9895,-37.8514],[144.9896,-37.8513]]}},{"type":"Feature","id":"way/1422969365","properties":{},"geometry":{"type":"LineString","coordinates":[[144.99,-37.8489],[144.9917,-37.8403]]}},{"type":"Feature","id":"way/1422969366","properties":{},"geometry":{"type":"LineString","coordinates":[[144.9896,-37.8513],[144.9897,-37.8507]]}},{"type":"Feature","id":"way/1422969367","properties":{},"geometry":{"type":"LineString","coordinates":[[144.9917,-37.8403],[144.992,-37.8391]]}},{"type":"Feature","id":"way/1422969368","properties":{},"geometry":{"type":"LineString","coordinates":[[144.992,-37.8391],[144.9917,-37.8403]]}},{"type":"Feature","id":"way/1422969369","properties":{},"geometry":{"type":"LineString","coordinates":[[144.9917,-37.8403],[144.99,-37.8489]]}},{"type":"Feature","id":"way/1422969370","properties":{},"geometry":{"type":"LineString","coordinates":[[144.99,-37.8489],[144.9897,-37.8507]]}},{"type":"Feature","id":"way/1422969371","properties":{},"geometry":{"type":"LineString","coordinates":[[144.9896,-37.8515],[144.9897,-37.8528]]}},{"type":"Feature","id":"way/1422969372","properties":{},"geometry":{"type":"LineString","coordinates":[[144.9914,-37.8555],[144.9924,-37.8563]]}},{"type":"Feature","id":"way/1422969373","properties":{},"geometry":{"type":"LineString","coordinates":[[144.99,-37.8536],[144.9914,-37.8555]]}},{"type":"Feature","id":"way/1422969374","properties":{},"geometry":{"type":"LineString","coordinates":[[144.9926,-37.8565],[144.9936,-37.8577]]}},{"type":"Feature","id":"way/1422969375","properties":{},"geometry":{"type":"LineString","coordinates":[[144.9924,-37.8563],[144.9926,-37.8565]]}},{"type":"Feature","id":"way/1422969377","properties":{},"geometry":{"type":"LineString","coordinates":[[144.994,-37.8582],[144.9949,-37.8599],[144.995,-37.8618]]}},{"type":"Feature","id":"way/1422969378","properties":{},"geometry":{"type":"LineString","coordinates":[[144.9936,-37.8577],[144.994,-37.8582]]}},{"type":"Feature","id":"way/1422969379","properties":{},"geometry":{"type":"LineString","coordinates":[[144.9943,-37.8656],[144.9942,-37.8658]]}},{"type":"Feature","id":"way/1422969380","properties":{},"geometry":{"type":"LineString","coordinates":[[144.9948,-37.8628],[144.9943,-37.8656]]}},{"type":"Feature","id":"way/1422969381","properties":{},"geometry":{"type":"LineString","coordinates":[[144.9949,-37.862],[144.9948,-37.8628]]}},{"type":"Feature","id":"way/1422969382","properties":{},"geometry":{"type":"LineString","coordinates":[[144.995,-37.8618],[144.9949,-37.862]]}},{"type":"Feature","id":"way/1422969383","properties":{},"geometry":{"type":"LineString","coordinates":[[144.9897,-37.8529],[144.99,-37.8536]]}},{"type":"Feature","id":"way/1422969384","properties":{},"geometry":{"type":"LineString","coordinates":[[144.9897,-37.8528],[144.9897,-37.8529]]}},{"type":"Feature","id":"way/1422969385","properties":{},"geometry":{"type":"LineString","coordinates":[[144.9897,-37.8507],[144.9896,-37.8513]]}},{"type":"Feature","id":"way/1422969386","properties":{},"geometry":{"type":"LineString","coordinates":[[144.9896,-37.8513],[144.9896,-37.8515]]}},{"type":"Feature","id":"way/1423441527","properties":{},"geometry":{"type":"LineString","coordinates":[[144.7558,-37.7731],[144.7661,-37.7759]]}},{"type":"Feature","id":"way/1423441528","properties":{},"geometry":{"type":"LineString","coordinates":[[144.7661,-37.776],[144.7558,-37.7732]]}},{"type":"Feature","id":"way/1423441581","properties":{},"geometry":{"type":"LineString","coordinates":[[144.7661,-37.7759],[144.769,-37.7767]]}},{"type":"Feature","id":"way/1423441582","properties":{},"geometry":{"type":"LineString","coordinates":[[144.769,-37.7767],[144.7764,-37.7787]]}},{"type":"Feature","id":"way/1423441583","properties":{},"geometry":{"type":"LineString","coordinates":[[144.7764,-37.7787],[144.779,-37.7795]]}},{"type":"Feature","id":"way/1423441584","properties":{},"geometry":{"type":"LineString","coordinates":[[144.779,-37.7795],[144.7763,-37.7788]]}},{"type":"Feature","id":"way/1423441585","properties":{},"geometry":{"type":"LineString","coordinates":[[144.7763,-37.7788],[144.7689,-37.7767]]}},{"type":"Feature","id":"way/1423441586","properties":{},"geometry":{"type":"LineString","coordinates":[[144.7689,-37.7767],[144.7661,-37.776]]}},{"type":"Feature","id":"way/1423778083","properties":{},"geometry":{"type":"LineString","coordinates":[[144.9496,-37.7815],[144.9551,-37.7809],[144.9568,-37.7801],[144.9577,-37.7789],[144.9589,-37.774],[144.9597,-37.7667],[144.9611,-37.7586]]}},{"type":"Feature","id":"way/1423778084","properties":{},"geometry":{"type":"LineString","coordinates":[[144.9612,-37.7586],[144.9597,-37.7667],[144.959,-37.7739],[144.9577,-37.779],[144.9567,-37.7802],[144.9551,-37.781],[144.9496,-37.7815]]}},{"type":"Feature","id":"way/1435815520","properties":{},"geometry":{"type":"LineString","coordinates":[[145.0369,-37.9183],[145.0362,-37.9219]]}},{"type":"Feature","id":"way/1435815521","properties":{},"geometry":{"type":"LineString","coordinates":[[145.0369,-37.9183],[145.0361,-37.9219]]}},{"type":"Feature","id":"way/1435815522","properties":{},"geometry":{"type":"LineString","coordinates":[[145.0374,-37.9155],[145.0369,-37.9183]]}},{"type":"Feature","id":"way/1435815523","properties":{},"geometry":{"type":"LineString","coordinates":[[145.0374,-37.9155],[145.0369,-37.9183]]}},{"type":"Feature","id":"way/1435815524","properties":{},"geometry":{"type":"LineString","coordinates":[[145.0361,-37.9219],[145.0367,-37.9183]]}},{"type":"Feature","id":"way/1435815525","properties":{},"geometry":{"type":"LineString","coordinates":[[145.0367,-37.9183],[145.0373,-37.9155]]}},{"type":"Feature","id":"way/1442525810","properties":{},"geometry":{"type":"LineString","coordinates":[[145.0534,-37.965],[145.0554,-37.9678]]}},{"type":"Feature","id":"way/1444084726","properties":{},"geometry":{"type":"LineString","coordinates":[[144.9159,-37.8046],[144.9112,-37.8047]]}},{"type":"Feature","id":"way/1456815270","properties":{},"geometry":{"type":"LineString","coordinates":[[144.7724,-37.6988],[144.7734,-37.7001]]}},{"type":"Feature","id":"way/1456901004","properties":{},"geometry":{"type":"LineString","coordinates":[[145.0364,-37.9372],[145.0365,-37.9356]]}},{"type":"Feature","id":"way/1457066728","properties":{},"geometry":{"type":"LineString","coordinates":[[145.0444,-37.8788],[145.0433,-37.8781]]}},{"type":"Feature","id":"way/1457067754","properties":{},"geometry":{"type":"LineString","coordinates":[[144.9165,-37.7539],[144.9162,-37.7551],[144.9164,-37.7588]]}},{"type":"Feature","id":"way/1473743487","properties":{},"geometry":{"type":"LineString","coordinates":[[144.9394,-37.8042],[144.9401,-37.8049]]}},{"type":"Feature","id":"way/1473743488","properties":{},"geometry":{"type":"LineString","coordinates":[[144.9401,-37.8049],[144.9394,-37.8043]]}},{"type":"Feature","id":"way/1474029758","properties":{},"geometry":{"type":"LineString","coordinates":[[145.0395,-37.904],[145.0393,-37.9051]]}},{"type":"Feature","id":"way/1474029759","properties":{},"geometry":{"type":"LineString","coordinates":[[145.0395,-37.904],[145.0393,-37.9051]]}},{"type":"Feature","id":"way/1474029760","properties":{},"geometry":{"type":"LineString","coordinates":[[145.0392,-37.9051],[145.0394,-37.904]]}},{"type":"Feature","id":"way/1474051206","properties":{},"geometry":{"type":"LineString","coordinates":[[144.9697,-37.8176],[144.9701,-37.8175]]}},{"type":"Feature","id":"way/1474578368","properties":{},"geometry":{"type":"LineString","coordinates":[[145.1232,-38.0783],[145.1237,-38.0805]]}},{"type":"Feature","id":"way/1474578369","properties":{},"geometry":{"type":"LineString","coordinates":[[145.1233,-38.0783],[145.1238,-38.0805]]}},{"type":"Feature","id":"way/1475143922","properties":{},"geometry":{"type":"LineString","coordinates":[[145.1258,-38.1436],[145.126,-38.1431]]}},{"type":"Feature","id":"way/1475189947","properties":{},"geometry":{"type":"LineString","coordinates":[[145.0449,-37.8791],[145.0452,-37.8794]]}},{"type":"Feature","id":"way/1475997248","properties":{},"geometry":{"type":"LineString","coordinates":[[145.2407,-38.0401],[145.2409,-38.0407]]}},{"type":"Feature","id":"way/1475997249","properties":{},"geometry":{"type":"LineString","coordinates":[[145.2311,-38.0187],[145.2327,-38.0221]]}},{"type":"Feature","id":"way/1475997251","properties":{},"geometry":{"type":"LineString","coordinates":[[145.2326,-38.0221],[145.231,-38.0187]]}},{"type":"Feature","id":"way/1477023051","properties":{},"geometry":{"type":"LineString","coordinates":[[144.9676,-37.8183],[144.9686,-37.818]]}},{"type":"Feature","id":"way/1477325984","properties":{},"geometry":{"type":"LineString","coordinates":[[144.9695,-37.8177],[144.9697,-37.8176]]}},{"type":"Feature","id":"way/1478725457","properties":{},"geometry":{"type":"LineString","coordinates":[[145.2058,-37.988],[145.2052,-37.9876]]}},{"type":"Feature","id":"way/1479474831","properties":{},"geometry":{"type":"LineString","coordinates":[[145.004,-37.8973],[145.004,-37.8973]]}},{"type":"Feature","id":"way/1479474832","properties":{},"geometry":{"type":"LineString","coordinates":[[145.0041,-37.8973],[145.0041,-37.8973]]}},{"type":"Feature","id":"way/1479474833","properties":{},"geometry":{"type":"LineString","coordinates":[[145.0043,-37.8957],[145.0043,-37.8957]]}},{"type":"Feature","id":"way/1479474834","properties":{},"geometry":{"type":"LineString","coordinates":[[145.0044,-37.8958],[145.0044,-37.8958]]}},{"type":"Feature","id":"way/1480401400","properties":{},"geometry":{"type":"LineString","coordinates":[[145.0781,-37.9947],[145.0793,-37.9956]]}},{"type":"Feature","id":"way/1480401401","properties":{},"geometry":{"type":"LineString","coordinates":[[145.0792,-37.9956],[145.0781,-37.9947]]}},{"type":"Feature","id":"way/1480464492","properties":{},"geometry":{"type":"LineString","coordinates":[[144.7753,-37.7026],[144.7745,-37.7016]]}},{"type":"Feature","id":"way/1480991235","properties":{},"geometry":{"type":"LineString","coordinates":[[144.9789,-37.8189],[144.9792,-37.8191]]}},{"type":"Feature","id":"way/1482071533","properties":{},"geometry":{"type":"LineString","coordinates":[[144.9502,-37.8158],[144.9499,-37.8155]]}},{"type":"Feature","id":"way/1482071534","properties":{},"geometry":{"type":"LineString","coordinates":[[144.9495,-37.815],[144.9481,-37.8135]]}},{"type":"Feature","id":"way/1482071539","properties":{},"geometry":{"type":"LineString","coordinates":[[144.6083,-37.8729],[144.6069,-37.8831]]}},{"type":"Feature","id":"way/1482071540","properties":{},"geometry":{"type":"LineString","coordinates":[[144.6069,-37.8831],[144.6083,-37.8729]]}},{"type":"Feature","id":"way/1483119555","properties":{},"geometry":{"type":"LineString","coordinates":[[144.8483,-37.7976],[144.8496,-37.7975]]}},{"type":"Feature","id":"way/1484485185","properties":{},"geometry":{"type":"LineString","coordinates":[[144.8496,-37.7975],[144.8479,-37.7973]]}},{"type":"Feature","id":"way/1484769583","properties":{},"geometry":{"type":"LineString","coordinates":[[145.0563,-37.969],[145.0565,-37.9694]]}},{"type":"Feature","id":"way/1484769584","properties":{},"geometry":{"type":"LineString","coordinates":[[145.0554,-37.968],[145.0532,-37.965]]}},{"type":"Feature","id":"way/1484769585","properties":{},"geometry":{"type":"LineString","coordinates":[[145.0565,-37.9694],[145.0554,-37.968]]}},{"type":"Feature","id":"way/1484769586","properties":{},"geometry":{"type":"LineString","coordinates":[[145.0554,-37.9678],[145.0563,-37.969]]}},{"type":"Feature","id":"way/1484769587","properties":{},"geometry":{"type":"LineString","coordinates":[[145.0551,-37.9675],[145.0554,-37.9679]]}},{"type":"Feature","id":"way/1484769588","properties":{},"geometry":{"type":"LineString","coordinates":[[145.0522,-37.9632],[145.0527,-37.9639]]}},{"type":"Feature","id":"way/1484769589","properties":{},"geometry":{"type":"LineString","coordinates":[[145.053,-37.9644],[145.0534,-37.965]]}},{"type":"Feature","id":"way/1484769590","properties":{},"geometry":{"type":"LineString","coordinates":[[145.0527,-37.9639],[145.0534,-37.965]]}},{"type":"Feature","id":"way/1484769591","properties":{},"geometry":{"type":"LineString","coordinates":[[145.0532,-37.965],[145.0521,-37.9632]]}},{"type":"Feature","id":"way/1484771474","properties":{},"geometry":{"type":"LineString","coordinates":[[144.9167,-37.7533],[144.9166,-37.7536]]}},{"type":"Feature","id":"way/1485554818","properties":{},"geometry":{"type":"LineString","coordinates":[[144.9462,-37.8118],[144.9475,-37.8129]]}},{"type":"Feature","id":"way/1485554819","properties":{},"geometry":{"type":"LineString","coordinates":[[144.9475,-37.813],[144.9461,-37.8118]]}},{"type":"Feature","id":"way/1485554820","properties":{},"geometry":{"type":"LineString","coordinates":[[144.9467,-37.8124],[144.946,-37.8118]]}},{"type":"Feature","id":"way/1485554821","properties":{},"geometry":{"type":"LineString","coordinates":[[144.9461,-37.8118],[144.9467,-37.8123]]}},{"type":"Feature","id":"way/1485605757","properties":{},"geometry":{"type":"LineString","coordinates":[[144.7676,-37.6927],[144.7724,-37.6988]]}},{"type":"Feature","id":"way/1488757164","properties":{},"geometry":{"type":"LineString","coordinates":[[144.8382,-37.794],[144.8391,-37.7945]]}},{"type":"Feature","id":"way/1488757165","properties":{},"geometry":{"type":"LineString","coordinates":[[144.8479,-37.7973],[144.8434,-37.7964],[144.8391,-37.7945]]}},{"type":"Feature","id":"way/1488757168","properties":{},"geometry":{"type":"LineString","coordinates":[[144.8517,-37.7976],[144.8508,-37.7976]]}},{"type":"Feature","id":"way/1489000338","properties":{},"geometry":{"type":"LineString","coordinates":[[144.847,-37.7972],[144.8479,-37.7973]]}},{"type":"Feature","id":"way/1490009913","properties":{},"geometry":{"type":"LineString","coordinates":[[145.2792,-37.7961],[145.2784,-37.7966]]}},{"type":"Feature","id":"way/1490009914","properties":{},"geometry":{"type":"LineString","coordinates":[[145.2784,-37.7965],[145.2792,-37.7961]]}},{"type":"Feature","id":"way/1490009915","properties":{},"geometry":{"type":"LineString","coordinates":[[145.2792,-37.796],[145.2816,-37.7946]]}},{"type":"Feature","id":"way/1490009916","properties":{},"geometry":{"type":"LineString","coordinates":[[145.2816,-37.7947],[145.2793,-37.796]]}},{"type":"Feature","id":"way/1490009917","properties":{},"geometry":{"type":"LineString","coordinates":[[145.2816,-37.7946],[145.2816,-37.7946]]}},{"type":"Feature","id":"way/1490009918","properties":{},"geometry":{"type":"LineString","coordinates":[[145.2816,-37.7947],[145.2816,-37.7947]]}},{"type":"Feature","id":"way/1490009919","properties":{},"geometry":{"type":"LineString","coordinates":[[145.2793,-37.796],[145.2792,-37.7961]]}},{"type":"Feature","id":"way/1490009920","properties":{},"geometry":{"type":"LineString","coordinates":[[145.2792,-37.7961],[145.2792,-37.796]]}},{"type":"Feature","id":"way/1490040489","properties":{},"geometry":{"type":"LineString","coordinates":[[145.3448,-37.7581],[145.3449,-37.758]]}},{"type":"Feature","id":"way/1490040490","properties":{},"geometry":{"type":"LineString","coordinates":[[145.345,-37.7581],[145.3449,-37.7581]]}},{"type":"Feature","id":"way/1490040491","properties":{},"geometry":{"type":"LineString","coordinates":[[145.3467,-37.7564],[145.3467,-37.7564]]}},{"type":"Feature","id":"way/1490040492","properties":{},"geometry":{"type":"LineString","coordinates":[[145.3466,-37.7564],[145.3466,-37.7563]]}},{"type":"Feature","id":"way/1490463600","properties":{},"geometry":{"type":"LineString","coordinates":[[144.8517,-37.7976],[144.8496,-37.7975]]}},{"type":"Feature","id":"way/1490901349","properties":{},"geometry":{"type":"LineString","coordinates":[[145.2137,-37.992],[145.2141,-37.9925]]}},{"type":"Feature","id":"way/1490901350","properties":{},"geometry":{"type":"LineString","coordinates":[[145.2134,-37.9918],[145.2137,-37.992]]}},{"type":"Feature","id":"way/1490901351","properties":{},"geometry":{"type":"LineString","coordinates":[[145.214,-37.9925],[145.2136,-37.992]]}},{"type":"Feature","id":"way/1490901352","properties":{},"geometry":{"type":"LineString","coordinates":[[145.2136,-37.992],[145.2134,-37.9918]]}},{"type":"Feature","id":"way/1490901353","properties":{},"geometry":{"type":"LineString","coordinates":[[145.214,-37.9925],[145.2135,-37.992]]}},{"type":"Feature","id":"way/1490901354","properties":{},"geometry":{"type":"LineString","coordinates":[[145.2135,-37.992],[145.2132,-37.9918]]}},{"type":"Feature","id":"way/1494032226","properties":{},"geometry":{"type":"LineString","coordinates":[[144.8661,-37.849],[144.8642,-37.8487]]}},{"type":"Feature","id":"way/1494032227","properties":{},"geometry":{"type":"LineString","coordinates":[[144.8661,-37.8491],[144.8642,-37.8488]]}},{"type":"Feature","id":"way/1494907553","properties":{},"geometry":{"type":"LineString","coordinates":[[144.9614,-37.7569],[144.9617,-37.755]]}},{"type":"Feature","id":"way/1494907554","properties":{},"geometry":{"type":"LineString","coordinates":[[144.9618,-37.755],[144.9615,-37.7569]]}},{"type":"Feature","id":"way/1494907555","properties":{},"geometry":{"type":"LineString","coordinates":[[144.962,-37.7532],[144.9618,-37.7549]]}},{"type":"Feature","id":"way/1494907556","properties":{},"geometry":{"type":"LineString","coordinates":[[144.9617,-37.7549],[144.9619,-37.7532]]}},{"type":"Feature","id":"way/1494907557","properties":{},"geometry":{"type":"LineString","coordinates":[[144.9617,-37.755],[144.9617,-37.7549]]}},{"type":"Feature","id":"way/1494907558","properties":{},"geometry":{"type":"LineString","coordinates":[[144.9618,-37.7549],[144.9618,-37.755]]}},{"type":"Feature","id":"way/1494907559","properties":{},"geometry":{"type":"LineString","coordinates":[[144.962,-37.7532],[144.962,-37.7532]]}},{"type":"Feature","id":"way/1494907560","properties":{},"geometry":{"type":"LineString","coordinates":[[144.9619,-37.7532],[144.9619,-37.7532]]}},{"type":"Feature","id":"way/1497838601","properties":{},"geometry":{"type":"LineString","coordinates":[[145.08,-37.825],[145.0815,-37.8243]]}},{"type":"Feature","id":"way/1497838602","properties":{},"geometry":{"type":"LineString","coordinates":[[145.0815,-37.8244],[145.08,-37.8251]]}},{"type":"Feature","id":"way/1497838603","properties":{},"geometry":{"type":"LineString","coordinates":[[145.0816,-37.8244],[145.08,-37.8251]]}},{"type":"Feature","id":"way/1497838604","properties":{},"geometry":{"type":"LineString","coordinates":[[145.0799,-37.8251],[145.08,-37.825]]}},{"type":"Feature","id":"way/1497838605","properties":{},"geometry":{"type":"LineString","coordinates":[[145.08,-37.8251],[145.0799,-37.8251]]}},{"type":"Feature","id":"way/1497838606","properties":{},"geometry":{"type":"LineString","coordinates":[[145.08,-37.8251],[145.0799,-37.8252]]}},{"type":"Feature","id":"way/1498426449","properties":{},"geometry":{"type":"LineString","coordinates":[[145.0841,-37.8977],[145.0835,-37.8975]]}},{"type":"Feature","id":"way/1499602476","properties":{},"geometry":{"type":"LineString","coordinates":[[144.8851,-37.8017],[144.8836,-37.8016]]}},{"type":"Feature","id":"way/1499797714","properties":{},"geometry":{"type":"LineString","coordinates":[[145.4724,-38.078],[145.4722,-38.078]]}},{"type":"Feature","id":"way/1499797715","properties":{},"geometry":{"type":"LineString","coordinates":[[145.4722,-38.0779],[145.4724,-38.0779]]}},{"type":"Feature","id":"way/1499797716","properties":{},"geometry":{"type":"LineString","coordinates":[[145.4942,-38.0821],[145.4939,-38.082]]}},{"type":"Feature","id":"way/1499797717","properties":{},"geometry":{"type":"LineString","coordinates":[[145.4939,-38.082],[145.4942,-38.082]]}},{"type":"Feature","id":"way/1499810745","properties":{},"geometry":{"type":"LineString","coordinates":[[144.8622,-37.7984],[144.8587,-37.7983],[144.8517,-37.7976]]}},{"type":"Feature","id":"way/1499810746","properties":{},"geometry":{"type":"LineString","coordinates":[[144.8623,-37.7984],[144.8622,-37.7984]]}},{"type":"Feature","id":"way/1499810747","properties":{},"geometry":{"type":"LineString","coordinates":[[144.8622,-37.7983],[144.8587,-37.7983],[144.8517,-37.7976]]}},{"type":"Feature","id":"way/1499810748","properties":{},"geometry":{"type":"LineString","coordinates":[[144.8623,-37.7983],[144.8622,-37.7983]]}},{"type":"Feature","id":"way/1502406199","properties":{},"geometry":{"type":"LineString","coordinates":[[145.0781,-37.9947],[145.0768,-37.9936]]}},{"type":"Feature","id":"way/1502406200","properties":{},"geometry":{"type":"LineString","coordinates":[[145.0768,-37.9936],[145.0767,-37.9935]]}},{"type":"Feature","id":"way/1502406201","properties":{},"geometry":{"type":"LineString","coordinates":[[145.0769,-37.9936],[145.0781,-37.9947]]}},{"type":"Feature","id":"way/1502406202","properties":{},"geometry":{"type":"LineString","coordinates":[[145.0769,-37.9935],[145.0769,-37.9936]]}},{"type":"Feature","id":"way/1502406203","properties":{},"geometry":{"type":"LineString","coordinates":[[145.0767,-37.9935],[145.0749,-37.992]]}},{"type":"Feature","id":"way/1502406204","properties":{},"geometry":{"type":"LineString","coordinates":[[145.075,-37.9919],[145.0769,-37.9935]]}},{"type":"Feature","id":"way/1502406205","properties":{},"geometry":{"type":"LineString","coordinates":[[145.0749,-37.992],[145.0749,-37.9919]]}},{"type":"Feature","id":"way/1502406206","properties":{},"geometry":{"type":"LineString","coordinates":[[145.075,-37.9919],[145.075,-37.9919]]}},{"type":"Feature","id":"way/1502733230","properties":{},"geometry":{"type":"LineString","coordinates":[[144.9924,-37.8389],[144.9927,-37.8372]]}},{"type":"Feature","id":"way/1504768813","properties":{},"geometry":{"type":"LineString","coordinates":[[144.9461,-37.8119],[144.946,-37.8118]]}},{"type":"Feature","id":"way/1504768814","properties":{},"geometry":{"type":"LineString","coordinates":[[144.9429,-37.8081],[144.943,-37.8082]]}},{"type":"Feature","id":"way/1504768815","properties":{},"geometry":{"type":"LineString","coordinates":[[144.9428,-37.8082],[144.9429,-37.8083]]}},{"type":"Feature","id":"way/1507370655","properties":{},"geometry":{"type":"LineString","coordinates":[[145.0369,-37.9335],[145.0365,-37.9365]]}},{"type":"Feature","id":"way/1507370656","properties":{},"geometry":{"type":"LineString","coordinates":[[145.037,-37.9332],[145.0369,-37.9335]]}},{"type":"Feature","id":"way/1507370657","properties":{},"geometry":{"type":"LineString","coordinates":[[145.0371,-37.9328],[145.0365,-37.9373]]}},{"type":"Feature","id":"way/1509657905","properties":{},"geometry":{"type":"LineString","coordinates":[[144.9357,-37.8022],[144.9356,-37.8021]]}},{"type":"Feature","id":"way/1509657906","properties":{},"geometry":{"type":"LineString","coordinates":[[144.9356,-37.8021],[144.9358,-37.8021]]}},{"type":"Feature","id":"way/1510143984","properties":{},"geometry":{"type":"LineString","coordinates":[[144.9328,-37.8021],[144.933,-37.8021]]}},{"type":"Feature","id":"way/1510467883","properties":{},"geometry":{"type":"LineString","coordinates":[[144.9605,-37.8001],[144.9543,-37.7996],[144.9389,-37.8017]]}},{"type":"Feature","id":"way/1510467884","properties":{},"geometry":{"type":"LineString","coordinates":[[144.9389,-37.8015],[144.9543,-37.7995],[144.9606,-37.7999]]}},{"type":"Feature","id":"way/1510467885","properties":{},"geometry":{"type":"LineString","coordinates":[[144.9663,-37.8152],[144.9637,-37.8095]]}},{"type":"Feature","id":"way/1510467886","properties":{},"geometry":{"type":"LineString","coordinates":[[144.9639,-37.8094],[144.9665,-37.8152]]}},{"type":"Feature","id":"way/1510467887","properties":{},"geometry":{"type":"LineString","coordinates":[[144.9665,-37.8152],[144.9681,-37.8186]]}},{"type":"Feature","id":"way/1510467888","properties":{},"geometry":{"type":"LineString","coordinates":[[144.9679,-37.8186],[144.9663,-37.8152]]}},{"type":"Feature","id":"way/1511165036","properties":{},"geometry":{"type":"LineString","coordinates":[[144.9681,-37.8186],[144.9704,-37.8214],[144.9715,-37.8245],[144.9717,-37.8259],[144.9712,-37.8307],[144.9721,-37.8324]]}},{"type":"Feature","id":"way/1511165037","properties":{},"geometry":{"type":"LineString","coordinates":[[144.9719,-37.8324],[144.9711,-37.8307],[144.9715,-37.8264],[144.9712,-37.8242],[144.9704,-37.8218],[144.9679,-37.8186]]}},{"type":"Feature","id":"way/1511165038","properties":{},"geometry":{"type":"LineString","coordinates":[[144.9741,-37.8342],[144.9752,-37.8354]]}},{"type":"Feature","id":"way/1511165039","properties":{},"geometry":{"type":"LineString","coordinates":[[144.975,-37.8354],[144.9739,-37.8343]]}},{"type":"Feature","id":"way/1511165040","properties":{},"geometry":{"type":"LineString","coordinates":[[144.9725,-37.8327],[144.9741,-37.8342]]}},{"type":"Feature","id":"way/1511165041","properties":{},"geometry":{"type":"LineString","coordinates":[[144.9739,-37.8343],[144.9723,-37.8328]]}},{"type":"Feature","id":"way/1511165042","properties":{},"geometry":{"type":"LineString","coordinates":[[144.9723,-37.8328],[144.9719,-37.8324]]}},{"type":"Feature","id":"way/1511165043","properties":{},"geometry":{"type":"LineString","coordinates":[[144.9721,-37.8324],[144.9725,-37.8327]]}},{"type":"Feature","id":"way/1511167568","properties":{},"geometry":{"type":"LineString","coordinates":[[144.9632,-37.8084],[144.9627,-37.8074]]}},{"type":"Feature","id":"way/1511167569","properties":{},"geometry":{"type":"LineString","coordinates":[[144.9629,-37.8074],[144.9639,-37.8093]]}},{"type":"Feature","id":"way/1511167570","properties":{},"geometry":{"type":"LineString","coordinates":[[144.9637,-37.8095],[144.9636,-37.8094]]}},{"type":"Feature","id":"way/1511167571","properties":{},"geometry":{"type":"LineString","coordinates":[[144.9639,-37.8093],[144.9639,-37.8094]]}},{"type":"Feature","id":"way/1511167572","properties":{},"geometry":{"type":"LineString","coordinates":[[144.9636,-37.8094],[144.9632,-37.8084]]}},{"type":"Feature","id":"way/1511167573","properties":{},"geometry":{"type":"LineString","coordinates":[[144.9627,-37.8074],[144.9626,-37.8071]]}},{"type":"Feature","id":"way/1511167574","properties":{},"geometry":{"type":"LineString","coordinates":[[144.9628,-37.8071],[144.9629,-37.8074]]}},{"type":"Feature","id":"way/1511167575","properties":{},"geometry":{"type":"LineString","coordinates":[[144.9626,-37.8071],[144.9625,-37.8068]]}},{"type":"Feature","id":"way/1511167576","properties":{},"geometry":{"type":"LineString","coordinates":[[144.9627,-37.8069],[144.9628,-37.8071]]}},{"type":"Feature","id":"way/1511167849","properties":{},"geometry":{"type":"LineString","coordinates":[[144.9606,-37.7999],[144.9629,-37.8006],[144.9636,-37.8013],[144.9641,-37.8023],[144.964,-37.8036],[144.9626,-37.8056],[144.9627,-37.8069]]}},{"type":"Feature","id":"way/1511167850","properties":{},"geometry":{"type":"LineString","coordinates":[[144.9625,-37.8068],[144.9625,-37.8054],[144.9638,-37.8034],[144.9637,-37.8021],[144.9627,-37.8008],[144.9605,-37.8001]]}},{"type":"Feature","id":"way/1511167949","properties":{},"geometry":{"type":"LineString","coordinates":[[144.925,-37.7993],[144.9304,-37.8002],[144.936,-37.8015],[144.9378,-37.8016]]}},{"type":"Feature","id":"way/1511167950","properties":{},"geometry":{"type":"LineString","coordinates":[[144.9378,-37.8018],[144.9349,-37.8017],[144.9292,-37.8001],[144.925,-37.7993]]}},{"type":"Feature","id":"way/1511167951","properties":{},"geometry":{"type":"LineString","coordinates":[[144.9378,-37.8016],[144.9389,-37.8015]]}},{"type":"Feature","id":"way/1511167952","properties":{},"geometry":{"type":"LineString","coordinates":[[144.9389,-37.8017],[144.9378,-37.8018]]}},{"type":"Feature","id":"way/1512312757","properties":{},"geometry":{"type":"LineString","coordinates":[[144.9415,-37.6085],[144.9357,-37.6373]]}},{"type":"Feature","id":"way/1512312758","properties":{},"geometry":{"type":"LineString","coordinates":[[144.9357,-37.6373],[144.9345,-37.643]]}}]}